image_path,ground_truth,gt_idx,pred_baseline_pth,confidence_baseline_pth,latency_ms_baseline_pth,margin_baseline_pth,probabilities_baseline_pth,pred_structured_pth,confidence_structured_pth,latency_ms_structured_pth,margin_structured_pth,probabilities_structured_pth,pred_baseline_onnx,confidence_baseline_onnx,latency_ms_baseline_onnx,margin_baseline_onnx,probabilities_baseline_onnx,pred_structured_onnx,confidence_structured_onnx,latency_ms_structured_onnx,margin_structured_onnx,probabilities_structured_onnx,pred_baseline_pte,confidence_baseline_pte,latency_ms_baseline_pte,margin_baseline_pte,probabilities_baseline_pte,pred_structured_pte,confidence_structured_pte,latency_ms_structured_pte,margin_structured_pte,probabilities_structured_pte
E:\RHNA\1Visual\NCKH\nckh2\products\fe\model\Dataset_Flood\low\다운로드 (54).jpg,low,0,low,0.6131587624549866,39.10650000034366,0.3904503583908081,"[0.6131587624549866, 0.0857996940612793, 0.07833311706781387, 0.22270840406417847]",non_flood,0.6276069283485413,20.648800000344636,0.31985506415367126,"[0.30775186419487, 0.03521329537034035, 0.02942788042128086, 0.6276069283485413]",low,0.6131573915481567,9.112099999583734,0.3904474675655365,"[0.6131573915481567, 0.08579949289560318, 0.07833322137594223, 0.22270992398262024]",non_flood,0.6276072263717651,15.087600000697421,0.31985485553741455,"[0.3077523708343506, 0.03521299362182617, 0.029427487403154373, 0.6276072263717651]",low,0.6131585836410522,8.901799999875948,0.39044997096061707,"[0.6131585836410522, 0.0857997015118599, 0.07833309471607208, 0.22270861268043518]",non_flood,0.6276028156280518,18.15309999983583,0.3198472857475281,"[0.3077555298805237, 0.03521333262324333, 0.02942834235727787, 0.6276028156280518]"
E:\RHNA\1Visual\NCKH\nckh2\products\fe\model\Dataset_Flood\low\화면 캡처 2025-03-05 162152.jpg,low,0,non_flood,0.7368931174278259,45.42559999936202,0.49172425270080566,"[0.24516887962818146, 0.010535205714404583, 0.007402768824249506, 0.7368931174278259]",low,0.8640885353088379,37.495500000659376,0.7474877834320068,"[0.8640885353088379, 0.013836461119353771, 0.005474214442074299, 0.11660075932741165]",non_flood,0.7368943095207214,17.744199999469856,0.4917265772819519,"[0.24516773223876953, 0.010535177774727345, 0.007402773480862379, 0.7368943095207214]",low,0.8640893697738647,30.524899999363697,0.7474892735481262,"[0.8640893697738647, 0.013836462050676346, 0.005474112927913666, 0.11660008877515793]",non_flood,0.7368934154510498,32.33300000010786,0.49172481894493103,"[0.24516859650611877, 0.010535204783082008, 0.007402803748846054, 0.7368934154510498]",low,0.8640875816345215,38.197899999431684,0.7474857568740845,"[0.8640875816345215, 0.013836393132805824, 0.0054742260836064816, 0.11660181730985641]"
E:\RHNA\1Visual\NCKH\nckh2\products\fe\model\Dataset_Flood\low\images (99).jpg,low,0,low,0.438313364982605,44.8326999994606,0.015568375587463379,"[0.438313364982605, 0.4227449893951416, 0.11140520870685577, 0.027536414563655853]",medium,0.5096515417098999,30.569800000193936,0.02760183811187744,"[0.48204970359802246, 0.5096515417098999, 0.005352983251214027, 0.0029457153286784887]",low,0.438313752412796,19.32479999959469,0.015569299459457397,"[0.438313752412796, 0.4227444529533386, 0.11140532791614532, 0.02753647044301033]",medium,0.5096541047096252,31.499300000177755,0.027606815099716187,"[0.48204728960990906, 0.5096541047096252, 0.005352984648197889, 0.0029456920456141233]",low,0.43831300735473633,38.78160000022035,0.015567749738693237,"[0.43831300735473633, 0.4227452576160431, 0.11140559613704681, 0.02753610350191593]",medium,0.5096544623374939,47.41899999953603,0.027607738971710205,"[0.4820467233657837, 0.5096544623374939, 0.005353116430342197, 0.002945690182968974]"
E:\RHNA\1Visual\NCKH\nckh2\products\fe\model\Dataset_Flood\low\images (38).jpg,low,0,medium,0.5172596573829651,33.473800000138,0.07808542251586914,"[0.43917423486709595, 0.5172596573829651, 0.015665316954255104, 0.027900684624910355]",low,0.630889356136322,26.967099999637867,0.26577994227409363,"[0.630889356136322, 0.3651094138622284, 0.0018422856228426099, 0.0021589379757642746]",medium,0.5172597765922546,18.871000000217464,0.07808557152748108,"[0.43917420506477356, 0.5172597765922546, 0.015665309503674507, 0.02790071815252304]",low,0.6308896541595459,30.40160000000469,0.26578056812286377,"[0.6308896541595459, 0.36510908603668213, 0.0018422998255118728, 0.0021589472889900208]",medium,0.5172593593597412,44.820899999649555,0.07808476686477661,"[0.4391745924949646, 0.5172593593597412, 0.015665333718061447, 0.027900753542780876]",low,0.6308882236480713,58.43110000023444,0.26577773690223694,"[0.6308882236480713, 0.36511048674583435, 0.0018422905122861266, 0.002158952411264181]"
E:\RHNA\1Visual\NCKH\nckh2\products\fe\model\Dataset_Flood\low\images (33).jpg,low,0,medium,0.5204829573631287,42.60380000050645,0.08464723825454712,"[0.43583571910858154, 0.5204829573631287, 0.012572057545185089, 0.031109286472201347]",low,0.5192157626152039,28.794700000617013,0.10607302188873291,"[0.5192157626152039, 0.41314274072647095, 0.05914750695228577, 0.008494012989103794]",medium,0.5204843878746033,12.913700000353856,0.08465033769607544,"[0.43583405017852783, 0.5204843878746033, 0.01257211621850729, 0.03110942430794239]",low,0.5192177891731262,22.43929999985994,0.10607632994651794,"[0.5192177891731262, 0.4131414592266083, 0.05914682149887085, 0.008493932895362377]",medium,0.5204838514328003,14.853700000458048,0.08464914560317993,"[0.43583470582962036, 0.5204838514328003, 0.01257207989692688, 0.031109385192394257]",low,0.5192127823829651,20.482699999774923,0.10606828331947327,"[0.5192127823829651, 0.4131444990634918, 0.05914865806698799, 0.008494077250361443]"
E:\RHNA\1Visual\NCKH\nckh2\products\fe\model\Dataset_Flood\low\다운로드 (15) 1.jpg,low,0,low,0.853419303894043,43.2464000004984,0.7641924619674683,"[0.853419303894043, 0.053135573863983154, 0.004218358546495438, 0.08922681957483292]",non_flood,0.681293785572052,36.892499999339634,0.4547196924686432,"[0.2265740931034088, 0.034668441861867905, 0.05746374651789665, 0.681293785572052]",low,0.8534190058708191,12.94770000004064,0.7641919255256653,"[0.8534190058708191, 0.053135477006435394, 0.004218356683850288, 0.0892270877957344]",non_flood,0.6812947392463684,20.857900000009977,0.4547218680381775,"[0.22657285630702972, 0.034668393433094025, 0.05746395140886307, 0.6812947392463684]",low,0.8534194827079773,30.40289999989909,0.7641929984092712,"[0.8534194827079773, 0.05313574895262718, 0.004218363668769598, 0.08922646939754486]",non_flood,0.6812946796417236,27.378499999940686,0.4547208547592163,"[0.22657383978366852, 0.03466791659593582, 0.05746353045105934, 0.6812946796417236]"
E:\RHNA\1Visual\NCKH\nckh2\products\fe\model\Dataset_Flood\low\화면 캡처 2025-03-05 165641.jpg,low,0,non_flood,0.5316304564476013,23.259200000211422,0.09295704960823059,"[0.4386734068393707, 0.02248796820640564, 0.007208118215203285, 0.5316304564476013]",low,0.7878875732421875,21.36400000017602,0.599143385887146,"[0.7878875732421875, 0.013931273482739925, 0.0094369538128376, 0.18874415755271912]",non_flood,0.5316320061683655,9.501100000306906,0.0929601788520813,"[0.4386718273162842, 0.02248801290988922, 0.007208146154880524, 0.5316320061683655]",low,0.7878888249397278,15.52449999962846,0.5991456508636475,"[0.7878888249397278, 0.01393118966370821, 0.00943684671074152, 0.18874315917491913]",non_flood,0.5316326022148132,21.257999999761523,0.0929613709449768,"[0.4386712312698364, 0.022488007321953773, 0.007208170369267464, 0.5316326022148132]",low,0.7878879308700562,19.15960000042105,0.5991440415382385,"[0.7878879308700562, 0.013931390829384327, 0.009436777792870998, 0.18874388933181763]"
E:\RHNA\1Visual\NCKH\nckh2\products\fe\model\Dataset_Flood\low\다운로드 (17).jpg,low,0,low,0.46238937973976135,28.295600000092236,0.1780671775341034,"[0.46238937973976135, 0.14829739928245544, 0.10499101132154465, 0.28432220220565796]",non_flood,0.5452925562858582,32.8776000005746,0.20396709442138672,"[0.34132546186447144, 0.09180615097284317, 0.021575845777988434, 0.5452925562858582]",low,0.46238917112350464,17.208400000527035,0.17806637287139893,"[0.46238917112350464, 0.14829722046852112, 0.10499082505702972, 0.2843227982521057]",non_flood,0.5452937483787537,22.221799999897485,0.20396825671195984,"[0.3413254916667938, 0.09180515259504318, 0.02157563716173172, 0.5452937483787537]",low,0.46238958835601807,20.796500000869855,0.17806744575500488,"[0.46238958835601807, 0.14829720556735992, 0.104991115629673, 0.2843221426010132]",non_flood,0.5452947020530701,35.83800000069459,0.20397135615348816,"[0.3413233458995819, 0.09180589765310287, 0.02157606929540634, 0.5452947020530701]"
E:\RHNA\1Visual\NCKH\nckh2\products\fe\model\Dataset_Flood\low\images.jpg,low,0,low,0.4765668511390686,44.23959999985527,0.008794188499450684,"[0.4765668511390686, 0.4677726626396179, 0.002586961258202791, 0.05307348445057869]",medium,0.6333118677139282,38.075199999184406,0.2892893850803375,"[0.3440224826335907, 0.6333118677139282, 8.007980068214238e-05, 0.022585494443774223]",low,0.47656676173210144,18.77630000035424,0.00879397988319397,"[0.47656676173210144, 0.46777278184890747, 0.0025869670789688826, 0.05307356268167496]",medium,0.6333132386207581,29.397199999948498,0.2892918288707733,"[0.34402140974998474, 0.6333132386207581, 8.00798152340576e-05, 0.022585300728678703]",low,0.47656697034835815,29.969299999720533,0.00879448652267456,"[0.47656697034835815, 0.4677724838256836, 0.002586969407275319, 0.05307367071509361]",medium,0.6333100199699402,21.39400000032765,0.2892856001853943,"[0.3440244197845459, 0.6333100199699402, 8.008170698303729e-05, 0.02258542738854885]"
E:\RHNA\1Visual\NCKH\nckh2\products\fe\model\Dataset_Flood\low\images - 2025-01-28T152051.161.jpg,low,0,medium,0.4844987094402313,31.105699999898206,0.18021026253700256,"[0.30428844690322876, 0.4844987094402313, 0.017514051869511604, 0.19369883835315704]",non_flood,0.44482019543647766,25.026400000569993,0.10428887605667114,"[0.18176421523094177, 0.3405313193798065, 0.03288418427109718, 0.44482019543647766]",medium,0.48449811339378357,12.883700000202225,0.18021070957183838,"[0.3042874038219452, 0.48449811339378357, 0.017514070495963097, 0.19370044767856598]",non_flood,0.44482019543647766,26.318600000195147,0.10428893566131592,"[0.18176443874835968, 0.34053125977516174, 0.03288406506180763, 0.44482019543647766]",medium,0.48449742794036865,36.291000000346685,0.18020948767662048,"[0.30428794026374817, 0.48449742794036865, 0.01751403696835041, 0.19370058178901672]",non_flood,0.44482162594795227,49.37370000061492,0.10429063439369202,"[0.1817629337310791, 0.34053099155426025, 0.032884370535612106, 0.44482162594795227]"
E:\RHNA\1Visual\NCKH\nckh2\products\fe\model\Dataset_Flood\low\flood_6194.jpg,low,0,medium,0.4199291467666626,37.32839999975113,0.01693829894065857,"[0.40299084782600403, 0.4199291467666626, 0.14349836111068726, 0.033581726253032684]",low,0.6155471801757812,37.69449999981589,0.321182519197464,"[0.6155471801757812, 0.29436466097831726, 0.07284888625144958, 0.017239384353160858]",medium,0.4199292063713074,17.659899999671325,0.01693865656852722,"[0.40299054980278015, 0.4199292063713074, 0.1434984803199768, 0.03358179330825806]",low,0.6155465245246887,25.57600000000093,0.32118144631385803,"[0.6155465245246887, 0.2943650782108307, 0.07284907251596451, 0.017239395529031754]",medium,0.41992953419685364,36.6543999998612,0.016939103603363037,"[0.4029904305934906, 0.41992953419685364, 0.14349839091300964, 0.03358159586787224]",low,0.615546464920044,46.85359999984939,0.32118287682533264,"[0.615546464920044, 0.2943635880947113, 0.07285071909427643, 0.017239199951291084]"
E:\RHNA\1Visual\NCKH\nckh2\products\fe\model\Dataset_Flood\low\images - 2025-01-28T164411.442.jpg,low,0,low,0.8116041421890259,45.43009999997594,0.6899882555007935,"[0.8116041421890259, 0.12161587923765182, 0.030496031045913696, 0.036283932626247406]",medium,0.47953733801841736,35.50389999963954,0.06919389963150024,"[0.4103434383869171, 0.47953733801841736, 0.0073256464675068855, 0.1027936041355133]",low,0.8116031885147095,18.357900000410154,0.6899866461753845,"[0.8116031885147095, 0.12161654233932495, 0.03049614652991295, 0.036284126341342926]",medium,0.47953376173973083,23.051899999700254,0.06918701529502869,"[0.41034674644470215, 0.47953376173973083, 0.007325612939894199, 0.10279383510351181]",low,0.8116050958633423,23.3289000007062,0.6899897456169128,"[0.8116050958633423, 0.12161536514759064, 0.030495867133140564, 0.0362837091088295]",medium,0.4795362949371338,51.36640000000625,0.06919124722480774,"[0.41034504771232605, 0.4795362949371338, 0.007325847167521715, 0.10279276967048645]"
E:\RHNA\1Visual\NCKH\nckh2\products\fe\model\Dataset_Flood\low\다운로드 (50).jpg,low,0,low,0.5460861325263977,32.712399999581976,0.2892247140407562,"[0.5460861325263977, 0.10296779125928879, 0.09408464282751083, 0.2568614184856415]",high,0.3603838086128235,23.704000000179803,0.03985714912414551,"[0.15064196288585663, 0.16844753921031952, 0.3603838086128235, 0.320526659488678]",low,0.546085774898529,9.582900000168593,0.28922387957572937,"[0.546085774898529, 0.1029677465558052, 0.09408467262983322, 0.2568618953227997]",high,0.36039063334465027,16.04399999996531,0.03986862301826477,"[0.15064015984535217, 0.16844718158245087, 0.36039063334465027, 0.3205220103263855]",low,0.546085774898529,28.64580000004935,0.2892244756221771,"[0.546085774898529, 0.10296797752380371, 0.09408488869667053, 0.25686129927635193]",high,0.3603987991809845,43.51470000074187,0.03988268971443176,"[0.15063853561878204, 0.1684466153383255, 0.3603987991809845, 0.32051610946655273]"
E:\RHNA\1Visual\NCKH\nckh2\products\fe\model\Dataset_Flood\medium\images - 2025-01-28T164558.649.jpg,medium,1,low,0.43394774198532104,32.346299999517214,0.14133480191230774,"[0.43394774198532104, 0.24520817399024963, 0.02823113463819027, 0.2926129400730133]",non_flood,0.39064469933509827,30.515100000229722,0.03503894805908203,"[0.35560575127601624, 0.24449029564857483, 0.009259316138923168, 0.39064469933509827]",low,0.43394792079925537,12.045699999362114,0.1413346529006958,"[0.43394792079925537, 0.24520783126354218, 0.028231047093868256, 0.29261326789855957]",non_flood,0.39064255356788635,18.351699999584525,0.03503456711769104,"[0.3556079864501953, 0.24449017643928528, 0.009259380400180817, 0.39064255356788635]",low,0.43394705653190613,21.240000000034343,0.14133355021476746,"[0.43394705653190613, 0.24520820379257202, 0.02823120355606079, 0.29261350631713867]",non_flood,0.3906458914279938,41.056099999877915,0.03504502773284912,"[0.35560086369514465, 0.24449387192726135, 0.009259436279535294, 0.3906458914279938]"
E:\RHNA\1Visual\NCKH\nckh2\products\fe\model\Dataset_Flood\medium\다운로드 (14) 1.jpg,medium,1,medium,0.5130659937858582,47.45080000066082,0.189213365316391,"[0.32385262846946716, 0.5130659937858582, 0.11170806735754013, 0.05137333273887634]",low,0.48933830857276917,74.02360000014596,0.15548497438430786,"[0.48933830857276917, 0.3338533341884613, 0.153014674782753, 0.02379372902214527]",medium,0.5130665302276611,15.371399999821733,0.1892145574092865,"[0.32385197281837463, 0.5130665302276611, 0.11170820146799088, 0.05137329176068306]",low,0.48934000730514526,19.906700000319688,0.1554868221282959,"[0.48934000730514526, 0.33385318517684937, 0.1530131995677948, 0.02379360795021057]",medium,0.5130662322044373,35.49930000008317,0.18921402096748352,"[0.32385221123695374, 0.5130662322044373, 0.1117081269621849, 0.0513734295964241]",low,0.48933789134025574,67.36480000017764,0.15548259019851685,"[0.48933789134025574, 0.3338553011417389, 0.15301257371902466, 0.023794248700141907]"
E:\RHNA\1Visual\NCKH\nckh2\products\fe\model\Dataset_Flood\medium\images (31).jpg,medium,1,medium,0.7274881601333618,34.66539999953966,0.5352669358253479,"[0.07699167728424072, 0.7274881601333618, 0.19222120940685272, 0.0032989445608109236]",high,0.5685509443283081,31.499300000177755,0.14243265986442566,"[0.00475495308637619, 0.42611828446388245, 0.5685509443283081, 0.0005758283077739179]",medium,0.7274879813194275,9.476899999754096,0.535266637802124,"[0.07699171453714371, 0.7274879813194275, 0.19222131371498108, 0.0032989531755447388]",high,0.5685501098632812,15.39509999929578,0.14243102073669434,"[0.004754966590553522, 0.4261190891265869, 0.5685501098632812, 0.0005758188781328499]",medium,0.727489173412323,16.260899999906542,0.5352687835693359,"[0.07699146866798401, 0.727489173412323, 0.19222041964530945, 0.003298921976238489]",high,0.5685574412345886,14.96560000032332,0.14244553446769714,"[0.004754859488457441, 0.4261119067668915, 0.5685574412345886, 0.0005758150946348906]"
E:\RHNA\1Visual\NCKH\nckh2\products\fe\model\Dataset_Flood\medium\38.jpg,medium,1,medium,0.6203587055206299,25.273199999901408,0.32980912923812866,"[0.08216140419244766, 0.6203587055206299, 0.2905495762825012, 0.006930372677743435]",high,0.4403010606765747,23.822500000278524,0.0025630593299865723,"[0.11428628116846085, 0.43773800134658813, 0.4403010606765747, 0.007674677763134241]",medium,0.6203584671020508,15.351300000475021,0.32980895042419434,"[0.0821615681052208, 0.6203584671020508, 0.29054951667785645, 0.006930442992597818]",high,0.4403012990951538,17.221099999915168,0.0025630295276641846,"[0.11428574472665787, 0.4377382695674896, 0.4403012990951538, 0.007674660068005323]",medium,0.6203579902648926,21.74620000005234,0.32980817556381226,"[0.08216182142496109, 0.6203579902648926, 0.2905498147010803, 0.006930410861968994]",high,0.4402978718280792,26.260000000547734,0.002558082342147827,"[0.11428758502006531, 0.4377397894859314, 0.4402978718280792, 0.007674720138311386]"
E:\RHNA\1Visual\NCKH\nckh2\products\fe\model\Dataset_Flood\medium\noise2.jpeg,medium,1,medium,0.723268985748291,30.922500000087894,0.48098093271255493,"[0.03126182034611702, 0.723268985748291, 0.24228806793689728, 0.0031812225934118032]",high,0.61067134141922,32.25970000039524,0.24087956547737122,"[0.003089927602559328, 0.36979177594184875, 0.61067134141922, 0.01644696667790413]",medium,0.7232688665390015,9.463700000196695,0.48098066449165344,"[0.03126182034611702, 0.7232688665390015, 0.24228820204734802, 0.003181220730766654]",high,0.61067134141922,21.38829999967129,0.2408795952796936,"[0.0030899331904947758, 0.36979174613952637, 0.61067134141922, 0.01644694060087204]",medium,0.7232688665390015,39.60269999970478,0.48098069429397583,"[0.03126177191734314, 0.7232688665390015, 0.24228817224502563, 0.003181211184710264]",high,0.6106730103492737,49.65650000031019,0.2408829629421234,"[0.003089890582486987, 0.36979004740715027, 0.6106730103492737, 0.01644703932106495]"
E:\RHNA\1Visual\NCKH\nckh2\products\fe\model\Dataset_Flood\medium\image_0166.jpg,medium,1,medium,0.5100123882293701,39.22270000020944,0.16393476724624634,"[0.3460776209831238, 0.5100123882293701, 0.1193290501832962, 0.024580873548984528]",low,0.49336111545562744,27.901599999495375,0.055101245641708374,"[0.49336111545562744, 0.43825986981391907, 0.04079091176390648, 0.02758808806538582]",medium,0.5100129842758179,10.810800000399468,0.1639362871646881,"[0.34607669711112976, 0.5100129842758179, 0.11932940781116486, 0.024580854922533035]",low,0.4933619201183319,20.32690000032744,0.05510261654853821,"[0.4933619201183319, 0.4382593035697937, 0.04079068824648857, 0.02758808247745037]",medium,0.5100138187408447,39.412199999787845,0.1639377474784851,"[0.3460760712623596, 0.5100138187408447, 0.11932937055826187, 0.024580776691436768]",low,0.4933573305606842,57.528999999703956,0.05509459972381592,"[0.4933573305606842, 0.4382627308368683, 0.04079132154583931, 0.027588587254285812]"
E:\RHNA\1Visual\NCKH\nckh2\products\fe\model\Dataset_Flood\medium\image_358.jpg,medium,1,medium,0.6823782920837402,40.508000000045286,0.410573273897171,"[0.2718050181865692, 0.6823782920837402, 0.04227205738425255, 0.003544550621882081]",low,0.506256639957428,30.0041999998939,0.15009817481040955,"[0.506256639957428, 0.35615846514701843, 0.10144990682601929, 0.03613506257534027]",medium,0.6823788285255432,9.63560000036523,0.4105743169784546,"[0.2718045115470886, 0.6823788285255432, 0.04227213189005852, 0.003544563427567482]",low,0.5062530040740967,17.6236000006611,0.150091290473938,"[0.5062530040740967, 0.3561617136001587, 0.10145021975040436, 0.036135148257017136]",medium,0.6823787093162537,30.792000000474218,0.41057369112968445,"[0.2718050181865692, 0.6823787093162537, 0.042271699756383896, 0.003544590203091502]",low,0.5062510371208191,49.83720000018366,0.15008407831192017,"[0.5062510371208191, 0.3561669588088989, 0.10144694894552231, 0.03613504022359848]"
E:\RHNA\1Visual\NCKH\nckh2\products\fe\model\Dataset_Flood\medium\images - 2025-01-28T152117.659.jpg,medium,1,low,0.4352298676967621,35.61749999971653,0.09737706184387207,"[0.4352298676967621, 0.33785280585289, 0.20700179040431976, 0.019915536046028137]",medium,0.8771359324455261,25.555100000019593,0.771817147731781,"[0.10531876236200333, 0.8771359324455261, 0.014675861224532127, 0.002869370160624385]",low,0.43522965908050537,12.324899999839545,0.09737655520439148,"[0.43522965908050537, 0.3378531038761139, 0.20700158178806305, 0.019915573298931122]",medium,0.8771361112594604,23.693099999945844,0.7718176245689392,"[0.10531850904226303, 0.8771361112594604, 0.01467597670853138, 0.0028693201020359993]",low,0.43522849678993225,31.030500000269967,0.09737539291381836,"[0.43522849678993225, 0.3378531038761139, 0.20700287818908691, 0.01991555653512478]",medium,0.8771371245384216,45.17409999971278,0.7718195915222168,"[0.10531752556562424, 0.8771371245384216, 0.01467601303011179, 0.002869317540898919]"
E:\RHNA\1Visual\NCKH\nckh2\products\fe\model\Dataset_Flood\medium\images (85).jpg,medium,1,medium,0.5781167149543762,53.28839999947377,0.30276909470558167,"[0.27534762024879456, 0.5781167149543762, 0.12742984294891357, 0.019105730578303337]",low,0.4889834523200989,44.92050000044401,0.0983121395111084,"[0.4889834523200989, 0.3906713128089905, 0.10647622495889664, 0.013869037851691246]",medium,0.5781165957450867,14.46589999977732,0.3027689754962921,"[0.27534762024879456, 0.5781165957450867, 0.12743009626865387, 0.019105741754174232]",low,0.48898470401763916,24.85270000033779,0.09831464290618896,"[0.48898470401763916, 0.3906700611114502, 0.10647629201412201, 0.013868912123143673]",medium,0.578117311000824,27.583600000070874,0.3027705252170563,"[0.2753467857837677, 0.578117311000824, 0.12743023037910461, 0.019105618819594383]",low,0.4889838695526123,52.71219999940513,0.09831348061561584,"[0.4889838695526123, 0.39067038893699646, 0.10647673159837723, 0.013869076035916805]"
E:\RHNA\1Visual\NCKH\nckh2\products\fe\model\Dataset_Flood\medium\images (26).jpg,medium,1,non_flood,0.7514512538909912,33.168400000249676,0.5897963047027588,"[0.16165491938591003, 0.08511968702077866, 0.0017741852207109332, 0.7514512538909912]",medium,0.5999569892883301,24.543799999264593,0.3911944329738617,"[0.08461584895849228, 0.5999569892883301, 0.10666466504335403, 0.20876255631446838]",non_flood,0.7514508366584778,10.248399999909452,0.5897956490516663,"[0.16165517270565033, 0.08511973917484283, 0.0017741868505254388, 0.7514508366584778]",medium,0.5999588370323181,18.92660000066826,0.39119747281074524,"[0.0846160501241684, 0.5999588370323181, 0.10666371136903763, 0.20876136422157288]",non_flood,0.751450777053833,13.517700000193145,0.5897955298423767,"[0.1616552621126175, 0.08511979132890701, 0.001774190692231059, 0.751450777053833]",medium,0.5999580025672913,15.00930000020162,0.39119547605514526,"[0.0846123993396759, 0.5999580025672913, 0.10666702687740326, 0.208762526512146]"
E:\RHNA\1Visual\NCKH\nckh2\products\fe\model\Dataset_Flood\medium\images - 2025-01-28T155421.285.jpg,medium,1,medium,0.5538396239280701,34.031299999696785,0.1707857847213745,"[0.38305383920669556, 0.5538396239280701, 0.055254604667425156, 0.00785183534026146]",low,0.9445655345916748,20.065400000021327,0.9008358120918274,"[0.9445655345916748, 0.043729718774557114, 0.0024333391338586807, 0.009271487593650818]",medium,0.5538394451141357,12.48699999996461,0.17078560590744019,"[0.38305383920669556, 0.5538394451141357, 0.055254820734262466, 0.007851874455809593]",low,0.9445649981498718,26.028299999779847,0.9008346199989319,"[0.9445649981498718, 0.043730370700359344, 0.0024333179462701082, 0.009271375834941864]",medium,0.553839385509491,16.098399999464164,0.1707853376865387,"[0.38305404782295227, 0.553839385509491, 0.05525466799736023, 0.007851868867874146]",low,0.944564700126648,30.91709999989689,0.9008340835571289,"[0.944564700126648, 0.04373059794306755, 0.002433390822261572, 0.009271360002458096]"
E:\RHNA\1Visual\NCKH\nckh2\products\fe\model\Dataset_Flood\medium\AA.34456276.1.jpg,medium,1,medium,0.47559648752212524,34.55020000001241,0.1867595911026001,"[0.10704462975263596, 0.47559648752212524, 0.28883689641952515, 0.12852194905281067]",high,0.8897413015365601,37.22169999946345,0.8312016725540161,"[0.0090447086840868, 0.04267435893416405, 0.8897413015365601, 0.058539651334285736]",medium,0.4755951464176178,18.021699999735574,0.18675711750984192,"[0.10704455524682999, 0.4755951464176178, 0.2888380289077759, 0.12852227687835693]",high,0.8897401690483093,30.94969999983732,0.8311992287635803,"[0.00904484000056982, 0.04267403855919838, 0.8897401690483093, 0.0585409440100193]",medium,0.47559666633605957,26.89710000049672,0.18675994873046875,"[0.10704481601715088, 0.47559666633605957, 0.2888367176055908, 0.12852182984352112]",high,0.8897403478622437,26.506700000027195,0.8311982750892639,"[0.009044725447893143, 0.04267285019159317, 0.8897403478622437, 0.058542054146528244]"
E:\RHNA\1Visual\NCKH\nckh2\products\fe\model\Dataset_Flood\high\images (22).jpg,high,2,low,0.3496856689453125,31.025299999782874,0.028727710247039795,"[0.3496856689453125, 0.20965410768985748, 0.3209579586982727, 0.11970221996307373]",high,0.5837341547012329,18.796099999235594,0.370156466960907,"[0.19729165732860565, 0.21357767283916473, 0.5837341547012329, 0.005396550055593252]",low,0.3496858477592468,10.02130000051693,0.028728187084197998,"[0.3496858477592468, 0.2096538543701172, 0.32095766067504883, 0.11970263719558716]",high,0.583733856678009,17.01980000052572,0.3701566159725189,"[0.197292298078537, 0.2135772407054901, 0.583733856678009, 0.005396550055593252]",low,0.3496849536895752,11.081499999818334,0.02872622013092041,"[0.3496849536895752, 0.2096540927886963, 0.3209587335586548, 0.11970210820436478]",high,0.5837357640266418,22.934999999961292,0.37016060948371887,"[0.19729258120059967, 0.21357515454292297, 0.5837357640266418, 0.005396538879722357]"
E:\RHNA\1Visual\NCKH\nckh2\products\fe\model\Dataset_Flood\high\a81349fcba3a042928236465e17d5847.jpg,high,2,medium,0.6420641541481018,33.892200000082084,0.3080812692642212,"[0.023260176181793213, 0.6420641541481018, 0.3339828848838806, 0.0006927754729986191]",high,0.8874114155769348,18.870099999730883,0.784923255443573,"[0.00369652989320457, 0.10248815268278122, 0.8874114155769348, 0.0064038438722491264]",medium,0.6420639157295227,9.068899999874702,0.308080792427063,"[0.023260168731212616, 0.6420639157295227, 0.3339831233024597, 0.0006927779177203774]",high,0.8874117136001587,15.036200000395183,0.7849236726760864,"[0.003696506842970848, 0.10248807072639465, 0.8874117136001587, 0.006403714418411255]",medium,0.6420646905899048,23.28010000019276,0.3080821931362152,"[0.023260043933987617, 0.6420646905899048, 0.3339824974536896, 0.0006927700596861541]",high,0.8874097466468811,22.78400000068359,0.784919798374176,"[0.0036965743638575077, 0.10248994082212448, 0.8874097466468811, 0.00640383455902338]"
E:\RHNA\1Visual\NCKH\nckh2\products\fe\model\Dataset_Flood\high\img25.jpg,high,2,medium,0.7412563562393188,26.570600000013656,0.508950412273407,"[0.025835882872343063, 0.7412563562393188, 0.23230595886707306, 0.0006017684354446828]",high,0.664929211139679,29.61539999978413,0.33116844296455383,"[0.0012066940544173121, 0.3337607681751251, 0.664929211139679, 0.00010330376244382933]",medium,0.7412559986114502,13.224100000115868,0.5089497566223145,"[0.0258359145373106, 0.7412559986114502, 0.23230627179145813, 0.0006017736159265041]",high,0.664927065372467,30.97619999971357,0.33116406202316284,"[0.0012066814815625548, 0.3337630033493042, 0.664927065372467, 0.00010330283839721233]",medium,0.7412557005882263,24.47039999970002,0.5089492201805115,"[0.02583598718047142, 0.7412557005882263, 0.23230649530887604, 0.0006017741397954524]",high,0.6649318933486938,23.89149999999063,0.33117371797561646,"[0.0012066769413650036, 0.3337581753730774, 0.6649318933486938, 0.00010330320219509304]"
E:\RHNA\1Visual\NCKH\nckh2\products\fe\model\Dataset_Flood\high\img48.webp,high,2,non_flood,0.40885457396507263,34.50410000004922,0.03670555353164673,"[0.06760361045598984, 0.15139277279376984, 0.3721490204334259, 0.40885457396507263]",high,0.9432072639465332,26.634899999407935,0.8974443674087524,"[0.00092713424237445, 0.04576290771365166, 0.9432072639465332, 0.01010266225785017]",non_flood,0.4088551104068756,14.158799999677285,0.03670632839202881,"[0.06760358810424805, 0.15139248967170715, 0.3721487820148468, 0.4088551104068756]",high,0.9432070255279541,16.956999999820255,0.897443950176239,"[0.0009271507733501494, 0.04576307162642479, 0.9432070255279541, 0.010102732107043266]",non_flood,0.40885674953460693,19.16559999972378,0.03670915961265564,"[0.06760347634553909, 0.15139217674732208, 0.3721475899219513, 0.40885674953460693]",high,0.9432083964347839,19.562800000130665,0.8974462747573853,"[0.0009271167800761759, 0.04576210305094719, 0.9432083964347839, 0.010102424770593643]"
E:\RHNA\1Visual\NCKH\nckh2\products\fe\model\Dataset_Flood\high\Flooded-Home-Car.jpg,high,2,medium,0.597099781036377,29.03409999998985,0.2568414509296417,"[0.05600002408027649, 0.597099781036377, 0.34025833010673523, 0.006641832645982504]",high,0.7747358083724976,33.97490000043035,0.5606513619422913,"[0.00990695133805275, 0.2140844464302063, 0.7747358083724976, 0.0012727797729894519]",medium,0.5971003770828247,12.979900000573252,0.25684261322021484,"[0.05600006505846977, 0.5971003770828247, 0.34025776386260986, 0.006641810759902]",high,0.7747352123260498,15.114599999833445,0.560650110244751,"[0.009906920604407787, 0.21408508718013763, 0.7747352123260498, 0.001272770343348384]",medium,0.5971006155014038,28.075600000192935,0.25684306025505066,"[0.05600003898143768, 0.5971006155014038, 0.34025755524635315, 0.006641825661063194]",high,0.774735689163208,62.27820000003703,0.5606508851051331,"[0.009906841441988945, 0.21408478915691376, 0.774735689163208, 0.0012727297144010663]"
E:\RHNA\1Visual\NCKH\nckh2\products\fe\model\Dataset_Flood\high\img.webp,high,2,medium,0.562434732913971,40.971499999614025,0.2955380380153656,"[0.16525419056415558, 0.562434732913971, 0.26689669489860535, 0.00541435182094574]",high,0.8158453106880188,35.8646000004228,0.7103039622306824,"[0.05435004457831383, 0.10554132610559464, 0.8158453106880188, 0.02426331490278244]",medium,0.5624350309371948,15.108999999938533,0.2955390512943268,"[0.165254607796669, 0.5624350309371948, 0.26689597964286804, 0.0054144118912518024]",high,0.8158432245254517,18.093300000145973,0.7103012204170227,"[0.05435127019882202, 0.10554201900959015, 0.8158432245254517, 0.0242634080350399]",medium,0.5624359250068665,48.35619999994378,0.29553931951522827,"[0.1652531772851944, 0.5624359250068665, 0.2668966054916382, 0.005414322018623352]",high,0.815848171710968,51.6524999993635,0.7103086709976196,"[0.05434950813651085, 0.10553953051567078, 0.815848171710968, 0.024262813851237297]"
E:\RHNA\1Visual\NCKH\nckh2\products\fe\model\Dataset_Flood\high\OIP (32).webp,high,2,high,0.4463285803794861,28.413699999873643,0.0967332124710083,"[0.20093123614788055, 0.3495953679084778, 0.4463285803794861, 0.00314484816044569]",low,0.6783665418624878,18.595399999867368,0.410014271736145,"[0.6783665418624878, 0.051286112517118454, 0.2683522701263428, 0.00199508061632514]",high,0.44632819294929504,9.358899999824644,0.09673306345939636,"[0.2009318768978119, 0.3495951294898987, 0.44632819294929504, 0.003144875168800354]",low,0.6783621907234192,15.154400000028545,0.4100058376789093,"[0.6783621907234192, 0.05128638446331024, 0.2683563530445099, 0.0019950754940509796]",high,0.44632866978645325,26.172300000325777,0.09673315286636353,"[0.20093098282814026, 0.3495955169200897, 0.44632866978645325, 0.0031448560766875744]",low,0.67836594581604,37.77009999976144,0.41001272201538086,"[0.67836594581604, 0.051285792142152786, 0.2683532238006592, 0.001995057100430131]"
E:\RHNA\1Visual\NCKH\nckh2\products\fe\model\Dataset_Flood\high\flood_177.jpg,high,2,high,0.7103769183158875,30.09939999992639,0.5065015554428101,"[0.07916895300149918, 0.203875333070755, 0.7103769183158875, 0.006578783970326185]",medium,0.6057274341583252,31.691099999989092,0.3125731647014618,"[0.2931542694568634, 0.6057274341583252, 0.10069762170314789, 0.00042060608393512666]",high,0.7103773951530457,17.180699999698845,0.5065024495124817,"[0.07916885614395142, 0.20387493073940277, 0.7103773951530457, 0.006578776054084301]",medium,0.6057274341583252,19.595799999478913,0.3125728964805603,"[0.2931545376777649, 0.6057274341583252, 0.10069733113050461, 0.000420604512328282]",high,0.7103771567344666,30.602099999669008,0.5065020322799683,"[0.07916892319917679, 0.2038751095533371, 0.7103771567344666, 0.00657876068726182]",medium,0.6057252287864685,31.644499999856635,0.31256967782974243,"[0.2931555509567261, 0.6057252287864685, 0.10069862753152847, 0.00042058972758241]"
E:\RHNA\1Visual\NCKH\nckh2\products\fe\model\Dataset_Flood\high\OIP (27).webp,high,2,medium,0.6339563727378845,32.886900000448804,0.34766048192977905,"[0.07584451138973236, 0.6339563727378845, 0.28629589080810547, 0.0039033270440995693]",high,0.7411717176437378,42.858899999373534,0.49862730503082275,"[0.016000909730792046, 0.24254441261291504, 0.7411717176437378, 0.0002830127195920795]",medium,0.633956253528595,19.4260000007489,0.34766000509262085,"[0.0758441686630249, 0.633956253528595, 0.2862962484359741, 0.003903326578438282]",high,0.7411700487136841,32.26950000043871,0.4986240267753601,"[0.0160009004175663, 0.24254600703716278, 0.7411700487136841, 0.0002830084122251719]",medium,0.6339566707611084,39.271499999813386,0.3476610481739044,"[0.07584439963102341, 0.6339566707611084, 0.286295622587204, 0.0039033254142850637]",high,0.7411686182022095,34.62479999961943,0.49862128496170044,"[0.016001010313630104, 0.24254734814167023, 0.7411686182022095, 0.0002830115263350308]"
E:\RHNA\1Visual\NCKH\nckh2\products\fe\model\Dataset_Flood\high\OIP (31).webp,high,2,medium,0.529761016368866,39.00640000028943,0.15543094277381897,"[0.0914013683795929, 0.529761016368866, 0.374330073595047, 0.004507479257881641]",high,0.6872216463088989,32.09040000001551,0.48795145750045776,"[0.06400297582149506, 0.19927020370960236, 0.6872216463088989, 0.04950524494051933]",medium,0.5297613739967346,9.997399999519985,0.15543100237846375,"[0.09140085428953171, 0.5297613739967346, 0.3743303716182709, 0.004507454577833414]",high,0.6872208118438721,16.520900000614347,0.48794975876808167,"[0.06400316953659058, 0.1992710530757904, 0.6872208118438721, 0.049504995346069336]",medium,0.529761791229248,28.58509999987291,0.15543270111083984,"[0.09140170365571976, 0.529761791229248, 0.3743290901184082, 0.004507494159042835]",high,0.6872240900993347,32.32709999974759,0.487951397895813,"[0.06400032341480255, 0.19927267730236053, 0.6872240900993347, 0.04950283095240593]"
E:\RHNA\1Visual\NCKH\nckh2\products\fe\model\Dataset_Flood\high\OIP (40).webp,high,2,low,0.49102982878685,35.897799999474955,0.28223419189453125,"[0.49102982878685, 0.20879562199115753, 0.18243315815925598, 0.11774139106273651]",high,0.38138285279273987,26.001600000199687,0.014556735754013062,"[0.19622477889060974, 0.3668261170387268, 0.38138285279273987, 0.05556625872850418]",low,0.4910290241241455,16.653900000164867,0.2822328209877014,"[0.4910290241241455, 0.2087962031364441, 0.18243378400802612, 0.11774105578660965]",high,0.38138121366500854,22.494900000310736,0.014555782079696655,"[0.1962265968322754, 0.3668254315853119, 0.38138121366500854, 0.055566687136888504]",low,0.4910293519496918,24.16969999922003,0.2822333872318268,"[0.4910293519496918, 0.208795964717865, 0.18243369460105896, 0.11774104833602905]",high,0.38138246536254883,52.460400000200025,0.014555484056472778,"[0.19622480869293213, 0.36682698130607605, 0.38138246536254883, 0.055565785616636276]"
E:\RHNA\1Visual\NCKH\nckh2\products\fe\model\Dataset_Flood\high\OIP (39).webp,high,2,low,0.4402039349079132,45.83619999993971,0.17060917615890503,"[0.4402039349079132, 0.10359140485525131, 0.2695947587490082, 0.1866099089384079]",high,0.40080901980400085,22.812600000179373,0.11666446924209595,"[0.2841445505619049, 0.22157950699329376, 0.40080901980400085, 0.09346700459718704]",low,0.4402034282684326,14.760000000023865,0.1706085503101349,"[0.4402034282684326, 0.10359112918376923, 0.26959487795829773, 0.1866106241941452]",high,0.40081143379211426,31.829800000195974,0.11666858196258545,"[0.2841428518295288, 0.22157859802246094, 0.40081143379211426, 0.09346719086170197]",low,0.4402041733264923,55.29649999971298,0.17060977220535278,"[0.4402041733264923, 0.10359115898609161, 0.2695944011211395, 0.18661032617092133]",high,0.400812029838562,80.7862000001478,0.11666703224182129,"[0.2841449975967407, 0.22157695889472961, 0.400812029838562, 0.09346602857112885]"
E:\RHNA\1Visual\NCKH\nckh2\products\fe\model\Dataset_Flood\high\image_043.jpg,high,2,medium,0.4737975299358368,30.361300000549818,0.037271469831466675,"[0.08479463309049606, 0.4737975299358368, 0.4365260601043701, 0.0048817964270710945]",high,0.47231972217559814,35.144100000252365,0.04266476631164551,"[0.09206058084964752, 0.42965495586395264, 0.47231972217559814, 0.005964735988527536]",medium,0.4737977385520935,14.919400000508176,0.037271738052368164,"[0.08479435741901398, 0.4737977385520935, 0.43652600049972534, 0.004881798289716244]",high,0.47232332825660706,16.216899999562884,0.042671531438827515,"[0.0920601636171341, 0.42965179681777954, 0.47232332825660706, 0.005964633543044329]",medium,0.47379881143569946,9.287799999583513,0.03727442026138306,"[0.08479494601488113, 0.47379881143569946, 0.4365243911743164, 0.00488180061802268]",high,0.47233694791793823,14.563499999894702,0.04269799590110779,"[0.09205932915210724, 0.42963895201683044, 0.47233694791793823, 0.0059647937305271626]"
E:\RHNA\1Visual\NCKH\nckh2\products\fe\model\Dataset_Flood\high\images (6).jpg,high,2,medium,0.4967042803764343,36.300499999924796,0.22561359405517578,"[0.21006815135478973, 0.4967042803764343, 0.27109068632125854, 0.022136814892292023]",high,0.5233074426651001,22.86129999993136,0.26941826939582825,"[0.21800915896892548, 0.25388917326927185, 0.5233074426651001, 0.004794291220605373]",medium,0.4967039227485657,8.801099999800499,0.22561365365982056,"[0.21006882190704346, 0.4967039227485657, 0.2710902690887451, 0.022137057036161423]",high,0.5233062505722046,15.096099999936996,0.2694164216518402,"[0.21800962090492249, 0.2538898289203644, 0.5233062505722046, 0.004794227425009012]",medium,0.4967038035392761,20.287399999688205,0.22561275959014893,"[0.2100682556629181, 0.4967038035392761, 0.2710910439491272, 0.022136835381388664]",high,0.5233194231987,21.638899999743444,0.2694352865219116,"[0.21800221502780914, 0.25388413667678833, 0.5233194231987, 0.0047942036762833595]"
E:\RHNA\1Visual\NCKH\nckh2\products\fe\model\Dataset_Flood\high\images (5).jpg,high,2,medium,0.4761292636394501,31.68679999998858,0.16783708333969116,"[0.20054370164871216, 0.4761292636394501, 0.3082921802997589, 0.01503487303853035]",low,0.5116022825241089,33.855900000162364,0.26517176628112793,"[0.5116022825241089, 0.24097894132137299, 0.24643053114414215, 0.0009883285965770483]",medium,0.47612908482551575,16.173500000149943,0.16783657670021057,"[0.2005433887243271, 0.47612908482551575, 0.3082925081253052, 0.015034953132271767]",low,0.5116060972213745,38.79460000007384,0.2651776075363159,"[0.5116060972213745, 0.24097703397274017, 0.2464284747838974, 0.0009883373277261853]",medium,0.47612953186035156,61.49719999939407,0.16783687472343445,"[0.20054300129413605, 0.47612953186035156, 0.3082926571369171, 0.015034846030175686]",low,0.5115982294082642,33.160299999508425,0.2651626169681549,"[0.5115982294082642, 0.24097779393196106, 0.24643561244010925, 0.000988325453363359]"
E:\RHNA\1Visual\NCKH\nckh2\products\fe\model\Dataset_Flood\non_flood\화면 캡처 2025-03-05 155955.jpg,non_flood,3,low,0.8654224276542664,46.286099999633734,0.7748795747756958,"[0.8654224276542664, 0.03908240422606468, 0.004952298942953348, 0.09054285287857056]",non_flood,0.5423435568809509,19.892399999662302,0.11278802156448364,"[0.4295555353164673, 0.02264893241226673, 0.00545201450586319, 0.5423435568809509]",low,0.8654220104217529,13.220499999988533,0.7748786211013794,"[0.8654220104217529, 0.03908231109380722, 0.004952311050146818, 0.09054336696863174]",non_flood,0.542341947555542,19.092800000180432,0.11278495192527771,"[0.4295569956302643, 0.022649010643363, 0.005451971665024757, 0.542341947555542]",low,0.8654223680496216,25.833699999566306,0.7748796939849854,"[0.8654223680496216, 0.039082739502191544, 0.004952338989824057, 0.09054266661405563]",non_flood,0.5423460006713867,66.81530000059865,0.11279216408729553,"[0.4295538365840912, 0.02264818735420704, 0.00545200239866972, 0.5423460006713867]"
E:\RHNA\1Visual\NCKH\nckh2\products\fe\model\Dataset_Flood\non_flood\images (59).jpg,non_flood,3,non_flood,0.8936066031455994,40.07670000009966,0.8210850358009338,"[0.07252157479524612, 0.032558053731918335, 0.0013137933565303683, 0.8936066031455994]",low,0.44408929347991943,19.632499999715947,0.05761086940765381,"[0.44408929347991943, 0.07882677763700485, 0.09060541540384293, 0.3864784240722656]",non_flood,0.8936066031455994,11.783199999626959,0.8210850358009338,"[0.07252155244350433, 0.03255804628133774, 0.0013137927744537592, 0.8936066031455994]",low,0.4440811574459076,17.41330000004382,0.05760440230369568,"[0.4440811574459076, 0.07882867753505707, 0.09061337262392044, 0.3864767551422119]",non_flood,0.8936063647270203,21.834299999682116,0.8210846781730652,"[0.07252169400453568, 0.03255808725953102, 0.0013137849746271968, 0.8936063647270203]",low,0.4440849721431732,37.3898999996527,0.0576113760471344,"[0.4440849721431732, 0.07882779091596603, 0.09061360359191895, 0.3864735960960388]"
E:\RHNA\1Visual\NCKH\nckh2\products\fe\model\Dataset_Flood\non_flood\화면 캡처 2025-03-05 164114.jpg,non_flood,3,low,0.8017266392707825,50.77900000014779,0.6482700705528259,"[0.8017266392707825, 0.04009367898106575, 0.004723177757114172, 0.15345656871795654]",non_flood,0.4991540312767029,34.663600000385486,0.04254463315010071,"[0.4566093981266022, 0.02333218976855278, 0.02090435102581978, 0.4991540312767029]",low,0.801724910736084,10.279699999955483,0.6482667922973633,"[0.801724910736084, 0.04009373486042023, 0.004723196383565664, 0.1534581482410431]",non_flood,0.4991535544395447,15.978399999767134,0.04254382848739624,"[0.45660972595214844, 0.023332133889198303, 0.020904619246721268, 0.4991535544395447]",low,0.8017256855964661,35.724999999729334,0.6482681035995483,"[0.8017256855964661, 0.04009364917874336, 0.004723172634840012, 0.15345759689807892]",non_flood,0.49915724992752075,72.29989999996178,0.042550474405288696,"[0.45660677552223206, 0.023331787437200546, 0.02090420387685299, 0.49915724992752075]"
E:\RHNA\1Visual\NCKH\nckh2\products\fe\model\Dataset_Flood\non_flood\화면 캡처 2025-03-05 175812.jpg,non_flood,3,non_flood,0.9570410251617432,54.45659999986674,0.9169677495956421,"[0.040073297917842865, 0.002137808594852686, 0.0007479378837160766, 0.9570410251617432]",low,0.558688759803772,46.93760000009206,0.12313178181648254,"[0.558688759803772, 0.003843526355922222, 0.0019107243278995156, 0.43555697798728943]",non_flood,0.9570407867431641,19.881700000041747,0.9169673323631287,"[0.0400734581053257, 0.0021378244273364544, 0.0007479398627765477, 0.9570407867431641]",low,0.5586899518966675,28.45580000030168,0.12313410639762878,"[0.5586899518966675, 0.0038434979505836964, 0.0019106811378151178, 0.4355558454990387]",non_flood,0.9570404887199402,37.02259999954549,0.9169666767120361,"[0.040073785930871964, 0.002137836767360568, 0.0007479463238269091, 0.9570404887199402]",low,0.5586847066879272,46.15430000012566,0.12312331795692444,"[0.5586847066879272, 0.0038433552253991365, 0.0019106565741822124, 0.4355613887310028]"
E:\RHNA\1Visual\NCKH\nckh2\products\fe\model\Dataset_Flood\non_flood\heavy+rain+and+flooding+safety.jpg,non_flood,3,low,0.5661348104476929,29.66440000000148,0.30591118335723877,"[0.5661348104476929, 0.2602236270904541, 0.11365345120429993, 0.059988122433423996]",non_flood,0.6351866722106934,27.77180000066437,0.4676973223686218,"[0.16748933494091034, 0.16324742138385773, 0.034076541662216187, 0.6351866722106934]",low,0.5661334991455078,15.87790000030509,0.30590909719467163,"[0.5661334991455078, 0.2602244019508362, 0.11365396529436111, 0.05998824164271355]",non_flood,0.6351853013038635,26.867099999435595,0.46769365668296814,"[0.16749164462089539, 0.1632465422153473, 0.034076590090990067, 0.6351853013038635]",low,0.5661340355873108,24.028299999372393,0.30590978264808655,"[0.5661340355873108, 0.26022425293922424, 0.11365366727113724, 0.05998806282877922]",non_flood,0.6351895928382874,22.378000000571774,0.46770572662353516,"[0.167483851313591, 0.16324931383132935, 0.03407720848917961, 0.6351895928382874]"
E:\RHNA\1Visual\NCKH\nckh2\products\fe\model\Dataset_Flood\non_flood\images (41).jpg,non_flood,3,non_flood,0.6210681796073914,22.075399999266665,0.36095675826072693,"[0.26011142134666443, 0.06980771571397781, 0.049012649804353714, 0.6210681796073914]",low,0.6766080260276794,23.59879999949044,0.4803559482097626,"[0.6766080260276794, 0.10453009605407715, 0.022609705105423927, 0.19625207781791687]",non_flood,0.6210681796073914,9.543099999973492,0.3609567880630493,"[0.26011139154434204, 0.06980771571397781, 0.04901270940899849, 0.6210681796073914]",low,0.6766075491905212,24.340000000847795,0.48035523295402527,"[0.6766075491905212, 0.10453014820814133, 0.022609975188970566, 0.19625231623649597]",non_flood,0.621067464351654,32.40329999971436,0.36095601320266724,"[0.2601114511489868, 0.06980811059474945, 0.04901299253106117, 0.621067464351654]",low,0.6766109466552734,42.29669999949692,0.48036110401153564,"[0.6766109466552734, 0.10452926903963089, 0.022609887644648552, 0.1962498426437378]"
E:\RHNA\1Visual\NCKH\nckh2\products\fe\model\Dataset_Flood\non_flood\images (3)1.jpg,non_flood,3,non_flood,0.632008969783783,30.532700000549085,0.30748337507247925,"[0.3245255947113037, 0.03173249959945679, 0.011733031831681728, 0.632008969783783]",low,0.5758825540542603,38.003800000296906,0.30891159176826477,"[0.5758825540542603, 0.09838476777076721, 0.058761756867170334, 0.2669709622859955]",non_flood,0.6320095062255859,18.70729999973264,0.3074844181537628,"[0.3245250880718231, 0.031732384115457535, 0.011732962913811207, 0.6320095062255859]",low,0.5758872628211975,28.785900000002584,0.30892086029052734,"[0.5758872628211975, 0.098384328186512, 0.05876192823052406, 0.26696640253067017]",non_flood,0.6320096850395203,15.650900000764523,0.30748486518859863,"[0.32452481985092163, 0.03173248469829559, 0.011732988059520721, 0.6320096850395203]",low,0.5758780837059021,18.06979999946634,0.3089022934436798,"[0.5758780837059021, 0.09838292002677917, 0.05876318737864494, 0.2669757902622223]"
