method,ari_mean,ari_std,nmi_mean,pair_f1_mean,mean_diameter_km,max_diameter_km,noise_absorbed_pct,runtime_seconds,ari_ci95
additive_cij_louvain,0.9190636765304436,0.06351413988704285,0.9747993156033837,0.9247160489971332,0.3415037479146511,0.5508184443741883,0.0,0.04201674097499506,0.01968323587562129
convex_cij_louvain,0.9134686463484213,0.061848124022996595,0.9726814356089333,0.9195243286105608,0.35467097643075374,0.5726802990959946,0.0,0.04239253522500093,0.01916693221028205
coordinate_kmeans,0.8176380302773074,0.06545599412046527,0.9180843412863229,0.8291667323444024,0.2972131826630245,0.41674586769643784,0.0,0.034887772050001334,0.020285022737263486
dbscan_all,0.4740699210904853,0.15196501774743887,0.7544479625678634,0.5195656210368819,0.9340030955115376,3.707721003384652,1.6666666666666667,0.0050310947250068235,0.04709444691348208
hdbscan_all,0.5204658989812547,0.2027576443909889,0.7816205307479838,0.5631868956436514,1.2526937062342665,4.875548310517299,2.5,0.008383292750002625,0.06283524499002689
product_cij_leiden,0.9164882806585426,0.06116570302517355,0.9735533708008891,0.9222936536205099,0.354663350348995,0.5677846627883278,0.0,0.029274565475000715,0.018955447752009975
product_cij_louvain,0.9072205230334893,0.06601948117756182,0.9718361471534246,0.9137748309909947,0.3585031953715021,0.5875576100061912,0.0,0.04569212075000166,0.02045964918544363
spatial_agglomerative,0.6234892253883442,0.08694186718833016,0.8202773873648802,0.650590709524558,4.164803574652424,18.767617697000873,11.666666666666668,0.06335930932499992,0.0269435637856123
st_dbscan,0.49781293337085913,0.12593402119638128,0.8274636340550685,0.5450309919854096,0.624410044244348,1.5652768296268689,0.8333333333333334,0.004453775050002662,0.03902735750467979
