parameter,level,config_id,tested_value,mean_ndcg_at_5,std_ndcg_at_5,median_ndcg_at_5,ci95_low,ci95_high,paired_delta_from_baseline,paired_delta_ci95_low,paired_delta_ci95_high,n_test_seeds,generator_version,candidate_bundle_sha256,source_commit,package_versions,metric_range_min,metric_range_max,metric_range_span,stable_under_0_01
b0,reference,baseline,-0.2,0.666889741,0.1174312792,0.6626228609,0.6305735858,0.7018339735,0,0,0,40,4.1.0,a7c7a3f7ea63e57f1d98bd42f21c02aa04a69eaa37c824584a2be65f00f2d7e1,a6be3e988dad1aa442c8c8e158c2bba96b2b7fb9,"{""numpy"": ""2.0.2"", ""pandas"": ""2.2.2"", ""python-louvain"": ""0.16"", ""scikit-learn"": ""1.6.1"", ""scipy"": ""1.16.3""}",0.6653412746,0.6672056001,0.001864325432,True
b0,low,b0_low,-0.24,0.6672056001,0.1174576556,0.6626228609,0.6310095958,0.7021901143,0.0003158590356,0,0.0009475771069,40,4.1.0,a7c7a3f7ea63e57f1d98bd42f21c02aa04a69eaa37c824584a2be65f00f2d7e1,a6be3e988dad1aa442c8c8e158c2bba96b2b7fb9,"{""numpy"": ""2.0.2"", ""pandas"": ""2.2.2"", ""python-louvain"": ""0.16"", ""scikit-learn"": ""1.6.1"", ""scipy"": ""1.16.3""}",0.6653412746,0.6672056001,0.001864325432,True
b0,high,b0_high,-0.16,0.6653412746,0.1174312371,0.6564130116,0.6290857373,0.7003605075,-0.001548466397,-0.00464539919,0,40,4.1.0,a7c7a3f7ea63e57f1d98bd42f21c02aa04a69eaa37c824584a2be65f00f2d7e1,a6be3e988dad1aa442c8c8e158c2bba96b2b7fb9,"{""numpy"": ""2.0.2"", ""pandas"": ""2.2.2"", ""python-louvain"": ""0.16"", ""scikit-learn"": ""1.6.1"", ""scipy"": ""1.16.3""}",0.6653412746,0.6672056001,0.001864325432,True
b1,reference,baseline,1.4,0.666889741,0.1174312792,0.6626228609,0.6305735858,0.7018339735,0,0,0,40,4.1.0,a7c7a3f7ea63e57f1d98bd42f21c02aa04a69eaa37c824584a2be65f00f2d7e1,a6be3e988dad1aa442c8c8e158c2bba96b2b7fb9,"{""numpy"": ""2.0.2"", ""pandas"": ""2.2.2"", ""python-louvain"": ""0.16"", ""scikit-learn"": ""1.6.1"", ""scipy"": ""1.16.3""}",0.666889741,0.6687435609,0.001853819917,True
b1,low,b1_low,1.12,0.6683574698,0.1156722818,0.655395717,0.6332868884,0.7026851246,0.001467728747,-0.003529334529,0.00715805878,40,4.1.0,a7c7a3f7ea63e57f1d98bd42f21c02aa04a69eaa37c824584a2be65f00f2d7e1,a6be3e988dad1aa442c8c8e158c2bba96b2b7fb9,"{""numpy"": ""2.0.2"", ""pandas"": ""2.2.2"", ""python-louvain"": ""0.16"", ""scikit-learn"": ""1.6.1"", ""scipy"": ""1.16.3""}",0.666889741,0.6687435609,0.001853819917,True
b1,high,b1_high,1.68,0.6687435609,0.1125723794,0.6553879289,0.6342618254,0.7024494123,0.001853819917,-0.004044412536,0.008974631686,40,4.1.0,a7c7a3f7ea63e57f1d98bd42f21c02aa04a69eaa37c824584a2be65f00f2d7e1,a6be3e988dad1aa442c8c8e158c2bba96b2b7fb9,"{""numpy"": ""2.0.2"", ""pandas"": ""2.2.2"", ""python-louvain"": ""0.16"", ""scikit-learn"": ""1.6.1"", ""scipy"": ""1.16.3""}",0.666889741,0.6687435609,0.001853819917,True
b2,reference,baseline,0.9,0.666889741,0.1174312792,0.6626228609,0.6305735858,0.7018339735,0,0,0,40,4.1.0,a7c7a3f7ea63e57f1d98bd42f21c02aa04a69eaa37c824584a2be65f00f2d7e1,a6be3e988dad1aa442c8c8e158c2bba96b2b7fb9,"{""numpy"": ""2.0.2"", ""pandas"": ""2.2.2"", ""python-louvain"": ""0.16"", ""scikit-learn"": ""1.6.1"", ""scipy"": ""1.16.3""}",0.6666913392,0.6679335853,0.001242246094,True
b2,low,b2_low,0.72,0.6666913392,0.1178596726,0.6626228609,0.6304813537,0.701726908,-0.0001984018299,-0.001503177026,0.001156881274,40,4.1.0,a7c7a3f7ea63e57f1d98bd42f21c02aa04a69eaa37c824584a2be65f00f2d7e1,a6be3e988dad1aa442c8c8e158c2bba96b2b7fb9,"{""numpy"": ""2.0.2"", ""pandas"": ""2.2.2"", ""python-louvain"": ""0.16"", ""scikit-learn"": ""1.6.1"", ""scipy"": ""1.16.3""}",0.6666913392,0.6679335853,0.001242246094,True
b2,high,b2_high,1.08,0.6679335853,0.1173679078,0.6708371115,0.6316383623,0.7028279755,0.001043844264,-0.0007333000814,0.003493215854,40,4.1.0,a7c7a3f7ea63e57f1d98bd42f21c02aa04a69eaa37c824584a2be65f00f2d7e1,a6be3e988dad1aa442c8c8e158c2bba96b2b7fb9,"{""numpy"": ""2.0.2"", ""pandas"": ""2.2.2"", ""python-louvain"": ""0.16"", ""scikit-learn"": ""1.6.1"", ""scipy"": ""1.16.3""}",0.6666913392,0.6679335853,0.001242246094,True
omega_e,reference,baseline,0.34,0.666889741,0.1174312792,0.6626228609,0.6305735858,0.7018339735,0,0,0,40,4.1.0,a7c7a3f7ea63e57f1d98bd42f21c02aa04a69eaa37c824584a2be65f00f2d7e1,a6be3e988dad1aa442c8c8e158c2bba96b2b7fb9,"{""numpy"": ""2.0.2"", ""pandas"": ""2.2.2"", ""python-louvain"": ""0.16"", ""scikit-learn"": ""1.6.1"", ""scipy"": ""1.16.3""}",0.6663433425,0.6714162251,0.005072882661,True
omega_e,low,omega_e_low,0.2918454936,0.6714162251,0.1099618563,0.6699907051,0.638105823,0.7042406585,0.004526484113,-0.002529151987,0.013503774,40,4.1.0,a7c7a3f7ea63e57f1d98bd42f21c02aa04a69eaa37c824584a2be65f00f2d7e1,a6be3e988dad1aa442c8c8e158c2bba96b2b7fb9,"{""numpy"": ""2.0.2"", ""pandas"": ""2.2.2"", ""python-louvain"": ""0.16"", ""scikit-learn"": ""1.6.1"", ""scipy"": ""1.16.3""}",0.6663433425,0.6714162251,0.005072882661,True
omega_e,high,omega_e_high,0.3820224719,0.6663433425,0.1175268736,0.6632364713,0.6298321102,0.7010825235,-0.0005463985485,-0.006516214414,0.00522853033,40,4.1.0,a7c7a3f7ea63e57f1d98bd42f21c02aa04a69eaa37c824584a2be65f00f2d7e1,a6be3e988dad1aa442c8c8e158c2bba96b2b7fb9,"{""numpy"": ""2.0.2"", ""pandas"": ""2.2.2"", ""python-louvain"": ""0.16"", ""scikit-learn"": ""1.6.1"", ""scipy"": ""1.16.3""}",0.6663433425,0.6714162251,0.005072882661,True
omega_f,reference,baseline,0.33,0.666889741,0.1174312792,0.6626228609,0.6305735858,0.7018339735,0,0,0,40,4.1.0,a7c7a3f7ea63e57f1d98bd42f21c02aa04a69eaa37c824584a2be65f00f2d7e1,a6be3e988dad1aa442c8c8e158c2bba96b2b7fb9,"{""numpy"": ""2.0.2"", ""pandas"": ""2.2.2"", ""python-louvain"": ""0.16"", ""scikit-learn"": ""1.6.1"", ""scipy"": ""1.16.3""}",0.6624669039,0.6679268551,0.005459951186,True
omega_f,low,omega_f_low,0.2826552463,0.6624669039,0.1136274013,0.6521674894,0.6276789326,0.6964800064,-0.00442283709,-0.01182681181,0.003034179728,40,4.1.0,a7c7a3f7ea63e57f1d98bd42f21c02aa04a69eaa37c824584a2be65f00f2d7e1,a6be3e988dad1aa442c8c8e158c2bba96b2b7fb9,"{""numpy"": ""2.0.2"", ""pandas"": ""2.2.2"", ""python-louvain"": ""0.16"", ""scikit-learn"": ""1.6.1"", ""scipy"": ""1.16.3""}",0.6624669039,0.6679268551,0.005459951186,True
omega_f,high,omega_f_high,0.3714821764,0.6679268551,0.1107110304,0.6564130116,0.6343541319,0.7012786673,0.001037114096,-0.006179712329,0.009317693212,40,4.1.0,a7c7a3f7ea63e57f1d98bd42f21c02aa04a69eaa37c824584a2be65f00f2d7e1,a6be3e988dad1aa442c8c8e158c2bba96b2b7fb9,"{""numpy"": ""2.0.2"", ""pandas"": ""2.2.2"", ""python-louvain"": ""0.16"", ""scikit-learn"": ""1.6.1"", ""scipy"": ""1.16.3""}",0.6624669039,0.6679268551,0.005459951186,True
omega_n,reference,baseline,0.33,0.666889741,0.1174312792,0.6626228609,0.6305735858,0.7018339735,0,0,0,40,4.1.0,a7c7a3f7ea63e57f1d98bd42f21c02aa04a69eaa37c824584a2be65f00f2d7e1,a6be3e988dad1aa442c8c8e158c2bba96b2b7fb9,"{""numpy"": ""2.0.2"", ""pandas"": ""2.2.2"", ""python-louvain"": ""0.16"", ""scikit-learn"": ""1.6.1"", ""scipy"": ""1.16.3""}",0.6663177894,0.6697008907,0.003383101248,True
omega_n,low,omega_n_low,0.2826552463,0.6663177894,0.1186710336,0.6553879289,0.6296687641,0.7015594928,-0.0005719515892,-0.007027176609,0.005706896563,40,4.1.0,a7c7a3f7ea63e57f1d98bd42f21c02aa04a69eaa37c824584a2be65f00f2d7e1,a6be3e988dad1aa442c8c8e158c2bba96b2b7fb9,"{""numpy"": ""2.0.2"", ""pandas"": ""2.2.2"", ""python-louvain"": ""0.16"", ""scikit-learn"": ""1.6.1"", ""scipy"": ""1.16.3""}",0.6663177894,0.6697008907,0.003383101248,True
omega_n,high,omega_n_high,0.3714821764,0.6697008907,0.1082000683,0.656133475,0.636766564,0.7021614546,0.002811149659,-0.006608198339,0.01278120537,40,4.1.0,a7c7a3f7ea63e57f1d98bd42f21c02aa04a69eaa37c824584a2be65f00f2d7e1,a6be3e988dad1aa442c8c8e158c2bba96b2b7fb9,"{""numpy"": ""2.0.2"", ""pandas"": ""2.2.2"", ""python-louvain"": ""0.16"", ""scikit-learn"": ""1.6.1"", ""scipy"": ""1.16.3""}",0.6663177894,0.6697008907,0.003383101248,True
mu,reference,baseline,2,0.666889741,0.1174312792,0.6626228609,0.6305735858,0.7018339735,0,0,0,40,4.1.0,a7c7a3f7ea63e57f1d98bd42f21c02aa04a69eaa37c824584a2be65f00f2d7e1,a6be3e988dad1aa442c8c8e158c2bba96b2b7fb9,"{""numpy"": ""2.0.2"", ""pandas"": ""2.2.2"", ""python-louvain"": ""0.16"", ""scikit-learn"": ""1.6.1"", ""scipy"": ""1.16.3""}",0.6644153331,0.6683242001,0.003908866981,True
mu,low,mu_low,1.6,0.6644153331,0.1132010794,0.6643273131,0.6291218745,0.6983566127,-0.002474407951,-0.01033796091,0.005138585041,40,4.1.0,a7c7a3f7ea63e57f1d98bd42f21c02aa04a69eaa37c824584a2be65f00f2d7e1,a6be3e988dad1aa442c8c8e158c2bba96b2b7fb9,"{""numpy"": ""2.0.2"", ""pandas"": ""2.2.2"", ""python-louvain"": ""0.16"", ""scikit-learn"": ""1.6.1"", ""scipy"": ""1.16.3""}",0.6644153331,0.6683242001,0.003908866981,True
mu,middle,mu_middle,1.8,0.6683242001,0.1161013131,0.6694463206,0.6324549052,0.7029826406,0.00143445903,-0.001216383474,0.00463109038,40,4.1.0,a7c7a3f7ea63e57f1d98bd42f21c02aa04a69eaa37c824584a2be65f00f2d7e1,a6be3e988dad1aa442c8c8e158c2bba96b2b7fb9,"{""numpy"": ""2.0.2"", ""pandas"": ""2.2.2"", ""python-louvain"": ""0.16"", ""scikit-learn"": ""1.6.1"", ""scipy"": ""1.16.3""}",0.6644153331,0.6683242001,0.003908866981,True
s,reference,baseline,10,0.666889741,0.1174312792,0.6626228609,0.6305735858,0.7018339735,0,0,0,40,4.1.0,a7c7a3f7ea63e57f1d98bd42f21c02aa04a69eaa37c824584a2be65f00f2d7e1,a6be3e988dad1aa442c8c8e158c2bba96b2b7fb9,"{""numpy"": ""2.0.2"", ""pandas"": ""2.2.2"", ""python-louvain"": ""0.16"", ""scikit-learn"": ""1.6.1"", ""scipy"": ""1.16.3""}",0.6665455958,0.6713402326,0.004794636857,True
s,low,s_low,8,0.6713402326,0.108243807,0.6643273131,0.6384320248,0.7042425779,0.004450491619,-0.007588529318,0.01779824633,40,4.1.0,a7c7a3f7ea63e57f1d98bd42f21c02aa04a69eaa37c824584a2be65f00f2d7e1,a6be3e988dad1aa442c8c8e158c2bba96b2b7fb9,"{""numpy"": ""2.0.2"", ""pandas"": ""2.2.2"", ""python-louvain"": ""0.16"", ""scikit-learn"": ""1.6.1"", ""scipy"": ""1.16.3""}",0.6665455958,0.6713402326,0.004794636857,True
s,high,s_high,12,0.6665455958,0.112651151,0.6591354682,0.6324070087,0.6999935531,-0.000344145238,-0.007409414555,0.006680223796,40,4.1.0,a7c7a3f7ea63e57f1d98bd42f21c02aa04a69eaa37c824584a2be65f00f2d7e1,a6be3e988dad1aa442c8c8e158c2bba96b2b7fb9,"{""numpy"": ""2.0.2"", ""pandas"": ""2.2.2"", ""python-louvain"": ""0.16"", ""scikit-learn"": ""1.6.1"", ""scipy"": ""1.16.3""}",0.6665455958,0.6713402326,0.004794636857,True
n_ref,reference,baseline,500,0.666889741,0.1174312792,0.6626228609,0.6305735858,0.7018339735,0,0,0,40,4.1.0,a7c7a3f7ea63e57f1d98bd42f21c02aa04a69eaa37c824584a2be65f00f2d7e1,a6be3e988dad1aa442c8c8e158c2bba96b2b7fb9,"{""numpy"": ""2.0.2"", ""pandas"": ""2.2.2"", ""python-louvain"": ""0.16"", ""scikit-learn"": ""1.6.1"", ""scipy"": ""1.16.3""}",0.6668574013,0.666889741,3.233974631e-05,True
n_ref,low,n_ref_low,400,0.6668574013,0.1177168569,0.6626228609,0.6306521717,0.7020797185,-3.233974631e-05,-0.001025740702,0.0009287214632,40,4.1.0,a7c7a3f7ea63e57f1d98bd42f21c02aa04a69eaa37c824584a2be65f00f2d7e1,a6be3e988dad1aa442c8c8e158c2bba96b2b7fb9,"{""numpy"": ""2.0.2"", ""pandas"": ""2.2.2"", ""python-louvain"": ""0.16"", ""scikit-learn"": ""1.6.1"", ""scipy"": ""1.16.3""}",0.6668574013,0.666889741,3.233974631e-05,True
n_ref,high,n_ref_high,600,0.666889741,0.1174312792,0.6626228609,0.6305735858,0.7018339735,0,0,0,40,4.1.0,a7c7a3f7ea63e57f1d98bd42f21c02aa04a69eaa37c824584a2be65f00f2d7e1,a6be3e988dad1aa442c8c8e158c2bba96b2b7fb9,"{""numpy"": ""2.0.2"", ""pandas"": ""2.2.2"", ""python-louvain"": ""0.16"", ""scikit-learn"": ""1.6.1"", ""scipy"": ""1.16.3""}",0.6668574013,0.666889741,3.233974631e-05,True
v_cap,reference,baseline,50,0.666889741,0.1174312792,0.6626228609,0.6305735858,0.7018339735,0,0,0,40,4.1.0,a7c7a3f7ea63e57f1d98bd42f21c02aa04a69eaa37c824584a2be65f00f2d7e1,a6be3e988dad1aa442c8c8e158c2bba96b2b7fb9,"{""numpy"": ""2.0.2"", ""pandas"": ""2.2.2"", ""python-louvain"": ""0.16"", ""scikit-learn"": ""1.6.1"", ""scipy"": ""1.16.3""}",0.666889741,0.666889741,0,True
v_cap,low,v_cap_low,40,0.666889741,0.1174312792,0.6626228609,0.6305735858,0.7018339735,0,0,0,40,4.1.0,a7c7a3f7ea63e57f1d98bd42f21c02aa04a69eaa37c824584a2be65f00f2d7e1,a6be3e988dad1aa442c8c8e158c2bba96b2b7fb9,"{""numpy"": ""2.0.2"", ""pandas"": ""2.2.2"", ""python-louvain"": ""0.16"", ""scikit-learn"": ""1.6.1"", ""scipy"": ""1.16.3""}",0.666889741,0.666889741,0,True
v_cap,high,v_cap_high,60,0.666889741,0.1174312792,0.6626228609,0.6305735858,0.7018339735,0,0,0,40,4.1.0,a7c7a3f7ea63e57f1d98bd42f21c02aa04a69eaa37c824584a2be65f00f2d7e1,a6be3e988dad1aa442c8c8e158c2bba96b2b7fb9,"{""numpy"": ""2.0.2"", ""pandas"": ""2.2.2"", ""python-louvain"": ""0.16"", ""scikit-learn"": ""1.6.1"", ""scipy"": ""1.16.3""}",0.666889741,0.666889741,0,True
