sample_id,split,label,event,source,is_vietnam,src_path,dst_path
img_000092,train,no_flood,kerala_flood_2018,floodnet,0,C:\Users\jhiny\Desktop\nckh2\dataset\image_data\raw\floodnet\kerala_flood_2018\no_flood\no_flood_000092.jpg,C:\Users\jhiny\Desktop\nckh2\dataset\image_data\processed\train\no_flood\img_000092_b8667e57fb.jpg
img_000096,train,no_flood,kerala_flood_2018,floodnet,0,C:\Users\jhiny\Desktop\nckh2\dataset\image_data\raw\floodnet\kerala_flood_2018\no_flood\no_flood_000096.jpg,C:\Users\jhiny\Desktop\nckh2\dataset\image_data\processed\train\no_flood\img_000096_af986276f7.jpg
img_000100,train,no_flood,kerala_flood_2018,floodnet,0,C:\Users\jhiny\Desktop\nckh2\dataset\image_data\raw\floodnet\kerala_flood_2018\no_flood\no_flood_000100.jpg,C:\Users\jhiny\Desktop\nckh2\dataset\image_data\processed\train\no_flood\img_000100_aa3c50150f.jpg
img_000104,train,no_flood,kerala_flood_2018,floodnet,0,C:\Users\jhiny\Desktop\nckh2\dataset\image_data\raw\floodnet\kerala_flood_2018\no_flood\no_flood_000104.jpg,C:\Users\jhiny\Desktop\nckh2\dataset\image_data\processed\train\no_flood\img_000104_bde31978d4.jpg
img_000108,train,no_flood,kerala_flood_2018,floodnet,0,C:\Users\jhiny\Desktop\nckh2\dataset\image_data\raw\floodnet\kerala_flood_2018\no_flood\no_flood_000108.jpg,C:\Users\jhiny\Desktop\nckh2\dataset\image_data\processed\train\no_flood\img_000108_01964a4b36.jpg
img_000112,train,no_flood,kerala_flood_2018,floodnet,0,C:\Users\jhiny\Desktop\nckh2\dataset\image_data\raw\floodnet\kerala_flood_2018\no_flood\no_flood_000112.jpg,C:\Users\jhiny\Desktop\nckh2\dataset\image_data\processed\train\no_flood\img_000112_39251fbaac.jpg
img_000116,train,no_flood,kerala_flood_2018,floodnet,0,C:\Users\jhiny\Desktop\nckh2\dataset\image_data\raw\floodnet\kerala_flood_2018\no_flood\no_flood_000116.jpg,C:\Users\jhiny\Desktop\nckh2\dataset\image_data\processed\train\no_flood\img_000116_83fc24ea6c.jpg
img_000120,train,no_flood,kerala_flood_2018,floodnet,0,C:\Users\jhiny\Desktop\nckh2\dataset\image_data\raw\floodnet\kerala_flood_2018\no_flood\no_flood_000120.jpg,C:\Users\jhiny\Desktop\nckh2\dataset\image_data\processed\train\no_flood\img_000120_f66f0b8a79.jpg
img_000004,train,no_flood,ngap_can_tho_2019,vietnam_collected,1,C:\Users\jhiny\Desktop\nckh2\dataset\image_data\raw\vietnam_collected\ngap_can_tho_2019\no_flood\no_flood_000004.jpg,C:\Users\jhiny\Desktop\nckh2\dataset\image_data\processed\train\no_flood\img_000004_8ecced42dc.jpg
img_000010,train,no_flood,ngap_can_tho_2019,vietnam_collected,1,C:\Users\jhiny\Desktop\nckh2\dataset\image_data\raw\vietnam_collected\ngap_can_tho_2019\no_flood\no_flood_000010.jpg,C:\Users\jhiny\Desktop\nckh2\dataset\image_data\processed\train\no_flood\img_000010_191c5da8ae.jpg
img_000016,train,no_flood,ngap_can_tho_2019,vietnam_collected,1,C:\Users\jhiny\Desktop\nckh2\dataset\image_data\raw\vietnam_collected\ngap_can_tho_2019\no_flood\no_flood_000016.jpg,C:\Users\jhiny\Desktop\nckh2\dataset\image_data\processed\train\no_flood\img_000016_c9f39bf752.jpg
img_000022,train,no_flood,ngap_can_tho_2019,vietnam_collected,1,C:\Users\jhiny\Desktop\nckh2\dataset\image_data\raw\vietnam_collected\ngap_can_tho_2019\no_flood\no_flood_000022.jpg,C:\Users\jhiny\Desktop\nckh2\dataset\image_data\processed\train\no_flood\img_000022_eeb0b10303.jpg
img_000028,train,no_flood,ngap_can_tho_2019,vietnam_collected,1,C:\Users\jhiny\Desktop\nckh2\dataset\image_data\raw\vietnam_collected\ngap_can_tho_2019\no_flood\no_flood_000028.jpg,C:\Users\jhiny\Desktop\nckh2\dataset\image_data\processed\train\no_flood\img_000028_6408fac697.jpg
img_000034,train,no_flood,ngap_can_tho_2019,vietnam_collected,1,C:\Users\jhiny\Desktop\nckh2\dataset\image_data\raw\vietnam_collected\ngap_can_tho_2019\no_flood\no_flood_000034.jpg,C:\Users\jhiny\Desktop\nckh2\dataset\image_data\processed\train\no_flood\img_000034_5bd3fe34e2.jpg
img_000040,train,no_flood,ngap_can_tho_2019,vietnam_collected,1,C:\Users\jhiny\Desktop\nckh2\dataset\image_data\raw\vietnam_collected\ngap_can_tho_2019\no_flood\no_flood_000040.jpg,C:\Users\jhiny\Desktop\nckh2\dataset\image_data\processed\train\no_flood\img_000040_b23bf8c086.jpg
img_000046,train,no_flood,ngap_can_tho_2019,vietnam_collected,1,C:\Users\jhiny\Desktop\nckh2\dataset\image_data\raw\vietnam_collected\ngap_can_tho_2019\no_flood\no_flood_000046.jpg,C:\Users\jhiny\Desktop\nckh2\dataset\image_data\processed\train\no_flood\img_000046_c005bb0641.jpg
img_000052,train,no_flood,ngap_can_tho_2019,vietnam_collected,1,C:\Users\jhiny\Desktop\nckh2\dataset\image_data\raw\vietnam_collected\ngap_can_tho_2019\no_flood\no_flood_000052.jpg,C:\Users\jhiny\Desktop\nckh2\dataset\image_data\processed\train\no_flood\img_000052_2daf211196.jpg
img_000058,train,no_flood,ngap_can_tho_2019,vietnam_collected,1,C:\Users\jhiny\Desktop\nckh2\dataset\image_data\raw\vietnam_collected\ngap_can_tho_2019\no_flood\no_flood_000058.jpg,C:\Users\jhiny\Desktop\nckh2\dataset\image_data\processed\train\no_flood\img_000058_69798917f4.jpg
img_000064,train,no_flood,ngap_can_tho_2019,vietnam_collected,1,C:\Users\jhiny\Desktop\nckh2\dataset\image_data\raw\vietnam_collected\ngap_can_tho_2019\no_flood\no_flood_000064.jpg,C:\Users\jhiny\Desktop\nckh2\dataset\image_data\processed\train\no_flood\img_000064_8dc92e83f6.jpg
img_000070,train,no_flood,ngap_can_tho_2019,vietnam_collected,1,C:\Users\jhiny\Desktop\nckh2\dataset\image_data\raw\vietnam_collected\ngap_can_tho_2019\no_flood\no_flood_000070.jpg,C:\Users\jhiny\Desktop\nckh2\dataset\image_data\processed\train\no_flood\img_000070_2cc4bc8e5c.jpg
img_000076,train,no_flood,ngap_can_tho_2019,vietnam_collected,1,C:\Users\jhiny\Desktop\nckh2\dataset\image_data\raw\vietnam_collected\ngap_can_tho_2019\no_flood\no_flood_000076.jpg,C:\Users\jhiny\Desktop\nckh2\dataset\image_data\processed\train\no_flood\img_000076_bd1a3de25c.jpg
img_000082,train,no_flood,ngap_can_tho_2019,vietnam_collected,1,C:\Users\jhiny\Desktop\nckh2\dataset\image_data\raw\vietnam_collected\ngap_can_tho_2019\no_flood\no_flood_000082.jpg,C:\Users\jhiny\Desktop\nckh2\dataset\image_data\processed\train\no_flood\img_000082_387af01c9f.jpg
img_000088,train,no_flood,ngap_can_tho_2019,vietnam_collected,1,C:\Users\jhiny\Desktop\nckh2\dataset\image_data\raw\vietnam_collected\ngap_can_tho_2019\no_flood\no_flood_000088.jpg,C:\Users\jhiny\Desktop\nckh2\dataset\image_data\processed\train\no_flood\img_000088_ddd3442910.jpg
img_000003,train,no_flood,bao_yagi_2024,vietnam_collected,1,C:\Users\jhiny\Desktop\nckh2\dataset\image_data\raw\vietnam_collected\bao_yagi_2024\no_flood\no_flood_000003.jpg,C:\Users\jhiny\Desktop\nckh2\dataset\image_data\processed\train\no_flood\img_000003_b3f4a7d025.jpg
img_000009,train,no_flood,bao_yagi_2024,vietnam_collected,1,C:\Users\jhiny\Desktop\nckh2\dataset\image_data\raw\vietnam_collected\bao_yagi_2024\no_flood\no_flood_000009.jpg,C:\Users\jhiny\Desktop\nckh2\dataset\image_data\processed\train\no_flood\img_000009_322662a160.jpg
img_000015,train,no_flood,bao_yagi_2024,vietnam_collected,1,C:\Users\jhiny\Desktop\nckh2\dataset\image_data\raw\vietnam_collected\bao_yagi_2024\no_flood\no_flood_000015.jpg,C:\Users\jhiny\Desktop\nckh2\dataset\image_data\processed\train\no_flood\img_000015_ebc6c7b17f.jpg
img_000021,train,no_flood,bao_yagi_2024,vietnam_collected,1,C:\Users\jhiny\Desktop\nckh2\dataset\image_data\raw\vietnam_collected\bao_yagi_2024\no_flood\no_flood_000021.jpg,C:\Users\jhiny\Desktop\nckh2\dataset\image_data\processed\train\no_flood\img_000021_78d8d25546.jpg
img_000027,train,no_flood,bao_yagi_2024,vietnam_collected,1,C:\Users\jhiny\Desktop\nckh2\dataset\image_data\raw\vietnam_collected\bao_yagi_2024\no_flood\no_flood_000027.jpg,C:\Users\jhiny\Desktop\nckh2\dataset\image_data\processed\train\no_flood\img_000027_ed6cabd208.jpg
img_000033,train,no_flood,bao_yagi_2024,vietnam_collected,1,C:\Users\jhiny\Desktop\nckh2\dataset\image_data\raw\vietnam_collected\bao_yagi_2024\no_flood\no_flood_000033.jpg,C:\Users\jhiny\Desktop\nckh2\dataset\image_data\processed\train\no_flood\img_000033_4a19b5ca71.jpg
img_000039,train,no_flood,bao_yagi_2024,vietnam_collected,1,C:\Users\jhiny\Desktop\nckh2\dataset\image_data\raw\vietnam_collected\bao_yagi_2024\no_flood\no_flood_000039.jpg,C:\Users\jhiny\Desktop\nckh2\dataset\image_data\processed\train\no_flood\img_000039_824145ad4f.jpg
img_000045,train,no_flood,bao_yagi_2024,vietnam_collected,1,C:\Users\jhiny\Desktop\nckh2\dataset\image_data\raw\vietnam_collected\bao_yagi_2024\no_flood\no_flood_000045.jpg,C:\Users\jhiny\Desktop\nckh2\dataset\image_data\processed\train\no_flood\img_000045_930e43fad4.jpg
img_000051,train,no_flood,bao_yagi_2024,vietnam_collected,1,C:\Users\jhiny\Desktop\nckh2\dataset\image_data\raw\vietnam_collected\bao_yagi_2024\no_flood\no_flood_000051.jpg,C:\Users\jhiny\Desktop\nckh2\dataset\image_data\processed\train\no_flood\img_000051_11462b9e79.jpg
img_000057,train,no_flood,bao_yagi_2024,vietnam_collected,1,C:\Users\jhiny\Desktop\nckh2\dataset\image_data\raw\vietnam_collected\bao_yagi_2024\no_flood\no_flood_000057.jpg,C:\Users\jhiny\Desktop\nckh2\dataset\image_data\processed\train\no_flood\img_000057_93af57641c.jpg
img_000063,train,no_flood,bao_yagi_2024,vietnam_collected,1,C:\Users\jhiny\Desktop\nckh2\dataset\image_data\raw\vietnam_collected\bao_yagi_2024\no_flood\no_flood_000063.jpg,C:\Users\jhiny\Desktop\nckh2\dataset\image_data\processed\train\no_flood\img_000063_ef80bbb09f.jpg
img_000069,train,no_flood,bao_yagi_2024,vietnam_collected,1,C:\Users\jhiny\Desktop\nckh2\dataset\image_data\raw\vietnam_collected\bao_yagi_2024\no_flood\no_flood_000069.jpg,C:\Users\jhiny\Desktop\nckh2\dataset\image_data\processed\train\no_flood\img_000069_4fa3d9845b.jpg
img_000075,train,no_flood,bao_yagi_2024,vietnam_collected,1,C:\Users\jhiny\Desktop\nckh2\dataset\image_data\raw\vietnam_collected\bao_yagi_2024\no_flood\no_flood_000075.jpg,C:\Users\jhiny\Desktop\nckh2\dataset\image_data\processed\train\no_flood\img_000075_a2ba90b2d7.jpg
img_000081,train,no_flood,bao_yagi_2024,vietnam_collected,1,C:\Users\jhiny\Desktop\nckh2\dataset\image_data\raw\vietnam_collected\bao_yagi_2024\no_flood\no_flood_000081.jpg,C:\Users\jhiny\Desktop\nckh2\dataset\image_data\processed\train\no_flood\img_000081_c15c0d8771.jpg
img_000087,train,no_flood,bao_yagi_2024,vietnam_collected,1,C:\Users\jhiny\Desktop\nckh2\dataset\image_data\raw\vietnam_collected\bao_yagi_2024\no_flood\no_flood_000087.jpg,C:\Users\jhiny\Desktop\nckh2\dataset\image_data\processed\train\no_flood\img_000087_7ef0ba9422.jpg
img_000093,train,no_flood,pakistan_flood_2022,crisismmd,0,C:\Users\jhiny\Desktop\nckh2\dataset\image_data\raw\crisismmd\pakistan_flood_2022\no_flood\no_flood_000093.jpg,C:\Users\jhiny\Desktop\nckh2\dataset\image_data\processed\train\no_flood\img_000093_8ce090aef1.jpg
img_000097,train,no_flood,pakistan_flood_2022,crisismmd,0,C:\Users\jhiny\Desktop\nckh2\dataset\image_data\raw\crisismmd\pakistan_flood_2022\no_flood\no_flood_000097.jpg,C:\Users\jhiny\Desktop\nckh2\dataset\image_data\processed\train\no_flood\img_000097_4a850a2d2f.jpg
img_000101,train,no_flood,pakistan_flood_2022,crisismmd,0,C:\Users\jhiny\Desktop\nckh2\dataset\image_data\raw\crisismmd\pakistan_flood_2022\no_flood\no_flood_000101.jpg,C:\Users\jhiny\Desktop\nckh2\dataset\image_data\processed\train\no_flood\img_000101_b9acb2bba4.jpg
img_000105,train,no_flood,pakistan_flood_2022,crisismmd,0,C:\Users\jhiny\Desktop\nckh2\dataset\image_data\raw\crisismmd\pakistan_flood_2022\no_flood\no_flood_000105.jpg,C:\Users\jhiny\Desktop\nckh2\dataset\image_data\processed\train\no_flood\img_000105_c9d86acd06.jpg
img_000109,train,no_flood,pakistan_flood_2022,crisismmd,0,C:\Users\jhiny\Desktop\nckh2\dataset\image_data\raw\crisismmd\pakistan_flood_2022\no_flood\no_flood_000109.jpg,C:\Users\jhiny\Desktop\nckh2\dataset\image_data\processed\train\no_flood\img_000109_243e1aaa4b.jpg
img_000113,train,no_flood,pakistan_flood_2022,crisismmd,0,C:\Users\jhiny\Desktop\nckh2\dataset\image_data\raw\crisismmd\pakistan_flood_2022\no_flood\no_flood_000113.jpg,C:\Users\jhiny\Desktop\nckh2\dataset\image_data\processed\train\no_flood\img_000113_e8b2452f47.jpg
img_000117,train,no_flood,pakistan_flood_2022,crisismmd,0,C:\Users\jhiny\Desktop\nckh2\dataset\image_data\raw\crisismmd\pakistan_flood_2022\no_flood\no_flood_000117.jpg,C:\Users\jhiny\Desktop\nckh2\dataset\image_data\processed\train\no_flood\img_000117_9f626b69f9.jpg
img_000006,train,no_flood,ngap_hcm_2022,vietnam_collected,1,C:\Users\jhiny\Desktop\nckh2\dataset\image_data\raw\vietnam_collected\ngap_hcm_2022\no_flood\no_flood_000006.jpg,C:\Users\jhiny\Desktop\nckh2\dataset\image_data\processed\train\no_flood\img_000006_4c6ca5e8c3.jpg
img_000012,train,no_flood,ngap_hcm_2022,vietnam_collected,1,C:\Users\jhiny\Desktop\nckh2\dataset\image_data\raw\vietnam_collected\ngap_hcm_2022\no_flood\no_flood_000012.jpg,C:\Users\jhiny\Desktop\nckh2\dataset\image_data\processed\train\no_flood\img_000012_e876549ea5.jpg
img_000018,train,no_flood,ngap_hcm_2022,vietnam_collected,1,C:\Users\jhiny\Desktop\nckh2\dataset\image_data\raw\vietnam_collected\ngap_hcm_2022\no_flood\no_flood_000018.jpg,C:\Users\jhiny\Desktop\nckh2\dataset\image_data\processed\train\no_flood\img_000018_fe0a73edd5.jpg
img_000024,train,no_flood,ngap_hcm_2022,vietnam_collected,1,C:\Users\jhiny\Desktop\nckh2\dataset\image_data\raw\vietnam_collected\ngap_hcm_2022\no_flood\no_flood_000024.jpg,C:\Users\jhiny\Desktop\nckh2\dataset\image_data\processed\train\no_flood\img_000024_f126866cc9.jpg
img_000030,train,no_flood,ngap_hcm_2022,vietnam_collected,1,C:\Users\jhiny\Desktop\nckh2\dataset\image_data\raw\vietnam_collected\ngap_hcm_2022\no_flood\no_flood_000030.jpg,C:\Users\jhiny\Desktop\nckh2\dataset\image_data\processed\train\no_flood\img_000030_57f822c84d.jpg
img_000036,train,no_flood,ngap_hcm_2022,vietnam_collected,1,C:\Users\jhiny\Desktop\nckh2\dataset\image_data\raw\vietnam_collected\ngap_hcm_2022\no_flood\no_flood_000036.jpg,C:\Users\jhiny\Desktop\nckh2\dataset\image_data\processed\train\no_flood\img_000036_a09a3715a3.jpg
img_000042,train,no_flood,ngap_hcm_2022,vietnam_collected,1,C:\Users\jhiny\Desktop\nckh2\dataset\image_data\raw\vietnam_collected\ngap_hcm_2022\no_flood\no_flood_000042.jpg,C:\Users\jhiny\Desktop\nckh2\dataset\image_data\processed\train\no_flood\img_000042_d922f7860a.jpg
img_000048,train,no_flood,ngap_hcm_2022,vietnam_collected,1,C:\Users\jhiny\Desktop\nckh2\dataset\image_data\raw\vietnam_collected\ngap_hcm_2022\no_flood\no_flood_000048.jpg,C:\Users\jhiny\Desktop\nckh2\dataset\image_data\processed\train\no_flood\img_000048_c96d7dbdb2.jpg
img_000054,train,no_flood,ngap_hcm_2022,vietnam_collected,1,C:\Users\jhiny\Desktop\nckh2\dataset\image_data\raw\vietnam_collected\ngap_hcm_2022\no_flood\no_flood_000054.jpg,C:\Users\jhiny\Desktop\nckh2\dataset\image_data\processed\train\no_flood\img_000054_50073ef9bb.jpg
img_000060,train,no_flood,ngap_hcm_2022,vietnam_collected,1,C:\Users\jhiny\Desktop\nckh2\dataset\image_data\raw\vietnam_collected\ngap_hcm_2022\no_flood\no_flood_000060.jpg,C:\Users\jhiny\Desktop\nckh2\dataset\image_data\processed\train\no_flood\img_000060_428f08c8f5.jpg
img_000066,train,no_flood,ngap_hcm_2022,vietnam_collected,1,C:\Users\jhiny\Desktop\nckh2\dataset\image_data\raw\vietnam_collected\ngap_hcm_2022\no_flood\no_flood_000066.jpg,C:\Users\jhiny\Desktop\nckh2\dataset\image_data\processed\train\no_flood\img_000066_115fdce038.jpg
img_000072,train,no_flood,ngap_hcm_2022,vietnam_collected,1,C:\Users\jhiny\Desktop\nckh2\dataset\image_data\raw\vietnam_collected\ngap_hcm_2022\no_flood\no_flood_000072.jpg,C:\Users\jhiny\Desktop\nckh2\dataset\image_data\processed\train\no_flood\img_000072_a08f7ac3d2.jpg
img_000078,train,no_flood,ngap_hcm_2022,vietnam_collected,1,C:\Users\jhiny\Desktop\nckh2\dataset\image_data\raw\vietnam_collected\ngap_hcm_2022\no_flood\no_flood_000078.jpg,C:\Users\jhiny\Desktop\nckh2\dataset\image_data\processed\train\no_flood\img_000078_2b331d1157.jpg
img_000084,train,no_flood,ngap_hcm_2022,vietnam_collected,1,C:\Users\jhiny\Desktop\nckh2\dataset\image_data\raw\vietnam_collected\ngap_hcm_2022\no_flood\no_flood_000084.jpg,C:\Users\jhiny\Desktop\nckh2\dataset\image_data\processed\train\no_flood\img_000084_ec17aa489e.jpg
img_000090,train,no_flood,ngap_hcm_2022,vietnam_collected,1,C:\Users\jhiny\Desktop\nckh2\dataset\image_data\raw\vietnam_collected\ngap_hcm_2022\no_flood\no_flood_000090.jpg,C:\Users\jhiny\Desktop\nckh2\dataset\image_data\processed\train\no_flood\img_000090_1d2a43f494.jpg
img_000091,train,no_flood,harvey_2017,crisismmd,0,C:\Users\jhiny\Desktop\nckh2\dataset\image_data\raw\crisismmd\harvey_2017\no_flood\no_flood_000091.jpg,C:\Users\jhiny\Desktop\nckh2\dataset\image_data\processed\train\no_flood\img_000091_ad1643c26e.jpg
img_000095,train,no_flood,harvey_2017,crisismmd,0,C:\Users\jhiny\Desktop\nckh2\dataset\image_data\raw\crisismmd\harvey_2017\no_flood\no_flood_000095.jpg,C:\Users\jhiny\Desktop\nckh2\dataset\image_data\processed\train\no_flood\img_000095_ec1204c5c0.jpg
img_000099,train,no_flood,harvey_2017,crisismmd,0,C:\Users\jhiny\Desktop\nckh2\dataset\image_data\raw\crisismmd\harvey_2017\no_flood\no_flood_000099.jpg,C:\Users\jhiny\Desktop\nckh2\dataset\image_data\processed\train\no_flood\img_000099_7a5c107dfe.jpg
img_000103,train,no_flood,harvey_2017,crisismmd,0,C:\Users\jhiny\Desktop\nckh2\dataset\image_data\raw\crisismmd\harvey_2017\no_flood\no_flood_000103.jpg,C:\Users\jhiny\Desktop\nckh2\dataset\image_data\processed\train\no_flood\img_000103_c209473ec3.jpg
img_000107,train,no_flood,harvey_2017,crisismmd,0,C:\Users\jhiny\Desktop\nckh2\dataset\image_data\raw\crisismmd\harvey_2017\no_flood\no_flood_000107.jpg,C:\Users\jhiny\Desktop\nckh2\dataset\image_data\processed\train\no_flood\img_000107_00d5f6a326.jpg
img_000111,train,no_flood,harvey_2017,crisismmd,0,C:\Users\jhiny\Desktop\nckh2\dataset\image_data\raw\crisismmd\harvey_2017\no_flood\no_flood_000111.jpg,C:\Users\jhiny\Desktop\nckh2\dataset\image_data\processed\train\no_flood\img_000111_f25640a351.jpg
img_000115,train,no_flood,harvey_2017,crisismmd,0,C:\Users\jhiny\Desktop\nckh2\dataset\image_data\raw\crisismmd\harvey_2017\no_flood\no_flood_000115.jpg,C:\Users\jhiny\Desktop\nckh2\dataset\image_data\processed\train\no_flood\img_000115_7f433c49c0.jpg
img_000119,train,no_flood,harvey_2017,crisismmd,0,C:\Users\jhiny\Desktop\nckh2\dataset\image_data\raw\crisismmd\harvey_2017\no_flood\no_flood_000119.jpg,C:\Users\jhiny\Desktop\nckh2\dataset\image_data\processed\train\no_flood\img_000119_211dc71b65.jpg
img_000094,train,no_flood,idai_2019,floodnet,0,C:\Users\jhiny\Desktop\nckh2\dataset\image_data\raw\floodnet\idai_2019\no_flood\no_flood_000094.jpg,C:\Users\jhiny\Desktop\nckh2\dataset\image_data\processed\train\no_flood\img_000094_29c69e5e2a.jpg
img_000098,train,no_flood,idai_2019,floodnet,0,C:\Users\jhiny\Desktop\nckh2\dataset\image_data\raw\floodnet\idai_2019\no_flood\no_flood_000098.jpg,C:\Users\jhiny\Desktop\nckh2\dataset\image_data\processed\train\no_flood\img_000098_087518e877.jpg
img_000102,train,no_flood,idai_2019,floodnet,0,C:\Users\jhiny\Desktop\nckh2\dataset\image_data\raw\floodnet\idai_2019\no_flood\no_flood_000102.jpg,C:\Users\jhiny\Desktop\nckh2\dataset\image_data\processed\train\no_flood\img_000102_2c89fa0ac4.jpg
img_000106,train,no_flood,idai_2019,floodnet,0,C:\Users\jhiny\Desktop\nckh2\dataset\image_data\raw\floodnet\idai_2019\no_flood\no_flood_000106.jpg,C:\Users\jhiny\Desktop\nckh2\dataset\image_data\processed\train\no_flood\img_000106_dd8b51eab4.jpg
img_000110,train,no_flood,idai_2019,floodnet,0,C:\Users\jhiny\Desktop\nckh2\dataset\image_data\raw\floodnet\idai_2019\no_flood\no_flood_000110.jpg,C:\Users\jhiny\Desktop\nckh2\dataset\image_data\processed\train\no_flood\img_000110_5efd964f36.jpg
img_000114,train,no_flood,idai_2019,floodnet,0,C:\Users\jhiny\Desktop\nckh2\dataset\image_data\raw\floodnet\idai_2019\no_flood\no_flood_000114.jpg,C:\Users\jhiny\Desktop\nckh2\dataset\image_data\processed\train\no_flood\img_000114_2908e81125.jpg
img_000118,train,no_flood,idai_2019,floodnet,0,C:\Users\jhiny\Desktop\nckh2\dataset\image_data\raw\floodnet\idai_2019\no_flood\no_flood_000118.jpg,C:\Users\jhiny\Desktop\nckh2\dataset\image_data\processed\train\no_flood\img_000118_9493db1c04.jpg
img_000005,train,no_flood,lu_nghe_an_2023,vietnam_collected,1,C:\Users\jhiny\Desktop\nckh2\dataset\image_data\raw\vietnam_collected\lu_nghe_an_2023\no_flood\no_flood_000005.jpg,C:\Users\jhiny\Desktop\nckh2\dataset\image_data\processed\train\no_flood\img_000005_f5f979190e.jpg
img_000011,train,no_flood,lu_nghe_an_2023,vietnam_collected,1,C:\Users\jhiny\Desktop\nckh2\dataset\image_data\raw\vietnam_collected\lu_nghe_an_2023\no_flood\no_flood_000011.jpg,C:\Users\jhiny\Desktop\nckh2\dataset\image_data\processed\train\no_flood\img_000011_13ddf864aa.jpg
img_000017,train,no_flood,lu_nghe_an_2023,vietnam_collected,1,C:\Users\jhiny\Desktop\nckh2\dataset\image_data\raw\vietnam_collected\lu_nghe_an_2023\no_flood\no_flood_000017.jpg,C:\Users\jhiny\Desktop\nckh2\dataset\image_data\processed\train\no_flood\img_000017_0ef03ea97f.jpg
img_000023,train,no_flood,lu_nghe_an_2023,vietnam_collected,1,C:\Users\jhiny\Desktop\nckh2\dataset\image_data\raw\vietnam_collected\lu_nghe_an_2023\no_flood\no_flood_000023.jpg,C:\Users\jhiny\Desktop\nckh2\dataset\image_data\processed\train\no_flood\img_000023_a506886410.jpg
img_000029,train,no_flood,lu_nghe_an_2023,vietnam_collected,1,C:\Users\jhiny\Desktop\nckh2\dataset\image_data\raw\vietnam_collected\lu_nghe_an_2023\no_flood\no_flood_000029.jpg,C:\Users\jhiny\Desktop\nckh2\dataset\image_data\processed\train\no_flood\img_000029_13dd7464b9.jpg
img_000035,train,no_flood,lu_nghe_an_2023,vietnam_collected,1,C:\Users\jhiny\Desktop\nckh2\dataset\image_data\raw\vietnam_collected\lu_nghe_an_2023\no_flood\no_flood_000035.jpg,C:\Users\jhiny\Desktop\nckh2\dataset\image_data\processed\train\no_flood\img_000035_55cbbbf811.jpg
img_000041,train,no_flood,lu_nghe_an_2023,vietnam_collected,1,C:\Users\jhiny\Desktop\nckh2\dataset\image_data\raw\vietnam_collected\lu_nghe_an_2023\no_flood\no_flood_000041.jpg,C:\Users\jhiny\Desktop\nckh2\dataset\image_data\processed\train\no_flood\img_000041_c5ec0d32d3.jpg
img_000047,train,no_flood,lu_nghe_an_2023,vietnam_collected,1,C:\Users\jhiny\Desktop\nckh2\dataset\image_data\raw\vietnam_collected\lu_nghe_an_2023\no_flood\no_flood_000047.jpg,C:\Users\jhiny\Desktop\nckh2\dataset\image_data\processed\train\no_flood\img_000047_ac94180eac.jpg
img_000053,train,no_flood,lu_nghe_an_2023,vietnam_collected,1,C:\Users\jhiny\Desktop\nckh2\dataset\image_data\raw\vietnam_collected\lu_nghe_an_2023\no_flood\no_flood_000053.jpg,C:\Users\jhiny\Desktop\nckh2\dataset\image_data\processed\train\no_flood\img_000053_0425e6e082.jpg
img_000059,train,no_flood,lu_nghe_an_2023,vietnam_collected,1,C:\Users\jhiny\Desktop\nckh2\dataset\image_data\raw\vietnam_collected\lu_nghe_an_2023\no_flood\no_flood_000059.jpg,C:\Users\jhiny\Desktop\nckh2\dataset\image_data\processed\train\no_flood\img_000059_7d8b75ee1b.jpg
img_000065,train,no_flood,lu_nghe_an_2023,vietnam_collected,1,C:\Users\jhiny\Desktop\nckh2\dataset\image_data\raw\vietnam_collected\lu_nghe_an_2023\no_flood\no_flood_000065.jpg,C:\Users\jhiny\Desktop\nckh2\dataset\image_data\processed\train\no_flood\img_000065_647c6b8aa8.jpg
img_000071,train,no_flood,lu_nghe_an_2023,vietnam_collected,1,C:\Users\jhiny\Desktop\nckh2\dataset\image_data\raw\vietnam_collected\lu_nghe_an_2023\no_flood\no_flood_000071.jpg,C:\Users\jhiny\Desktop\nckh2\dataset\image_data\processed\train\no_flood\img_000071_413e62d211.jpg
img_000077,train,no_flood,lu_nghe_an_2023,vietnam_collected,1,C:\Users\jhiny\Desktop\nckh2\dataset\image_data\raw\vietnam_collected\lu_nghe_an_2023\no_flood\no_flood_000077.jpg,C:\Users\jhiny\Desktop\nckh2\dataset\image_data\processed\train\no_flood\img_000077_ecdd75942f.jpg
img_000083,train,no_flood,lu_nghe_an_2023,vietnam_collected,1,C:\Users\jhiny\Desktop\nckh2\dataset\image_data\raw\vietnam_collected\lu_nghe_an_2023\no_flood\no_flood_000083.jpg,C:\Users\jhiny\Desktop\nckh2\dataset\image_data\processed\train\no_flood\img_000083_13a2706124.jpg
img_000089,train,no_flood,lu_nghe_an_2023,vietnam_collected,1,C:\Users\jhiny\Desktop\nckh2\dataset\image_data\raw\vietnam_collected\lu_nghe_an_2023\no_flood\no_flood_000089.jpg,C:\Users\jhiny\Desktop\nckh2\dataset\image_data\processed\train\no_flood\img_000089_f8afa06f35.jpg
img_000124,train,low_flood,ngap_can_tho_2019,vietnam_collected,1,C:\Users\jhiny\Desktop\nckh2\dataset\image_data\raw\vietnam_collected\ngap_can_tho_2019\low_flood\low_flood_000124.jpg,C:\Users\jhiny\Desktop\nckh2\dataset\image_data\processed\train\low_flood\img_000124_39f0279b39.jpg
img_000130,train,low_flood,ngap_can_tho_2019,vietnam_collected,1,C:\Users\jhiny\Desktop\nckh2\dataset\image_data\raw\vietnam_collected\ngap_can_tho_2019\low_flood\low_flood_000130.jpg,C:\Users\jhiny\Desktop\nckh2\dataset\image_data\processed\train\low_flood\img_000130_40f30488df.jpg
img_000136,train,low_flood,ngap_can_tho_2019,vietnam_collected,1,C:\Users\jhiny\Desktop\nckh2\dataset\image_data\raw\vietnam_collected\ngap_can_tho_2019\low_flood\low_flood_000136.jpg,C:\Users\jhiny\Desktop\nckh2\dataset\image_data\processed\train\low_flood\img_000136_cdcf9909b8.jpg
img_000142,train,low_flood,ngap_can_tho_2019,vietnam_collected,1,C:\Users\jhiny\Desktop\nckh2\dataset\image_data\raw\vietnam_collected\ngap_can_tho_2019\low_flood\low_flood_000142.jpg,C:\Users\jhiny\Desktop\nckh2\dataset\image_data\processed\train\low_flood\img_000142_5d424c39d3.jpg
img_000148,train,low_flood,ngap_can_tho_2019,vietnam_collected,1,C:\Users\jhiny\Desktop\nckh2\dataset\image_data\raw\vietnam_collected\ngap_can_tho_2019\low_flood\low_flood_000148.jpg,C:\Users\jhiny\Desktop\nckh2\dataset\image_data\processed\train\low_flood\img_000148_c912642dd1.jpg
img_000154,train,low_flood,ngap_can_tho_2019,vietnam_collected,1,C:\Users\jhiny\Desktop\nckh2\dataset\image_data\raw\vietnam_collected\ngap_can_tho_2019\low_flood\low_flood_000154.jpg,C:\Users\jhiny\Desktop\nckh2\dataset\image_data\processed\train\low_flood\img_000154_d7dfd34aca.jpg
img_000160,train,low_flood,ngap_can_tho_2019,vietnam_collected,1,C:\Users\jhiny\Desktop\nckh2\dataset\image_data\raw\vietnam_collected\ngap_can_tho_2019\low_flood\low_flood_000160.jpg,C:\Users\jhiny\Desktop\nckh2\dataset\image_data\processed\train\low_flood\img_000160_8e7c43771c.jpg
img_000166,train,low_flood,ngap_can_tho_2019,vietnam_collected,1,C:\Users\jhiny\Desktop\nckh2\dataset\image_data\raw\vietnam_collected\ngap_can_tho_2019\low_flood\low_flood_000166.jpg,C:\Users\jhiny\Desktop\nckh2\dataset\image_data\processed\train\low_flood\img_000166_08f6004018.jpg
img_000172,train,low_flood,ngap_can_tho_2019,vietnam_collected,1,C:\Users\jhiny\Desktop\nckh2\dataset\image_data\raw\vietnam_collected\ngap_can_tho_2019\low_flood\low_flood_000172.jpg,C:\Users\jhiny\Desktop\nckh2\dataset\image_data\processed\train\low_flood\img_000172_fd135dc775.jpg
img_000178,train,low_flood,ngap_can_tho_2019,vietnam_collected,1,C:\Users\jhiny\Desktop\nckh2\dataset\image_data\raw\vietnam_collected\ngap_can_tho_2019\low_flood\low_flood_000178.jpg,C:\Users\jhiny\Desktop\nckh2\dataset\image_data\processed\train\low_flood\img_000178_e8750566bf.jpg
img_000184,train,low_flood,ngap_can_tho_2019,vietnam_collected,1,C:\Users\jhiny\Desktop\nckh2\dataset\image_data\raw\vietnam_collected\ngap_can_tho_2019\low_flood\low_flood_000184.jpg,C:\Users\jhiny\Desktop\nckh2\dataset\image_data\processed\train\low_flood\img_000184_4779e7953a.jpg
img_000190,train,low_flood,ngap_can_tho_2019,vietnam_collected,1,C:\Users\jhiny\Desktop\nckh2\dataset\image_data\raw\vietnam_collected\ngap_can_tho_2019\low_flood\low_flood_000190.jpg,C:\Users\jhiny\Desktop\nckh2\dataset\image_data\processed\train\low_flood\img_000190_a95eb25e49.jpg
img_000196,train,low_flood,ngap_can_tho_2019,vietnam_collected,1,C:\Users\jhiny\Desktop\nckh2\dataset\image_data\raw\vietnam_collected\ngap_can_tho_2019\low_flood\low_flood_000196.jpg,C:\Users\jhiny\Desktop\nckh2\dataset\image_data\processed\train\low_flood\img_000196_36b962ff24.jpg
img_000202,train,low_flood,ngap_can_tho_2019,vietnam_collected,1,C:\Users\jhiny\Desktop\nckh2\dataset\image_data\raw\vietnam_collected\ngap_can_tho_2019\low_flood\low_flood_000202.jpg,C:\Users\jhiny\Desktop\nckh2\dataset\image_data\processed\train\low_flood\img_000202_2cca012874.jpg
img_000208,train,low_flood,ngap_can_tho_2019,vietnam_collected,1,C:\Users\jhiny\Desktop\nckh2\dataset\image_data\raw\vietnam_collected\ngap_can_tho_2019\low_flood\low_flood_000208.jpg,C:\Users\jhiny\Desktop\nckh2\dataset\image_data\processed\train\low_flood\img_000208_693e39ab5e.jpg
img_000126,train,low_flood,ngap_hcm_2022,vietnam_collected,1,C:\Users\jhiny\Desktop\nckh2\dataset\image_data\raw\vietnam_collected\ngap_hcm_2022\low_flood\low_flood_000126.jpg,C:\Users\jhiny\Desktop\nckh2\dataset\image_data\processed\train\low_flood\img_000126_6b2a11f3a1.jpg
img_000132,train,low_flood,ngap_hcm_2022,vietnam_collected,1,C:\Users\jhiny\Desktop\nckh2\dataset\image_data\raw\vietnam_collected\ngap_hcm_2022\low_flood\low_flood_000132.jpg,C:\Users\jhiny\Desktop\nckh2\dataset\image_data\processed\train\low_flood\img_000132_425c1aaa14.jpg
img_000138,train,low_flood,ngap_hcm_2022,vietnam_collected,1,C:\Users\jhiny\Desktop\nckh2\dataset\image_data\raw\vietnam_collected\ngap_hcm_2022\low_flood\low_flood_000138.jpg,C:\Users\jhiny\Desktop\nckh2\dataset\image_data\processed\train\low_flood\img_000138_9b9e578c3a.jpg
img_000144,train,low_flood,ngap_hcm_2022,vietnam_collected,1,C:\Users\jhiny\Desktop\nckh2\dataset\image_data\raw\vietnam_collected\ngap_hcm_2022\low_flood\low_flood_000144.jpg,C:\Users\jhiny\Desktop\nckh2\dataset\image_data\processed\train\low_flood\img_000144_c09f51f48b.jpg
img_000150,train,low_flood,ngap_hcm_2022,vietnam_collected,1,C:\Users\jhiny\Desktop\nckh2\dataset\image_data\raw\vietnam_collected\ngap_hcm_2022\low_flood\low_flood_000150.jpg,C:\Users\jhiny\Desktop\nckh2\dataset\image_data\processed\train\low_flood\img_000150_c2de46c31e.jpg
img_000156,train,low_flood,ngap_hcm_2022,vietnam_collected,1,C:\Users\jhiny\Desktop\nckh2\dataset\image_data\raw\vietnam_collected\ngap_hcm_2022\low_flood\low_flood_000156.jpg,C:\Users\jhiny\Desktop\nckh2\dataset\image_data\processed\train\low_flood\img_000156_4983a52f41.jpg
img_000162,train,low_flood,ngap_hcm_2022,vietnam_collected,1,C:\Users\jhiny\Desktop\nckh2\dataset\image_data\raw\vietnam_collected\ngap_hcm_2022\low_flood\low_flood_000162.jpg,C:\Users\jhiny\Desktop\nckh2\dataset\image_data\processed\train\low_flood\img_000162_db63d85e15.jpg
img_000168,train,low_flood,ngap_hcm_2022,vietnam_collected,1,C:\Users\jhiny\Desktop\nckh2\dataset\image_data\raw\vietnam_collected\ngap_hcm_2022\low_flood\low_flood_000168.jpg,C:\Users\jhiny\Desktop\nckh2\dataset\image_data\processed\train\low_flood\img_000168_ac5dbd6a70.jpg
img_000174,train,low_flood,ngap_hcm_2022,vietnam_collected,1,C:\Users\jhiny\Desktop\nckh2\dataset\image_data\raw\vietnam_collected\ngap_hcm_2022\low_flood\low_flood_000174.jpg,C:\Users\jhiny\Desktop\nckh2\dataset\image_data\processed\train\low_flood\img_000174_4cb7940721.jpg
img_000180,train,low_flood,ngap_hcm_2022,vietnam_collected,1,C:\Users\jhiny\Desktop\nckh2\dataset\image_data\raw\vietnam_collected\ngap_hcm_2022\low_flood\low_flood_000180.jpg,C:\Users\jhiny\Desktop\nckh2\dataset\image_data\processed\train\low_flood\img_000180_d76d24904e.jpg
img_000186,train,low_flood,ngap_hcm_2022,vietnam_collected,1,C:\Users\jhiny\Desktop\nckh2\dataset\image_data\raw\vietnam_collected\ngap_hcm_2022\low_flood\low_flood_000186.jpg,C:\Users\jhiny\Desktop\nckh2\dataset\image_data\processed\train\low_flood\img_000186_38a3f3eeb3.jpg
img_000192,train,low_flood,ngap_hcm_2022,vietnam_collected,1,C:\Users\jhiny\Desktop\nckh2\dataset\image_data\raw\vietnam_collected\ngap_hcm_2022\low_flood\low_flood_000192.jpg,C:\Users\jhiny\Desktop\nckh2\dataset\image_data\processed\train\low_flood\img_000192_904cb9cedf.jpg
img_000198,train,low_flood,ngap_hcm_2022,vietnam_collected,1,C:\Users\jhiny\Desktop\nckh2\dataset\image_data\raw\vietnam_collected\ngap_hcm_2022\low_flood\low_flood_000198.jpg,C:\Users\jhiny\Desktop\nckh2\dataset\image_data\processed\train\low_flood\img_000198_ce4e3b325d.jpg
img_000204,train,low_flood,ngap_hcm_2022,vietnam_collected,1,C:\Users\jhiny\Desktop\nckh2\dataset\image_data\raw\vietnam_collected\ngap_hcm_2022\low_flood\low_flood_000204.jpg,C:\Users\jhiny\Desktop\nckh2\dataset\image_data\processed\train\low_flood\img_000204_f05f474198.jpg
img_000210,train,low_flood,ngap_hcm_2022,vietnam_collected,1,C:\Users\jhiny\Desktop\nckh2\dataset\image_data\raw\vietnam_collected\ngap_hcm_2022\low_flood\low_flood_000210.jpg,C:\Users\jhiny\Desktop\nckh2\dataset\image_data\processed\train\low_flood\img_000210_6a42cce110.jpg
img_000123,train,low_flood,bao_yagi_2024,vietnam_collected,1,C:\Users\jhiny\Desktop\nckh2\dataset\image_data\raw\vietnam_collected\bao_yagi_2024\low_flood\low_flood_000123.jpg,C:\Users\jhiny\Desktop\nckh2\dataset\image_data\processed\train\low_flood\img_000123_af84d8b96a.jpg
img_000129,train,low_flood,bao_yagi_2024,vietnam_collected,1,C:\Users\jhiny\Desktop\nckh2\dataset\image_data\raw\vietnam_collected\bao_yagi_2024\low_flood\low_flood_000129.jpg,C:\Users\jhiny\Desktop\nckh2\dataset\image_data\processed\train\low_flood\img_000129_45b62f1124.jpg
img_000135,train,low_flood,bao_yagi_2024,vietnam_collected,1,C:\Users\jhiny\Desktop\nckh2\dataset\image_data\raw\vietnam_collected\bao_yagi_2024\low_flood\low_flood_000135.jpg,C:\Users\jhiny\Desktop\nckh2\dataset\image_data\processed\train\low_flood\img_000135_ef1ae3b7f3.jpg
img_000141,train,low_flood,bao_yagi_2024,vietnam_collected,1,C:\Users\jhiny\Desktop\nckh2\dataset\image_data\raw\vietnam_collected\bao_yagi_2024\low_flood\low_flood_000141.jpg,C:\Users\jhiny\Desktop\nckh2\dataset\image_data\processed\train\low_flood\img_000141_bc3e50800d.jpg
img_000147,train,low_flood,bao_yagi_2024,vietnam_collected,1,C:\Users\jhiny\Desktop\nckh2\dataset\image_data\raw\vietnam_collected\bao_yagi_2024\low_flood\low_flood_000147.jpg,C:\Users\jhiny\Desktop\nckh2\dataset\image_data\processed\train\low_flood\img_000147_1ebe20c695.jpg
img_000153,train,low_flood,bao_yagi_2024,vietnam_collected,1,C:\Users\jhiny\Desktop\nckh2\dataset\image_data\raw\vietnam_collected\bao_yagi_2024\low_flood\low_flood_000153.jpg,C:\Users\jhiny\Desktop\nckh2\dataset\image_data\processed\train\low_flood\img_000153_da74fcb7b7.jpg
img_000159,train,low_flood,bao_yagi_2024,vietnam_collected,1,C:\Users\jhiny\Desktop\nckh2\dataset\image_data\raw\vietnam_collected\bao_yagi_2024\low_flood\low_flood_000159.jpg,C:\Users\jhiny\Desktop\nckh2\dataset\image_data\processed\train\low_flood\img_000159_09b9f99c28.jpg
img_000165,train,low_flood,bao_yagi_2024,vietnam_collected,1,C:\Users\jhiny\Desktop\nckh2\dataset\image_data\raw\vietnam_collected\bao_yagi_2024\low_flood\low_flood_000165.jpg,C:\Users\jhiny\Desktop\nckh2\dataset\image_data\processed\train\low_flood\img_000165_b03cd6e83a.jpg
img_000171,train,low_flood,bao_yagi_2024,vietnam_collected,1,C:\Users\jhiny\Desktop\nckh2\dataset\image_data\raw\vietnam_collected\bao_yagi_2024\low_flood\low_flood_000171.jpg,C:\Users\jhiny\Desktop\nckh2\dataset\image_data\processed\train\low_flood\img_000171_33f01c19b5.jpg
img_000177,train,low_flood,bao_yagi_2024,vietnam_collected,1,C:\Users\jhiny\Desktop\nckh2\dataset\image_data\raw\vietnam_collected\bao_yagi_2024\low_flood\low_flood_000177.jpg,C:\Users\jhiny\Desktop\nckh2\dataset\image_data\processed\train\low_flood\img_000177_e02e6eea8a.jpg
img_000183,train,low_flood,bao_yagi_2024,vietnam_collected,1,C:\Users\jhiny\Desktop\nckh2\dataset\image_data\raw\vietnam_collected\bao_yagi_2024\low_flood\low_flood_000183.jpg,C:\Users\jhiny\Desktop\nckh2\dataset\image_data\processed\train\low_flood\img_000183_f0a5fd896f.jpg
img_000189,train,low_flood,bao_yagi_2024,vietnam_collected,1,C:\Users\jhiny\Desktop\nckh2\dataset\image_data\raw\vietnam_collected\bao_yagi_2024\low_flood\low_flood_000189.jpg,C:\Users\jhiny\Desktop\nckh2\dataset\image_data\processed\train\low_flood\img_000189_af0fda2664.jpg
img_000195,train,low_flood,bao_yagi_2024,vietnam_collected,1,C:\Users\jhiny\Desktop\nckh2\dataset\image_data\raw\vietnam_collected\bao_yagi_2024\low_flood\low_flood_000195.jpg,C:\Users\jhiny\Desktop\nckh2\dataset\image_data\processed\train\low_flood\img_000195_207a8dace1.jpg
img_000201,train,low_flood,bao_yagi_2024,vietnam_collected,1,C:\Users\jhiny\Desktop\nckh2\dataset\image_data\raw\vietnam_collected\bao_yagi_2024\low_flood\low_flood_000201.jpg,C:\Users\jhiny\Desktop\nckh2\dataset\image_data\processed\train\low_flood\img_000201_eff64d6235.jpg
img_000207,train,low_flood,bao_yagi_2024,vietnam_collected,1,C:\Users\jhiny\Desktop\nckh2\dataset\image_data\raw\vietnam_collected\bao_yagi_2024\low_flood\low_flood_000207.jpg,C:\Users\jhiny\Desktop\nckh2\dataset\image_data\processed\train\low_flood\img_000207_400931e56c.jpg
img_000125,train,low_flood,lu_nghe_an_2023,vietnam_collected,1,C:\Users\jhiny\Desktop\nckh2\dataset\image_data\raw\vietnam_collected\lu_nghe_an_2023\low_flood\low_flood_000125.jpg,C:\Users\jhiny\Desktop\nckh2\dataset\image_data\processed\train\low_flood\img_000125_99c43ca30a.jpg
img_000131,train,low_flood,lu_nghe_an_2023,vietnam_collected,1,C:\Users\jhiny\Desktop\nckh2\dataset\image_data\raw\vietnam_collected\lu_nghe_an_2023\low_flood\low_flood_000131.jpg,C:\Users\jhiny\Desktop\nckh2\dataset\image_data\processed\train\low_flood\img_000131_e150eaf921.jpg
img_000137,train,low_flood,lu_nghe_an_2023,vietnam_collected,1,C:\Users\jhiny\Desktop\nckh2\dataset\image_data\raw\vietnam_collected\lu_nghe_an_2023\low_flood\low_flood_000137.jpg,C:\Users\jhiny\Desktop\nckh2\dataset\image_data\processed\train\low_flood\img_000137_3299de12fd.jpg
img_000143,train,low_flood,lu_nghe_an_2023,vietnam_collected,1,C:\Users\jhiny\Desktop\nckh2\dataset\image_data\raw\vietnam_collected\lu_nghe_an_2023\low_flood\low_flood_000143.jpg,C:\Users\jhiny\Desktop\nckh2\dataset\image_data\processed\train\low_flood\img_000143_02691b3901.jpg
img_000149,train,low_flood,lu_nghe_an_2023,vietnam_collected,1,C:\Users\jhiny\Desktop\nckh2\dataset\image_data\raw\vietnam_collected\lu_nghe_an_2023\low_flood\low_flood_000149.jpg,C:\Users\jhiny\Desktop\nckh2\dataset\image_data\processed\train\low_flood\img_000149_78acbb5f9e.jpg
img_000155,train,low_flood,lu_nghe_an_2023,vietnam_collected,1,C:\Users\jhiny\Desktop\nckh2\dataset\image_data\raw\vietnam_collected\lu_nghe_an_2023\low_flood\low_flood_000155.jpg,C:\Users\jhiny\Desktop\nckh2\dataset\image_data\processed\train\low_flood\img_000155_80fee7c30b.jpg
img_000161,train,low_flood,lu_nghe_an_2023,vietnam_collected,1,C:\Users\jhiny\Desktop\nckh2\dataset\image_data\raw\vietnam_collected\lu_nghe_an_2023\low_flood\low_flood_000161.jpg,C:\Users\jhiny\Desktop\nckh2\dataset\image_data\processed\train\low_flood\img_000161_7f1d0d6a8b.jpg
img_000167,train,low_flood,lu_nghe_an_2023,vietnam_collected,1,C:\Users\jhiny\Desktop\nckh2\dataset\image_data\raw\vietnam_collected\lu_nghe_an_2023\low_flood\low_flood_000167.jpg,C:\Users\jhiny\Desktop\nckh2\dataset\image_data\processed\train\low_flood\img_000167_7fb9fcb15d.jpg
img_000173,train,low_flood,lu_nghe_an_2023,vietnam_collected,1,C:\Users\jhiny\Desktop\nckh2\dataset\image_data\raw\vietnam_collected\lu_nghe_an_2023\low_flood\low_flood_000173.jpg,C:\Users\jhiny\Desktop\nckh2\dataset\image_data\processed\train\low_flood\img_000173_39136e45aa.jpg
img_000179,train,low_flood,lu_nghe_an_2023,vietnam_collected,1,C:\Users\jhiny\Desktop\nckh2\dataset\image_data\raw\vietnam_collected\lu_nghe_an_2023\low_flood\low_flood_000179.jpg,C:\Users\jhiny\Desktop\nckh2\dataset\image_data\processed\train\low_flood\img_000179_1e5da55ad5.jpg
img_000185,train,low_flood,lu_nghe_an_2023,vietnam_collected,1,C:\Users\jhiny\Desktop\nckh2\dataset\image_data\raw\vietnam_collected\lu_nghe_an_2023\low_flood\low_flood_000185.jpg,C:\Users\jhiny\Desktop\nckh2\dataset\image_data\processed\train\low_flood\img_000185_b2eeb0020c.jpg
img_000191,train,low_flood,lu_nghe_an_2023,vietnam_collected,1,C:\Users\jhiny\Desktop\nckh2\dataset\image_data\raw\vietnam_collected\lu_nghe_an_2023\low_flood\low_flood_000191.jpg,C:\Users\jhiny\Desktop\nckh2\dataset\image_data\processed\train\low_flood\img_000191_e327d5d62e.jpg
img_000197,train,low_flood,lu_nghe_an_2023,vietnam_collected,1,C:\Users\jhiny\Desktop\nckh2\dataset\image_data\raw\vietnam_collected\lu_nghe_an_2023\low_flood\low_flood_000197.jpg,C:\Users\jhiny\Desktop\nckh2\dataset\image_data\processed\train\low_flood\img_000197_1fe149f9d3.jpg
img_000203,train,low_flood,lu_nghe_an_2023,vietnam_collected,1,C:\Users\jhiny\Desktop\nckh2\dataset\image_data\raw\vietnam_collected\lu_nghe_an_2023\low_flood\low_flood_000203.jpg,C:\Users\jhiny\Desktop\nckh2\dataset\image_data\processed\train\low_flood\img_000203_3294f9319e.jpg
img_000209,train,low_flood,lu_nghe_an_2023,vietnam_collected,1,C:\Users\jhiny\Desktop\nckh2\dataset\image_data\raw\vietnam_collected\lu_nghe_an_2023\low_flood\low_flood_000209.jpg,C:\Users\jhiny\Desktop\nckh2\dataset\image_data\processed\train\low_flood\img_000209_24f6432f4f.jpg
img_000122,train,low_flood,bao_noru_2022,vietnam_collected,1,C:\Users\jhiny\Desktop\nckh2\dataset\image_data\raw\vietnam_collected\bao_noru_2022\low_flood\low_flood_000122.jpg,C:\Users\jhiny\Desktop\nckh2\dataset\image_data\processed\train\low_flood\img_000122_cf1b27f7d9.jpg
img_000128,train,low_flood,bao_noru_2022,vietnam_collected,1,C:\Users\jhiny\Desktop\nckh2\dataset\image_data\raw\vietnam_collected\bao_noru_2022\low_flood\low_flood_000128.jpg,C:\Users\jhiny\Desktop\nckh2\dataset\image_data\processed\train\low_flood\img_000128_71d026b8d7.jpg
img_000134,train,low_flood,bao_noru_2022,vietnam_collected,1,C:\Users\jhiny\Desktop\nckh2\dataset\image_data\raw\vietnam_collected\bao_noru_2022\low_flood\low_flood_000134.jpg,C:\Users\jhiny\Desktop\nckh2\dataset\image_data\processed\train\low_flood\img_000134_8481feca4b.jpg
img_000140,train,low_flood,bao_noru_2022,vietnam_collected,1,C:\Users\jhiny\Desktop\nckh2\dataset\image_data\raw\vietnam_collected\bao_noru_2022\low_flood\low_flood_000140.jpg,C:\Users\jhiny\Desktop\nckh2\dataset\image_data\processed\train\low_flood\img_000140_e1d83ded62.jpg
img_000146,train,low_flood,bao_noru_2022,vietnam_collected,1,C:\Users\jhiny\Desktop\nckh2\dataset\image_data\raw\vietnam_collected\bao_noru_2022\low_flood\low_flood_000146.jpg,C:\Users\jhiny\Desktop\nckh2\dataset\image_data\processed\train\low_flood\img_000146_58520e779f.jpg
img_000152,train,low_flood,bao_noru_2022,vietnam_collected,1,C:\Users\jhiny\Desktop\nckh2\dataset\image_data\raw\vietnam_collected\bao_noru_2022\low_flood\low_flood_000152.jpg,C:\Users\jhiny\Desktop\nckh2\dataset\image_data\processed\train\low_flood\img_000152_f8394fcc9f.jpg
img_000158,train,low_flood,bao_noru_2022,vietnam_collected,1,C:\Users\jhiny\Desktop\nckh2\dataset\image_data\raw\vietnam_collected\bao_noru_2022\low_flood\low_flood_000158.jpg,C:\Users\jhiny\Desktop\nckh2\dataset\image_data\processed\train\low_flood\img_000158_805af97a0c.jpg
img_000164,train,low_flood,bao_noru_2022,vietnam_collected,1,C:\Users\jhiny\Desktop\nckh2\dataset\image_data\raw\vietnam_collected\bao_noru_2022\low_flood\low_flood_000164.jpg,C:\Users\jhiny\Desktop\nckh2\dataset\image_data\processed\train\low_flood\img_000164_b9badff2e9.jpg
img_000170,train,low_flood,bao_noru_2022,vietnam_collected,1,C:\Users\jhiny\Desktop\nckh2\dataset\image_data\raw\vietnam_collected\bao_noru_2022\low_flood\low_flood_000170.jpg,C:\Users\jhiny\Desktop\nckh2\dataset\image_data\processed\train\low_flood\img_000170_8fe931a0f6.jpg
img_000176,train,low_flood,bao_noru_2022,vietnam_collected,1,C:\Users\jhiny\Desktop\nckh2\dataset\image_data\raw\vietnam_collected\bao_noru_2022\low_flood\low_flood_000176.jpg,C:\Users\jhiny\Desktop\nckh2\dataset\image_data\processed\train\low_flood\img_000176_d85cdf42d7.jpg
img_000182,train,low_flood,bao_noru_2022,vietnam_collected,1,C:\Users\jhiny\Desktop\nckh2\dataset\image_data\raw\vietnam_collected\bao_noru_2022\low_flood\low_flood_000182.jpg,C:\Users\jhiny\Desktop\nckh2\dataset\image_data\processed\train\low_flood\img_000182_6290a48b0d.jpg
img_000188,train,low_flood,bao_noru_2022,vietnam_collected,1,C:\Users\jhiny\Desktop\nckh2\dataset\image_data\raw\vietnam_collected\bao_noru_2022\low_flood\low_flood_000188.jpg,C:\Users\jhiny\Desktop\nckh2\dataset\image_data\processed\train\low_flood\img_000188_3b481eb328.jpg
img_000194,train,low_flood,bao_noru_2022,vietnam_collected,1,C:\Users\jhiny\Desktop\nckh2\dataset\image_data\raw\vietnam_collected\bao_noru_2022\low_flood\low_flood_000194.jpg,C:\Users\jhiny\Desktop\nckh2\dataset\image_data\processed\train\low_flood\img_000194_4a411bf192.jpg
img_000200,train,low_flood,bao_noru_2022,vietnam_collected,1,C:\Users\jhiny\Desktop\nckh2\dataset\image_data\raw\vietnam_collected\bao_noru_2022\low_flood\low_flood_000200.jpg,C:\Users\jhiny\Desktop\nckh2\dataset\image_data\processed\train\low_flood\img_000200_99c07d3669.jpg
img_000206,train,low_flood,bao_noru_2022,vietnam_collected,1,C:\Users\jhiny\Desktop\nckh2\dataset\image_data\raw\vietnam_collected\bao_noru_2022\low_flood\low_flood_000206.jpg,C:\Users\jhiny\Desktop\nckh2\dataset\image_data\processed\train\low_flood\img_000206_6c612b7c85.jpg
img_000213,train,low_flood,pakistan_flood_2022,crisismmd,0,C:\Users\jhiny\Desktop\nckh2\dataset\image_data\raw\crisismmd\pakistan_flood_2022\low_flood\low_flood_000213.jpg,C:\Users\jhiny\Desktop\nckh2\dataset\image_data\processed\train\low_flood\img_000213_90371a324f.jpg
img_000217,train,low_flood,pakistan_flood_2022,crisismmd,0,C:\Users\jhiny\Desktop\nckh2\dataset\image_data\raw\crisismmd\pakistan_flood_2022\low_flood\low_flood_000217.jpg,C:\Users\jhiny\Desktop\nckh2\dataset\image_data\processed\train\low_flood\img_000217_b7d63846b3.jpg
img_000221,train,low_flood,pakistan_flood_2022,crisismmd,0,C:\Users\jhiny\Desktop\nckh2\dataset\image_data\raw\crisismmd\pakistan_flood_2022\low_flood\low_flood_000221.jpg,C:\Users\jhiny\Desktop\nckh2\dataset\image_data\processed\train\low_flood\img_000221_a240c15cad.jpg
img_000225,train,low_flood,pakistan_flood_2022,crisismmd,0,C:\Users\jhiny\Desktop\nckh2\dataset\image_data\raw\crisismmd\pakistan_flood_2022\low_flood\low_flood_000225.jpg,C:\Users\jhiny\Desktop\nckh2\dataset\image_data\processed\train\low_flood\img_000225_1a937366bc.jpg
img_000229,train,low_flood,pakistan_flood_2022,crisismmd,0,C:\Users\jhiny\Desktop\nckh2\dataset\image_data\raw\crisismmd\pakistan_flood_2022\low_flood\low_flood_000229.jpg,C:\Users\jhiny\Desktop\nckh2\dataset\image_data\processed\train\low_flood\img_000229_742fd690bb.jpg
img_000233,train,low_flood,pakistan_flood_2022,crisismmd,0,C:\Users\jhiny\Desktop\nckh2\dataset\image_data\raw\crisismmd\pakistan_flood_2022\low_flood\low_flood_000233.jpg,C:\Users\jhiny\Desktop\nckh2\dataset\image_data\processed\train\low_flood\img_000233_0f7d601c5a.jpg
img_000237,train,low_flood,pakistan_flood_2022,crisismmd,0,C:\Users\jhiny\Desktop\nckh2\dataset\image_data\raw\crisismmd\pakistan_flood_2022\low_flood\low_flood_000237.jpg,C:\Users\jhiny\Desktop\nckh2\dataset\image_data\processed\train\low_flood\img_000237_d91ea5e27e.jpg
img_000212,train,low_flood,kerala_flood_2018,floodnet,0,C:\Users\jhiny\Desktop\nckh2\dataset\image_data\raw\floodnet\kerala_flood_2018\low_flood\low_flood_000212.jpg,C:\Users\jhiny\Desktop\nckh2\dataset\image_data\processed\train\low_flood\img_000212_81896624a4.jpg
img_000216,train,low_flood,kerala_flood_2018,floodnet,0,C:\Users\jhiny\Desktop\nckh2\dataset\image_data\raw\floodnet\kerala_flood_2018\low_flood\low_flood_000216.jpg,C:\Users\jhiny\Desktop\nckh2\dataset\image_data\processed\train\low_flood\img_000216_88b0c30754.jpg
img_000220,train,low_flood,kerala_flood_2018,floodnet,0,C:\Users\jhiny\Desktop\nckh2\dataset\image_data\raw\floodnet\kerala_flood_2018\low_flood\low_flood_000220.jpg,C:\Users\jhiny\Desktop\nckh2\dataset\image_data\processed\train\low_flood\img_000220_2318520486.jpg
img_000224,train,low_flood,kerala_flood_2018,floodnet,0,C:\Users\jhiny\Desktop\nckh2\dataset\image_data\raw\floodnet\kerala_flood_2018\low_flood\low_flood_000224.jpg,C:\Users\jhiny\Desktop\nckh2\dataset\image_data\processed\train\low_flood\img_000224_fdfef4949e.jpg
img_000228,train,low_flood,kerala_flood_2018,floodnet,0,C:\Users\jhiny\Desktop\nckh2\dataset\image_data\raw\floodnet\kerala_flood_2018\low_flood\low_flood_000228.jpg,C:\Users\jhiny\Desktop\nckh2\dataset\image_data\processed\train\low_flood\img_000228_376e7f27df.jpg
img_000232,train,low_flood,kerala_flood_2018,floodnet,0,C:\Users\jhiny\Desktop\nckh2\dataset\image_data\raw\floodnet\kerala_flood_2018\low_flood\low_flood_000232.jpg,C:\Users\jhiny\Desktop\nckh2\dataset\image_data\processed\train\low_flood\img_000232_4b00aa6df7.jpg
img_000236,train,low_flood,kerala_flood_2018,floodnet,0,C:\Users\jhiny\Desktop\nckh2\dataset\image_data\raw\floodnet\kerala_flood_2018\low_flood\low_flood_000236.jpg,C:\Users\jhiny\Desktop\nckh2\dataset\image_data\processed\train\low_flood\img_000236_81e7bea12f.jpg
img_000240,train,low_flood,kerala_flood_2018,floodnet,0,C:\Users\jhiny\Desktop\nckh2\dataset\image_data\raw\floodnet\kerala_flood_2018\low_flood\low_flood_000240.jpg,C:\Users\jhiny\Desktop\nckh2\dataset\image_data\processed\train\low_flood\img_000240_447141875a.jpg
img_000332,train,high_flood,kerala_flood_2018,floodnet,0,C:\Users\jhiny\Desktop\nckh2\dataset\image_data\raw\floodnet\kerala_flood_2018\high_flood\high_flood_000332.jpg,C:\Users\jhiny\Desktop\nckh2\dataset\image_data\processed\train\high_flood\img_000332_57bbd0c63f.jpg
img_000336,train,high_flood,kerala_flood_2018,floodnet,0,C:\Users\jhiny\Desktop\nckh2\dataset\image_data\raw\floodnet\kerala_flood_2018\high_flood\high_flood_000336.jpg,C:\Users\jhiny\Desktop\nckh2\dataset\image_data\processed\train\high_flood\img_000336_830756d562.jpg
img_000340,train,high_flood,kerala_flood_2018,floodnet,0,C:\Users\jhiny\Desktop\nckh2\dataset\image_data\raw\floodnet\kerala_flood_2018\high_flood\high_flood_000340.jpg,C:\Users\jhiny\Desktop\nckh2\dataset\image_data\processed\train\high_flood\img_000340_5863312fe6.jpg
img_000344,train,high_flood,kerala_flood_2018,floodnet,0,C:\Users\jhiny\Desktop\nckh2\dataset\image_data\raw\floodnet\kerala_flood_2018\high_flood\high_flood_000344.jpg,C:\Users\jhiny\Desktop\nckh2\dataset\image_data\processed\train\high_flood\img_000344_fd28028b64.jpg
img_000348,train,high_flood,kerala_flood_2018,floodnet,0,C:\Users\jhiny\Desktop\nckh2\dataset\image_data\raw\floodnet\kerala_flood_2018\high_flood\high_flood_000348.jpg,C:\Users\jhiny\Desktop\nckh2\dataset\image_data\processed\train\high_flood\img_000348_0064bf77b0.jpg
img_000352,train,high_flood,kerala_flood_2018,floodnet,0,C:\Users\jhiny\Desktop\nckh2\dataset\image_data\raw\floodnet\kerala_flood_2018\high_flood\high_flood_000352.jpg,C:\Users\jhiny\Desktop\nckh2\dataset\image_data\processed\train\high_flood\img_000352_9df4f4591c.jpg
img_000356,train,high_flood,kerala_flood_2018,floodnet,0,C:\Users\jhiny\Desktop\nckh2\dataset\image_data\raw\floodnet\kerala_flood_2018\high_flood\high_flood_000356.jpg,C:\Users\jhiny\Desktop\nckh2\dataset\image_data\processed\train\high_flood\img_000356_7d297b8659.jpg
img_000360,train,high_flood,kerala_flood_2018,floodnet,0,C:\Users\jhiny\Desktop\nckh2\dataset\image_data\raw\floodnet\kerala_flood_2018\high_flood\high_flood_000360.jpg,C:\Users\jhiny\Desktop\nckh2\dataset\image_data\processed\train\high_flood\img_000360_077d3c3841.jpg
img_000246,train,high_flood,ngap_hcm_2022,vietnam_collected,1,C:\Users\jhiny\Desktop\nckh2\dataset\image_data\raw\vietnam_collected\ngap_hcm_2022\high_flood\high_flood_000246.jpg,C:\Users\jhiny\Desktop\nckh2\dataset\image_data\processed\train\high_flood\img_000246_a7656ca853.jpg
img_000252,train,high_flood,ngap_hcm_2022,vietnam_collected,1,C:\Users\jhiny\Desktop\nckh2\dataset\image_data\raw\vietnam_collected\ngap_hcm_2022\high_flood\high_flood_000252.jpg,C:\Users\jhiny\Desktop\nckh2\dataset\image_data\processed\train\high_flood\img_000252_baf4b894e1.jpg
img_000258,train,high_flood,ngap_hcm_2022,vietnam_collected,1,C:\Users\jhiny\Desktop\nckh2\dataset\image_data\raw\vietnam_collected\ngap_hcm_2022\high_flood\high_flood_000258.jpg,C:\Users\jhiny\Desktop\nckh2\dataset\image_data\processed\train\high_flood\img_000258_18ef5314d3.jpg
img_000264,train,high_flood,ngap_hcm_2022,vietnam_collected,1,C:\Users\jhiny\Desktop\nckh2\dataset\image_data\raw\vietnam_collected\ngap_hcm_2022\high_flood\high_flood_000264.jpg,C:\Users\jhiny\Desktop\nckh2\dataset\image_data\processed\train\high_flood\img_000264_e13feb4c57.jpg
img_000270,train,high_flood,ngap_hcm_2022,vietnam_collected,1,C:\Users\jhiny\Desktop\nckh2\dataset\image_data\raw\vietnam_collected\ngap_hcm_2022\high_flood\high_flood_000270.jpg,C:\Users\jhiny\Desktop\nckh2\dataset\image_data\processed\train\high_flood\img_000270_f5734df4f3.jpg
img_000276,train,high_flood,ngap_hcm_2022,vietnam_collected,1,C:\Users\jhiny\Desktop\nckh2\dataset\image_data\raw\vietnam_collected\ngap_hcm_2022\high_flood\high_flood_000276.jpg,C:\Users\jhiny\Desktop\nckh2\dataset\image_data\processed\train\high_flood\img_000276_87d6015daa.jpg
img_000282,train,high_flood,ngap_hcm_2022,vietnam_collected,1,C:\Users\jhiny\Desktop\nckh2\dataset\image_data\raw\vietnam_collected\ngap_hcm_2022\high_flood\high_flood_000282.jpg,C:\Users\jhiny\Desktop\nckh2\dataset\image_data\processed\train\high_flood\img_000282_f79b7bd2da.jpg
img_000288,train,high_flood,ngap_hcm_2022,vietnam_collected,1,C:\Users\jhiny\Desktop\nckh2\dataset\image_data\raw\vietnam_collected\ngap_hcm_2022\high_flood\high_flood_000288.jpg,C:\Users\jhiny\Desktop\nckh2\dataset\image_data\processed\train\high_flood\img_000288_4f7ce5f8a4.jpg
img_000294,train,high_flood,ngap_hcm_2022,vietnam_collected,1,C:\Users\jhiny\Desktop\nckh2\dataset\image_data\raw\vietnam_collected\ngap_hcm_2022\high_flood\high_flood_000294.jpg,C:\Users\jhiny\Desktop\nckh2\dataset\image_data\processed\train\high_flood\img_000294_9fb6fe17ef.jpg
img_000300,train,high_flood,ngap_hcm_2022,vietnam_collected,1,C:\Users\jhiny\Desktop\nckh2\dataset\image_data\raw\vietnam_collected\ngap_hcm_2022\high_flood\high_flood_000300.jpg,C:\Users\jhiny\Desktop\nckh2\dataset\image_data\processed\train\high_flood\img_000300_f6487e5714.jpg
img_000306,train,high_flood,ngap_hcm_2022,vietnam_collected,1,C:\Users\jhiny\Desktop\nckh2\dataset\image_data\raw\vietnam_collected\ngap_hcm_2022\high_flood\high_flood_000306.jpg,C:\Users\jhiny\Desktop\nckh2\dataset\image_data\processed\train\high_flood\img_000306_2da730ecbb.jpg
img_000312,train,high_flood,ngap_hcm_2022,vietnam_collected,1,C:\Users\jhiny\Desktop\nckh2\dataset\image_data\raw\vietnam_collected\ngap_hcm_2022\high_flood\high_flood_000312.jpg,C:\Users\jhiny\Desktop\nckh2\dataset\image_data\processed\train\high_flood\img_000312_32bf7577ce.jpg
img_000318,train,high_flood,ngap_hcm_2022,vietnam_collected,1,C:\Users\jhiny\Desktop\nckh2\dataset\image_data\raw\vietnam_collected\ngap_hcm_2022\high_flood\high_flood_000318.jpg,C:\Users\jhiny\Desktop\nckh2\dataset\image_data\processed\train\high_flood\img_000318_9a4f61b55f.jpg
img_000324,train,high_flood,ngap_hcm_2022,vietnam_collected,1,C:\Users\jhiny\Desktop\nckh2\dataset\image_data\raw\vietnam_collected\ngap_hcm_2022\high_flood\high_flood_000324.jpg,C:\Users\jhiny\Desktop\nckh2\dataset\image_data\processed\train\high_flood\img_000324_ac5726f779.jpg
img_000330,train,high_flood,ngap_hcm_2022,vietnam_collected,1,C:\Users\jhiny\Desktop\nckh2\dataset\image_data\raw\vietnam_collected\ngap_hcm_2022\high_flood\high_flood_000330.jpg,C:\Users\jhiny\Desktop\nckh2\dataset\image_data\processed\train\high_flood\img_000330_e03858c129.jpg
img_000241,train,high_flood,lu_mien_trung_2020,vietnam_collected,1,C:\Users\jhiny\Desktop\nckh2\dataset\image_data\raw\vietnam_collected\lu_mien_trung_2020\high_flood\high_flood_000241.jpg,C:\Users\jhiny\Desktop\nckh2\dataset\image_data\processed\train\high_flood\img_000241_7b8dac8967.jpg
img_000247,train,high_flood,lu_mien_trung_2020,vietnam_collected,1,C:\Users\jhiny\Desktop\nckh2\dataset\image_data\raw\vietnam_collected\lu_mien_trung_2020\high_flood\high_flood_000247.jpg,C:\Users\jhiny\Desktop\nckh2\dataset\image_data\processed\train\high_flood\img_000247_427599a281.jpg
img_000253,train,high_flood,lu_mien_trung_2020,vietnam_collected,1,C:\Users\jhiny\Desktop\nckh2\dataset\image_data\raw\vietnam_collected\lu_mien_trung_2020\high_flood\high_flood_000253.jpg,C:\Users\jhiny\Desktop\nckh2\dataset\image_data\processed\train\high_flood\img_000253_9deaf5f42c.jpg
img_000259,train,high_flood,lu_mien_trung_2020,vietnam_collected,1,C:\Users\jhiny\Desktop\nckh2\dataset\image_data\raw\vietnam_collected\lu_mien_trung_2020\high_flood\high_flood_000259.jpg,C:\Users\jhiny\Desktop\nckh2\dataset\image_data\processed\train\high_flood\img_000259_5ddb58b8c7.jpg
img_000265,train,high_flood,lu_mien_trung_2020,vietnam_collected,1,C:\Users\jhiny\Desktop\nckh2\dataset\image_data\raw\vietnam_collected\lu_mien_trung_2020\high_flood\high_flood_000265.jpg,C:\Users\jhiny\Desktop\nckh2\dataset\image_data\processed\train\high_flood\img_000265_82dda24e2d.jpg
img_000271,train,high_flood,lu_mien_trung_2020,vietnam_collected,1,C:\Users\jhiny\Desktop\nckh2\dataset\image_data\raw\vietnam_collected\lu_mien_trung_2020\high_flood\high_flood_000271.jpg,C:\Users\jhiny\Desktop\nckh2\dataset\image_data\processed\train\high_flood\img_000271_4e2230a241.jpg
img_000277,train,high_flood,lu_mien_trung_2020,vietnam_collected,1,C:\Users\jhiny\Desktop\nckh2\dataset\image_data\raw\vietnam_collected\lu_mien_trung_2020\high_flood\high_flood_000277.jpg,C:\Users\jhiny\Desktop\nckh2\dataset\image_data\processed\train\high_flood\img_000277_0c051fd300.jpg
img_000283,train,high_flood,lu_mien_trung_2020,vietnam_collected,1,C:\Users\jhiny\Desktop\nckh2\dataset\image_data\raw\vietnam_collected\lu_mien_trung_2020\high_flood\high_flood_000283.jpg,C:\Users\jhiny\Desktop\nckh2\dataset\image_data\processed\train\high_flood\img_000283_ae2a03e7e1.jpg
img_000289,train,high_flood,lu_mien_trung_2020,vietnam_collected,1,C:\Users\jhiny\Desktop\nckh2\dataset\image_data\raw\vietnam_collected\lu_mien_trung_2020\high_flood\high_flood_000289.jpg,C:\Users\jhiny\Desktop\nckh2\dataset\image_data\processed\train\high_flood\img_000289_7cc5dbd54c.jpg
img_000295,train,high_flood,lu_mien_trung_2020,vietnam_collected,1,C:\Users\jhiny\Desktop\nckh2\dataset\image_data\raw\vietnam_collected\lu_mien_trung_2020\high_flood\high_flood_000295.jpg,C:\Users\jhiny\Desktop\nckh2\dataset\image_data\processed\train\high_flood\img_000295_97c9d48058.jpg
img_000301,train,high_flood,lu_mien_trung_2020,vietnam_collected,1,C:\Users\jhiny\Desktop\nckh2\dataset\image_data\raw\vietnam_collected\lu_mien_trung_2020\high_flood\high_flood_000301.jpg,C:\Users\jhiny\Desktop\nckh2\dataset\image_data\processed\train\high_flood\img_000301_9f32f877eb.jpg
img_000307,train,high_flood,lu_mien_trung_2020,vietnam_collected,1,C:\Users\jhiny\Desktop\nckh2\dataset\image_data\raw\vietnam_collected\lu_mien_trung_2020\high_flood\high_flood_000307.jpg,C:\Users\jhiny\Desktop\nckh2\dataset\image_data\processed\train\high_flood\img_000307_e9cbc1cc35.jpg
img_000313,train,high_flood,lu_mien_trung_2020,vietnam_collected,1,C:\Users\jhiny\Desktop\nckh2\dataset\image_data\raw\vietnam_collected\lu_mien_trung_2020\high_flood\high_flood_000313.jpg,C:\Users\jhiny\Desktop\nckh2\dataset\image_data\processed\train\high_flood\img_000313_b6b49a63fd.jpg
img_000319,train,high_flood,lu_mien_trung_2020,vietnam_collected,1,C:\Users\jhiny\Desktop\nckh2\dataset\image_data\raw\vietnam_collected\lu_mien_trung_2020\high_flood\high_flood_000319.jpg,C:\Users\jhiny\Desktop\nckh2\dataset\image_data\processed\train\high_flood\img_000319_5af55015d9.jpg
img_000325,train,high_flood,lu_mien_trung_2020,vietnam_collected,1,C:\Users\jhiny\Desktop\nckh2\dataset\image_data\raw\vietnam_collected\lu_mien_trung_2020\high_flood\high_flood_000325.jpg,C:\Users\jhiny\Desktop\nckh2\dataset\image_data\processed\train\high_flood\img_000325_b048d8e0b3.jpg
img_000243,train,high_flood,bao_yagi_2024,vietnam_collected,1,C:\Users\jhiny\Desktop\nckh2\dataset\image_data\raw\vietnam_collected\bao_yagi_2024\high_flood\high_flood_000243.jpg,C:\Users\jhiny\Desktop\nckh2\dataset\image_data\processed\train\high_flood\img_000243_f3935fb7f2.jpg
img_000249,train,high_flood,bao_yagi_2024,vietnam_collected,1,C:\Users\jhiny\Desktop\nckh2\dataset\image_data\raw\vietnam_collected\bao_yagi_2024\high_flood\high_flood_000249.jpg,C:\Users\jhiny\Desktop\nckh2\dataset\image_data\processed\train\high_flood\img_000249_0992a925ad.jpg
img_000255,train,high_flood,bao_yagi_2024,vietnam_collected,1,C:\Users\jhiny\Desktop\nckh2\dataset\image_data\raw\vietnam_collected\bao_yagi_2024\high_flood\high_flood_000255.jpg,C:\Users\jhiny\Desktop\nckh2\dataset\image_data\processed\train\high_flood\img_000255_66d2d9d3c1.jpg
img_000261,train,high_flood,bao_yagi_2024,vietnam_collected,1,C:\Users\jhiny\Desktop\nckh2\dataset\image_data\raw\vietnam_collected\bao_yagi_2024\high_flood\high_flood_000261.jpg,C:\Users\jhiny\Desktop\nckh2\dataset\image_data\processed\train\high_flood\img_000261_2f979af975.jpg
img_000267,train,high_flood,bao_yagi_2024,vietnam_collected,1,C:\Users\jhiny\Desktop\nckh2\dataset\image_data\raw\vietnam_collected\bao_yagi_2024\high_flood\high_flood_000267.jpg,C:\Users\jhiny\Desktop\nckh2\dataset\image_data\processed\train\high_flood\img_000267_38a950b4e5.jpg
img_000273,train,high_flood,bao_yagi_2024,vietnam_collected,1,C:\Users\jhiny\Desktop\nckh2\dataset\image_data\raw\vietnam_collected\bao_yagi_2024\high_flood\high_flood_000273.jpg,C:\Users\jhiny\Desktop\nckh2\dataset\image_data\processed\train\high_flood\img_000273_00e7fac9bb.jpg
img_000279,train,high_flood,bao_yagi_2024,vietnam_collected,1,C:\Users\jhiny\Desktop\nckh2\dataset\image_data\raw\vietnam_collected\bao_yagi_2024\high_flood\high_flood_000279.jpg,C:\Users\jhiny\Desktop\nckh2\dataset\image_data\processed\train\high_flood\img_000279_9dd6b9d51f.jpg
img_000285,train,high_flood,bao_yagi_2024,vietnam_collected,1,C:\Users\jhiny\Desktop\nckh2\dataset\image_data\raw\vietnam_collected\bao_yagi_2024\high_flood\high_flood_000285.jpg,C:\Users\jhiny\Desktop\nckh2\dataset\image_data\processed\train\high_flood\img_000285_d53699d62d.jpg
img_000291,train,high_flood,bao_yagi_2024,vietnam_collected,1,C:\Users\jhiny\Desktop\nckh2\dataset\image_data\raw\vietnam_collected\bao_yagi_2024\high_flood\high_flood_000291.jpg,C:\Users\jhiny\Desktop\nckh2\dataset\image_data\processed\train\high_flood\img_000291_556fda28f6.jpg
img_000297,train,high_flood,bao_yagi_2024,vietnam_collected,1,C:\Users\jhiny\Desktop\nckh2\dataset\image_data\raw\vietnam_collected\bao_yagi_2024\high_flood\high_flood_000297.jpg,C:\Users\jhiny\Desktop\nckh2\dataset\image_data\processed\train\high_flood\img_000297_0daa505354.jpg
img_000303,train,high_flood,bao_yagi_2024,vietnam_collected,1,C:\Users\jhiny\Desktop\nckh2\dataset\image_data\raw\vietnam_collected\bao_yagi_2024\high_flood\high_flood_000303.jpg,C:\Users\jhiny\Desktop\nckh2\dataset\image_data\processed\train\high_flood\img_000303_199291c697.jpg
img_000309,train,high_flood,bao_yagi_2024,vietnam_collected,1,C:\Users\jhiny\Desktop\nckh2\dataset\image_data\raw\vietnam_collected\bao_yagi_2024\high_flood\high_flood_000309.jpg,C:\Users\jhiny\Desktop\nckh2\dataset\image_data\processed\train\high_flood\img_000309_c3db3338de.jpg
img_000315,train,high_flood,bao_yagi_2024,vietnam_collected,1,C:\Users\jhiny\Desktop\nckh2\dataset\image_data\raw\vietnam_collected\bao_yagi_2024\high_flood\high_flood_000315.jpg,C:\Users\jhiny\Desktop\nckh2\dataset\image_data\processed\train\high_flood\img_000315_b099e8f7eb.jpg
img_000321,train,high_flood,bao_yagi_2024,vietnam_collected,1,C:\Users\jhiny\Desktop\nckh2\dataset\image_data\raw\vietnam_collected\bao_yagi_2024\high_flood\high_flood_000321.jpg,C:\Users\jhiny\Desktop\nckh2\dataset\image_data\processed\train\high_flood\img_000321_ed2c58dd90.jpg
img_000327,train,high_flood,bao_yagi_2024,vietnam_collected,1,C:\Users\jhiny\Desktop\nckh2\dataset\image_data\raw\vietnam_collected\bao_yagi_2024\high_flood\high_flood_000327.jpg,C:\Users\jhiny\Desktop\nckh2\dataset\image_data\processed\train\high_flood\img_000327_b09861a5ba.jpg
img_000245,train,high_flood,lu_nghe_an_2023,vietnam_collected,1,C:\Users\jhiny\Desktop\nckh2\dataset\image_data\raw\vietnam_collected\lu_nghe_an_2023\high_flood\high_flood_000245.jpg,C:\Users\jhiny\Desktop\nckh2\dataset\image_data\processed\train\high_flood\img_000245_c2c24b5f4b.jpg
img_000251,train,high_flood,lu_nghe_an_2023,vietnam_collected,1,C:\Users\jhiny\Desktop\nckh2\dataset\image_data\raw\vietnam_collected\lu_nghe_an_2023\high_flood\high_flood_000251.jpg,C:\Users\jhiny\Desktop\nckh2\dataset\image_data\processed\train\high_flood\img_000251_12ca452749.jpg
img_000257,train,high_flood,lu_nghe_an_2023,vietnam_collected,1,C:\Users\jhiny\Desktop\nckh2\dataset\image_data\raw\vietnam_collected\lu_nghe_an_2023\high_flood\high_flood_000257.jpg,C:\Users\jhiny\Desktop\nckh2\dataset\image_data\processed\train\high_flood\img_000257_526142e5b2.jpg
img_000263,train,high_flood,lu_nghe_an_2023,vietnam_collected,1,C:\Users\jhiny\Desktop\nckh2\dataset\image_data\raw\vietnam_collected\lu_nghe_an_2023\high_flood\high_flood_000263.jpg,C:\Users\jhiny\Desktop\nckh2\dataset\image_data\processed\train\high_flood\img_000263_205e7d96d4.jpg
img_000269,train,high_flood,lu_nghe_an_2023,vietnam_collected,1,C:\Users\jhiny\Desktop\nckh2\dataset\image_data\raw\vietnam_collected\lu_nghe_an_2023\high_flood\high_flood_000269.jpg,C:\Users\jhiny\Desktop\nckh2\dataset\image_data\processed\train\high_flood\img_000269_df55764fe6.jpg
img_000275,train,high_flood,lu_nghe_an_2023,vietnam_collected,1,C:\Users\jhiny\Desktop\nckh2\dataset\image_data\raw\vietnam_collected\lu_nghe_an_2023\high_flood\high_flood_000275.jpg,C:\Users\jhiny\Desktop\nckh2\dataset\image_data\processed\train\high_flood\img_000275_fcd20a3421.jpg
img_000281,train,high_flood,lu_nghe_an_2023,vietnam_collected,1,C:\Users\jhiny\Desktop\nckh2\dataset\image_data\raw\vietnam_collected\lu_nghe_an_2023\high_flood\high_flood_000281.jpg,C:\Users\jhiny\Desktop\nckh2\dataset\image_data\processed\train\high_flood\img_000281_1293091885.jpg
img_000287,train,high_flood,lu_nghe_an_2023,vietnam_collected,1,C:\Users\jhiny\Desktop\nckh2\dataset\image_data\raw\vietnam_collected\lu_nghe_an_2023\high_flood\high_flood_000287.jpg,C:\Users\jhiny\Desktop\nckh2\dataset\image_data\processed\train\high_flood\img_000287_ef344a06e2.jpg
img_000293,train,high_flood,lu_nghe_an_2023,vietnam_collected,1,C:\Users\jhiny\Desktop\nckh2\dataset\image_data\raw\vietnam_collected\lu_nghe_an_2023\high_flood\high_flood_000293.jpg,C:\Users\jhiny\Desktop\nckh2\dataset\image_data\processed\train\high_flood\img_000293_02e5271af9.jpg
img_000299,train,high_flood,lu_nghe_an_2023,vietnam_collected,1,C:\Users\jhiny\Desktop\nckh2\dataset\image_data\raw\vietnam_collected\lu_nghe_an_2023\high_flood\high_flood_000299.jpg,C:\Users\jhiny\Desktop\nckh2\dataset\image_data\processed\train\high_flood\img_000299_026231abd8.jpg
img_000305,train,high_flood,lu_nghe_an_2023,vietnam_collected,1,C:\Users\jhiny\Desktop\nckh2\dataset\image_data\raw\vietnam_collected\lu_nghe_an_2023\high_flood\high_flood_000305.jpg,C:\Users\jhiny\Desktop\nckh2\dataset\image_data\processed\train\high_flood\img_000305_c69036b07f.jpg
img_000311,train,high_flood,lu_nghe_an_2023,vietnam_collected,1,C:\Users\jhiny\Desktop\nckh2\dataset\image_data\raw\vietnam_collected\lu_nghe_an_2023\high_flood\high_flood_000311.jpg,C:\Users\jhiny\Desktop\nckh2\dataset\image_data\processed\train\high_flood\img_000311_13e2245f12.jpg
img_000317,train,high_flood,lu_nghe_an_2023,vietnam_collected,1,C:\Users\jhiny\Desktop\nckh2\dataset\image_data\raw\vietnam_collected\lu_nghe_an_2023\high_flood\high_flood_000317.jpg,C:\Users\jhiny\Desktop\nckh2\dataset\image_data\processed\train\high_flood\img_000317_e0b880c6bb.jpg
img_000323,train,high_flood,lu_nghe_an_2023,vietnam_collected,1,C:\Users\jhiny\Desktop\nckh2\dataset\image_data\raw\vietnam_collected\lu_nghe_an_2023\high_flood\high_flood_000323.jpg,C:\Users\jhiny\Desktop\nckh2\dataset\image_data\processed\train\high_flood\img_000323_7e167829fa.jpg
img_000329,train,high_flood,lu_nghe_an_2023,vietnam_collected,1,C:\Users\jhiny\Desktop\nckh2\dataset\image_data\raw\vietnam_collected\lu_nghe_an_2023\high_flood\high_flood_000329.jpg,C:\Users\jhiny\Desktop\nckh2\dataset\image_data\processed\train\high_flood\img_000329_41c7f07e9a.jpg
img_000334,train,high_flood,idai_2019,floodnet,0,C:\Users\jhiny\Desktop\nckh2\dataset\image_data\raw\floodnet\idai_2019\high_flood\high_flood_000334.jpg,C:\Users\jhiny\Desktop\nckh2\dataset\image_data\processed\train\high_flood\img_000334_aa822f4960.jpg
img_000338,train,high_flood,idai_2019,floodnet,0,C:\Users\jhiny\Desktop\nckh2\dataset\image_data\raw\floodnet\idai_2019\high_flood\high_flood_000338.jpg,C:\Users\jhiny\Desktop\nckh2\dataset\image_data\processed\train\high_flood\img_000338_00e849bf6d.jpg
img_000342,train,high_flood,idai_2019,floodnet,0,C:\Users\jhiny\Desktop\nckh2\dataset\image_data\raw\floodnet\idai_2019\high_flood\high_flood_000342.jpg,C:\Users\jhiny\Desktop\nckh2\dataset\image_data\processed\train\high_flood\img_000342_e14f2e3eca.jpg
img_000346,train,high_flood,idai_2019,floodnet,0,C:\Users\jhiny\Desktop\nckh2\dataset\image_data\raw\floodnet\idai_2019\high_flood\high_flood_000346.jpg,C:\Users\jhiny\Desktop\nckh2\dataset\image_data\processed\train\high_flood\img_000346_8c40675b4b.jpg
img_000350,train,high_flood,idai_2019,floodnet,0,C:\Users\jhiny\Desktop\nckh2\dataset\image_data\raw\floodnet\idai_2019\high_flood\high_flood_000350.jpg,C:\Users\jhiny\Desktop\nckh2\dataset\image_data\processed\train\high_flood\img_000350_7a8e8183fc.jpg
img_000354,train,high_flood,idai_2019,floodnet,0,C:\Users\jhiny\Desktop\nckh2\dataset\image_data\raw\floodnet\idai_2019\high_flood\high_flood_000354.jpg,C:\Users\jhiny\Desktop\nckh2\dataset\image_data\processed\train\high_flood\img_000354_8ce3f01cc8.jpg
img_000358,train,high_flood,idai_2019,floodnet,0,C:\Users\jhiny\Desktop\nckh2\dataset\image_data\raw\floodnet\idai_2019\high_flood\high_flood_000358.jpg,C:\Users\jhiny\Desktop\nckh2\dataset\image_data\processed\train\high_flood\img_000358_c0e1582e58.jpg
img_000242,train,high_flood,bao_noru_2022,vietnam_collected,1,C:\Users\jhiny\Desktop\nckh2\dataset\image_data\raw\vietnam_collected\bao_noru_2022\high_flood\high_flood_000242.jpg,C:\Users\jhiny\Desktop\nckh2\dataset\image_data\processed\train\high_flood\img_000242_a282dc74c8.jpg
img_000248,train,high_flood,bao_noru_2022,vietnam_collected,1,C:\Users\jhiny\Desktop\nckh2\dataset\image_data\raw\vietnam_collected\bao_noru_2022\high_flood\high_flood_000248.jpg,C:\Users\jhiny\Desktop\nckh2\dataset\image_data\processed\train\high_flood\img_000248_f6b7e67c8b.jpg
img_000254,train,high_flood,bao_noru_2022,vietnam_collected,1,C:\Users\jhiny\Desktop\nckh2\dataset\image_data\raw\vietnam_collected\bao_noru_2022\high_flood\high_flood_000254.jpg,C:\Users\jhiny\Desktop\nckh2\dataset\image_data\processed\train\high_flood\img_000254_e595406c21.jpg
img_000260,train,high_flood,bao_noru_2022,vietnam_collected,1,C:\Users\jhiny\Desktop\nckh2\dataset\image_data\raw\vietnam_collected\bao_noru_2022\high_flood\high_flood_000260.jpg,C:\Users\jhiny\Desktop\nckh2\dataset\image_data\processed\train\high_flood\img_000260_160e3eb8d3.jpg
img_000266,train,high_flood,bao_noru_2022,vietnam_collected,1,C:\Users\jhiny\Desktop\nckh2\dataset\image_data\raw\vietnam_collected\bao_noru_2022\high_flood\high_flood_000266.jpg,C:\Users\jhiny\Desktop\nckh2\dataset\image_data\processed\train\high_flood\img_000266_4e59e70e33.jpg
img_000272,train,high_flood,bao_noru_2022,vietnam_collected,1,C:\Users\jhiny\Desktop\nckh2\dataset\image_data\raw\vietnam_collected\bao_noru_2022\high_flood\high_flood_000272.jpg,C:\Users\jhiny\Desktop\nckh2\dataset\image_data\processed\train\high_flood\img_000272_c05d5ff7a5.jpg
img_000278,train,high_flood,bao_noru_2022,vietnam_collected,1,C:\Users\jhiny\Desktop\nckh2\dataset\image_data\raw\vietnam_collected\bao_noru_2022\high_flood\high_flood_000278.jpg,C:\Users\jhiny\Desktop\nckh2\dataset\image_data\processed\train\high_flood\img_000278_455fbd514f.jpg
img_000284,train,high_flood,bao_noru_2022,vietnam_collected,1,C:\Users\jhiny\Desktop\nckh2\dataset\image_data\raw\vietnam_collected\bao_noru_2022\high_flood\high_flood_000284.jpg,C:\Users\jhiny\Desktop\nckh2\dataset\image_data\processed\train\high_flood\img_000284_5f92bfc726.jpg
img_000290,train,high_flood,bao_noru_2022,vietnam_collected,1,C:\Users\jhiny\Desktop\nckh2\dataset\image_data\raw\vietnam_collected\bao_noru_2022\high_flood\high_flood_000290.jpg,C:\Users\jhiny\Desktop\nckh2\dataset\image_data\processed\train\high_flood\img_000290_8a559c11e6.jpg
img_000296,train,high_flood,bao_noru_2022,vietnam_collected,1,C:\Users\jhiny\Desktop\nckh2\dataset\image_data\raw\vietnam_collected\bao_noru_2022\high_flood\high_flood_000296.jpg,C:\Users\jhiny\Desktop\nckh2\dataset\image_data\processed\train\high_flood\img_000296_44fc37c147.jpg
img_000302,train,high_flood,bao_noru_2022,vietnam_collected,1,C:\Users\jhiny\Desktop\nckh2\dataset\image_data\raw\vietnam_collected\bao_noru_2022\high_flood\high_flood_000302.jpg,C:\Users\jhiny\Desktop\nckh2\dataset\image_data\processed\train\high_flood\img_000302_b62fa2ce02.jpg
img_000308,train,high_flood,bao_noru_2022,vietnam_collected,1,C:\Users\jhiny\Desktop\nckh2\dataset\image_data\raw\vietnam_collected\bao_noru_2022\high_flood\high_flood_000308.jpg,C:\Users\jhiny\Desktop\nckh2\dataset\image_data\processed\train\high_flood\img_000308_5a2db9409d.jpg
img_000314,train,high_flood,bao_noru_2022,vietnam_collected,1,C:\Users\jhiny\Desktop\nckh2\dataset\image_data\raw\vietnam_collected\bao_noru_2022\high_flood\high_flood_000314.jpg,C:\Users\jhiny\Desktop\nckh2\dataset\image_data\processed\train\high_flood\img_000314_d22d590620.jpg
img_000320,train,high_flood,bao_noru_2022,vietnam_collected,1,C:\Users\jhiny\Desktop\nckh2\dataset\image_data\raw\vietnam_collected\bao_noru_2022\high_flood\high_flood_000320.jpg,C:\Users\jhiny\Desktop\nckh2\dataset\image_data\processed\train\high_flood\img_000320_c1745900c1.jpg
img_000326,train,high_flood,bao_noru_2022,vietnam_collected,1,C:\Users\jhiny\Desktop\nckh2\dataset\image_data\raw\vietnam_collected\bao_noru_2022\high_flood\high_flood_000326.jpg,C:\Users\jhiny\Desktop\nckh2\dataset\image_data\processed\train\high_flood\img_000326_4555d5352c.jpg
img_000001,val,no_flood,lu_mien_trung_2020,vietnam_collected,1,C:\Users\jhiny\Desktop\nckh2\dataset\image_data\raw\vietnam_collected\lu_mien_trung_2020\no_flood\no_flood_000001.jpg,C:\Users\jhiny\Desktop\nckh2\dataset\image_data\processed\val\no_flood\img_000001_a90b4a205c.jpg
img_000007,val,no_flood,lu_mien_trung_2020,vietnam_collected,1,C:\Users\jhiny\Desktop\nckh2\dataset\image_data\raw\vietnam_collected\lu_mien_trung_2020\no_flood\no_flood_000007.jpg,C:\Users\jhiny\Desktop\nckh2\dataset\image_data\processed\val\no_flood\img_000007_85ce78ed77.jpg
img_000013,val,no_flood,lu_mien_trung_2020,vietnam_collected,1,C:\Users\jhiny\Desktop\nckh2\dataset\image_data\raw\vietnam_collected\lu_mien_trung_2020\no_flood\no_flood_000013.jpg,C:\Users\jhiny\Desktop\nckh2\dataset\image_data\processed\val\no_flood\img_000013_1f8e68864b.jpg
img_000019,val,no_flood,lu_mien_trung_2020,vietnam_collected,1,C:\Users\jhiny\Desktop\nckh2\dataset\image_data\raw\vietnam_collected\lu_mien_trung_2020\no_flood\no_flood_000019.jpg,C:\Users\jhiny\Desktop\nckh2\dataset\image_data\processed\val\no_flood\img_000019_884eb29ddf.jpg
img_000025,val,no_flood,lu_mien_trung_2020,vietnam_collected,1,C:\Users\jhiny\Desktop\nckh2\dataset\image_data\raw\vietnam_collected\lu_mien_trung_2020\no_flood\no_flood_000025.jpg,C:\Users\jhiny\Desktop\nckh2\dataset\image_data\processed\val\no_flood\img_000025_0c2cd778ca.jpg
img_000031,val,no_flood,lu_mien_trung_2020,vietnam_collected,1,C:\Users\jhiny\Desktop\nckh2\dataset\image_data\raw\vietnam_collected\lu_mien_trung_2020\no_flood\no_flood_000031.jpg,C:\Users\jhiny\Desktop\nckh2\dataset\image_data\processed\val\no_flood\img_000031_08f528342d.jpg
img_000037,val,no_flood,lu_mien_trung_2020,vietnam_collected,1,C:\Users\jhiny\Desktop\nckh2\dataset\image_data\raw\vietnam_collected\lu_mien_trung_2020\no_flood\no_flood_000037.jpg,C:\Users\jhiny\Desktop\nckh2\dataset\image_data\processed\val\no_flood\img_000037_9b86f54376.jpg
img_000043,val,no_flood,lu_mien_trung_2020,vietnam_collected,1,C:\Users\jhiny\Desktop\nckh2\dataset\image_data\raw\vietnam_collected\lu_mien_trung_2020\no_flood\no_flood_000043.jpg,C:\Users\jhiny\Desktop\nckh2\dataset\image_data\processed\val\no_flood\img_000043_e263dd0d5f.jpg
img_000049,val,no_flood,lu_mien_trung_2020,vietnam_collected,1,C:\Users\jhiny\Desktop\nckh2\dataset\image_data\raw\vietnam_collected\lu_mien_trung_2020\no_flood\no_flood_000049.jpg,C:\Users\jhiny\Desktop\nckh2\dataset\image_data\processed\val\no_flood\img_000049_56a5433d3b.jpg
img_000055,val,no_flood,lu_mien_trung_2020,vietnam_collected,1,C:\Users\jhiny\Desktop\nckh2\dataset\image_data\raw\vietnam_collected\lu_mien_trung_2020\no_flood\no_flood_000055.jpg,C:\Users\jhiny\Desktop\nckh2\dataset\image_data\processed\val\no_flood\img_000055_b50bf88cc2.jpg
img_000061,val,no_flood,lu_mien_trung_2020,vietnam_collected,1,C:\Users\jhiny\Desktop\nckh2\dataset\image_data\raw\vietnam_collected\lu_mien_trung_2020\no_flood\no_flood_000061.jpg,C:\Users\jhiny\Desktop\nckh2\dataset\image_data\processed\val\no_flood\img_000061_40330bfa3a.jpg
img_000067,val,no_flood,lu_mien_trung_2020,vietnam_collected,1,C:\Users\jhiny\Desktop\nckh2\dataset\image_data\raw\vietnam_collected\lu_mien_trung_2020\no_flood\no_flood_000067.jpg,C:\Users\jhiny\Desktop\nckh2\dataset\image_data\processed\val\no_flood\img_000067_002e8ea7db.jpg
img_000073,val,no_flood,lu_mien_trung_2020,vietnam_collected,1,C:\Users\jhiny\Desktop\nckh2\dataset\image_data\raw\vietnam_collected\lu_mien_trung_2020\no_flood\no_flood_000073.jpg,C:\Users\jhiny\Desktop\nckh2\dataset\image_data\processed\val\no_flood\img_000073_a8f13e85e5.jpg
img_000079,val,no_flood,lu_mien_trung_2020,vietnam_collected,1,C:\Users\jhiny\Desktop\nckh2\dataset\image_data\raw\vietnam_collected\lu_mien_trung_2020\no_flood\no_flood_000079.jpg,C:\Users\jhiny\Desktop\nckh2\dataset\image_data\processed\val\no_flood\img_000079_529c17cc4b.jpg
img_000085,val,no_flood,lu_mien_trung_2020,vietnam_collected,1,C:\Users\jhiny\Desktop\nckh2\dataset\image_data\raw\vietnam_collected\lu_mien_trung_2020\no_flood\no_flood_000085.jpg,C:\Users\jhiny\Desktop\nckh2\dataset\image_data\processed\val\no_flood\img_000085_43c66536d1.jpg
img_000002,val,no_flood,bao_noru_2022,vietnam_collected,1,C:\Users\jhiny\Desktop\nckh2\dataset\image_data\raw\vietnam_collected\bao_noru_2022\no_flood\no_flood_000002.jpg,C:\Users\jhiny\Desktop\nckh2\dataset\image_data\processed\val\no_flood\img_000002_9457621e4f.jpg
img_000008,val,no_flood,bao_noru_2022,vietnam_collected,1,C:\Users\jhiny\Desktop\nckh2\dataset\image_data\raw\vietnam_collected\bao_noru_2022\no_flood\no_flood_000008.jpg,C:\Users\jhiny\Desktop\nckh2\dataset\image_data\processed\val\no_flood\img_000008_8c66abae23.jpg
img_000014,val,no_flood,bao_noru_2022,vietnam_collected,1,C:\Users\jhiny\Desktop\nckh2\dataset\image_data\raw\vietnam_collected\bao_noru_2022\no_flood\no_flood_000014.jpg,C:\Users\jhiny\Desktop\nckh2\dataset\image_data\processed\val\no_flood\img_000014_09407af5dc.jpg
img_000020,val,no_flood,bao_noru_2022,vietnam_collected,1,C:\Users\jhiny\Desktop\nckh2\dataset\image_data\raw\vietnam_collected\bao_noru_2022\no_flood\no_flood_000020.jpg,C:\Users\jhiny\Desktop\nckh2\dataset\image_data\processed\val\no_flood\img_000020_bcc43a2d94.jpg
img_000026,val,no_flood,bao_noru_2022,vietnam_collected,1,C:\Users\jhiny\Desktop\nckh2\dataset\image_data\raw\vietnam_collected\bao_noru_2022\no_flood\no_flood_000026.jpg,C:\Users\jhiny\Desktop\nckh2\dataset\image_data\processed\val\no_flood\img_000026_8873161ffb.jpg
img_000032,val,no_flood,bao_noru_2022,vietnam_collected,1,C:\Users\jhiny\Desktop\nckh2\dataset\image_data\raw\vietnam_collected\bao_noru_2022\no_flood\no_flood_000032.jpg,C:\Users\jhiny\Desktop\nckh2\dataset\image_data\processed\val\no_flood\img_000032_ef3d812440.jpg
img_000038,val,no_flood,bao_noru_2022,vietnam_collected,1,C:\Users\jhiny\Desktop\nckh2\dataset\image_data\raw\vietnam_collected\bao_noru_2022\no_flood\no_flood_000038.jpg,C:\Users\jhiny\Desktop\nckh2\dataset\image_data\processed\val\no_flood\img_000038_3b372a7761.jpg
img_000044,val,no_flood,bao_noru_2022,vietnam_collected,1,C:\Users\jhiny\Desktop\nckh2\dataset\image_data\raw\vietnam_collected\bao_noru_2022\no_flood\no_flood_000044.jpg,C:\Users\jhiny\Desktop\nckh2\dataset\image_data\processed\val\no_flood\img_000044_1d77b59436.jpg
img_000050,val,no_flood,bao_noru_2022,vietnam_collected,1,C:\Users\jhiny\Desktop\nckh2\dataset\image_data\raw\vietnam_collected\bao_noru_2022\no_flood\no_flood_000050.jpg,C:\Users\jhiny\Desktop\nckh2\dataset\image_data\processed\val\no_flood\img_000050_f4805c5bb5.jpg
img_000056,val,no_flood,bao_noru_2022,vietnam_collected,1,C:\Users\jhiny\Desktop\nckh2\dataset\image_data\raw\vietnam_collected\bao_noru_2022\no_flood\no_flood_000056.jpg,C:\Users\jhiny\Desktop\nckh2\dataset\image_data\processed\val\no_flood\img_000056_ab48e7e70c.jpg
img_000062,val,no_flood,bao_noru_2022,vietnam_collected,1,C:\Users\jhiny\Desktop\nckh2\dataset\image_data\raw\vietnam_collected\bao_noru_2022\no_flood\no_flood_000062.jpg,C:\Users\jhiny\Desktop\nckh2\dataset\image_data\processed\val\no_flood\img_000062_fea6105b3d.jpg
img_000068,val,no_flood,bao_noru_2022,vietnam_collected,1,C:\Users\jhiny\Desktop\nckh2\dataset\image_data\raw\vietnam_collected\bao_noru_2022\no_flood\no_flood_000068.jpg,C:\Users\jhiny\Desktop\nckh2\dataset\image_data\processed\val\no_flood\img_000068_19fca67387.jpg
img_000074,val,no_flood,bao_noru_2022,vietnam_collected,1,C:\Users\jhiny\Desktop\nckh2\dataset\image_data\raw\vietnam_collected\bao_noru_2022\no_flood\no_flood_000074.jpg,C:\Users\jhiny\Desktop\nckh2\dataset\image_data\processed\val\no_flood\img_000074_5afc7be7eb.jpg
img_000080,val,no_flood,bao_noru_2022,vietnam_collected,1,C:\Users\jhiny\Desktop\nckh2\dataset\image_data\raw\vietnam_collected\bao_noru_2022\no_flood\no_flood_000080.jpg,C:\Users\jhiny\Desktop\nckh2\dataset\image_data\processed\val\no_flood\img_000080_ab78bfc095.jpg
img_000086,val,no_flood,bao_noru_2022,vietnam_collected,1,C:\Users\jhiny\Desktop\nckh2\dataset\image_data\raw\vietnam_collected\bao_noru_2022\no_flood\no_flood_000086.jpg,C:\Users\jhiny\Desktop\nckh2\dataset\image_data\processed\val\no_flood\img_000086_49cbd22e0a.jpg
img_000121,val,low_flood,lu_mien_trung_2020,vietnam_collected,1,C:\Users\jhiny\Desktop\nckh2\dataset\image_data\raw\vietnam_collected\lu_mien_trung_2020\low_flood\low_flood_000121.jpg,C:\Users\jhiny\Desktop\nckh2\dataset\image_data\processed\val\low_flood\img_000121_5810c25d63.jpg
img_000127,val,low_flood,lu_mien_trung_2020,vietnam_collected,1,C:\Users\jhiny\Desktop\nckh2\dataset\image_data\raw\vietnam_collected\lu_mien_trung_2020\low_flood\low_flood_000127.jpg,C:\Users\jhiny\Desktop\nckh2\dataset\image_data\processed\val\low_flood\img_000127_231698bc32.jpg
img_000133,val,low_flood,lu_mien_trung_2020,vietnam_collected,1,C:\Users\jhiny\Desktop\nckh2\dataset\image_data\raw\vietnam_collected\lu_mien_trung_2020\low_flood\low_flood_000133.jpg,C:\Users\jhiny\Desktop\nckh2\dataset\image_data\processed\val\low_flood\img_000133_e12b0a56e1.jpg
img_000139,val,low_flood,lu_mien_trung_2020,vietnam_collected,1,C:\Users\jhiny\Desktop\nckh2\dataset\image_data\raw\vietnam_collected\lu_mien_trung_2020\low_flood\low_flood_000139.jpg,C:\Users\jhiny\Desktop\nckh2\dataset\image_data\processed\val\low_flood\img_000139_87e576bb53.jpg
img_000145,val,low_flood,lu_mien_trung_2020,vietnam_collected,1,C:\Users\jhiny\Desktop\nckh2\dataset\image_data\raw\vietnam_collected\lu_mien_trung_2020\low_flood\low_flood_000145.jpg,C:\Users\jhiny\Desktop\nckh2\dataset\image_data\processed\val\low_flood\img_000145_ee556868c8.jpg
img_000151,val,low_flood,lu_mien_trung_2020,vietnam_collected,1,C:\Users\jhiny\Desktop\nckh2\dataset\image_data\raw\vietnam_collected\lu_mien_trung_2020\low_flood\low_flood_000151.jpg,C:\Users\jhiny\Desktop\nckh2\dataset\image_data\processed\val\low_flood\img_000151_254ff02f9d.jpg
img_000157,val,low_flood,lu_mien_trung_2020,vietnam_collected,1,C:\Users\jhiny\Desktop\nckh2\dataset\image_data\raw\vietnam_collected\lu_mien_trung_2020\low_flood\low_flood_000157.jpg,C:\Users\jhiny\Desktop\nckh2\dataset\image_data\processed\val\low_flood\img_000157_2caa574bd6.jpg
img_000163,val,low_flood,lu_mien_trung_2020,vietnam_collected,1,C:\Users\jhiny\Desktop\nckh2\dataset\image_data\raw\vietnam_collected\lu_mien_trung_2020\low_flood\low_flood_000163.jpg,C:\Users\jhiny\Desktop\nckh2\dataset\image_data\processed\val\low_flood\img_000163_f97cfafa20.jpg
img_000169,val,low_flood,lu_mien_trung_2020,vietnam_collected,1,C:\Users\jhiny\Desktop\nckh2\dataset\image_data\raw\vietnam_collected\lu_mien_trung_2020\low_flood\low_flood_000169.jpg,C:\Users\jhiny\Desktop\nckh2\dataset\image_data\processed\val\low_flood\img_000169_f675004446.jpg
img_000175,val,low_flood,lu_mien_trung_2020,vietnam_collected,1,C:\Users\jhiny\Desktop\nckh2\dataset\image_data\raw\vietnam_collected\lu_mien_trung_2020\low_flood\low_flood_000175.jpg,C:\Users\jhiny\Desktop\nckh2\dataset\image_data\processed\val\low_flood\img_000175_65b835fd0d.jpg
img_000181,val,low_flood,lu_mien_trung_2020,vietnam_collected,1,C:\Users\jhiny\Desktop\nckh2\dataset\image_data\raw\vietnam_collected\lu_mien_trung_2020\low_flood\low_flood_000181.jpg,C:\Users\jhiny\Desktop\nckh2\dataset\image_data\processed\val\low_flood\img_000181_c83a91dda8.jpg
img_000187,val,low_flood,lu_mien_trung_2020,vietnam_collected,1,C:\Users\jhiny\Desktop\nckh2\dataset\image_data\raw\vietnam_collected\lu_mien_trung_2020\low_flood\low_flood_000187.jpg,C:\Users\jhiny\Desktop\nckh2\dataset\image_data\processed\val\low_flood\img_000187_5822dc7487.jpg
img_000193,val,low_flood,lu_mien_trung_2020,vietnam_collected,1,C:\Users\jhiny\Desktop\nckh2\dataset\image_data\raw\vietnam_collected\lu_mien_trung_2020\low_flood\low_flood_000193.jpg,C:\Users\jhiny\Desktop\nckh2\dataset\image_data\processed\val\low_flood\img_000193_b480afa88d.jpg
img_000199,val,low_flood,lu_mien_trung_2020,vietnam_collected,1,C:\Users\jhiny\Desktop\nckh2\dataset\image_data\raw\vietnam_collected\lu_mien_trung_2020\low_flood\low_flood_000199.jpg,C:\Users\jhiny\Desktop\nckh2\dataset\image_data\processed\val\low_flood\img_000199_1a08797e61.jpg
img_000205,val,low_flood,lu_mien_trung_2020,vietnam_collected,1,C:\Users\jhiny\Desktop\nckh2\dataset\image_data\raw\vietnam_collected\lu_mien_trung_2020\low_flood\low_flood_000205.jpg,C:\Users\jhiny\Desktop\nckh2\dataset\image_data\processed\val\low_flood\img_000205_abab412f24.jpg
img_000211,val,low_flood,harvey_2017,crisismmd,0,C:\Users\jhiny\Desktop\nckh2\dataset\image_data\raw\crisismmd\harvey_2017\low_flood\low_flood_000211.jpg,C:\Users\jhiny\Desktop\nckh2\dataset\image_data\processed\val\low_flood\img_000211_5db4bffb03.jpg
img_000215,val,low_flood,harvey_2017,crisismmd,0,C:\Users\jhiny\Desktop\nckh2\dataset\image_data\raw\crisismmd\harvey_2017\low_flood\low_flood_000215.jpg,C:\Users\jhiny\Desktop\nckh2\dataset\image_data\processed\val\low_flood\img_000215_1f977c28c7.jpg
img_000219,val,low_flood,harvey_2017,crisismmd,0,C:\Users\jhiny\Desktop\nckh2\dataset\image_data\raw\crisismmd\harvey_2017\low_flood\low_flood_000219.jpg,C:\Users\jhiny\Desktop\nckh2\dataset\image_data\processed\val\low_flood\img_000219_2eb252b96c.jpg
img_000223,val,low_flood,harvey_2017,crisismmd,0,C:\Users\jhiny\Desktop\nckh2\dataset\image_data\raw\crisismmd\harvey_2017\low_flood\low_flood_000223.jpg,C:\Users\jhiny\Desktop\nckh2\dataset\image_data\processed\val\low_flood\img_000223_2c329b37d9.jpg
img_000227,val,low_flood,harvey_2017,crisismmd,0,C:\Users\jhiny\Desktop\nckh2\dataset\image_data\raw\crisismmd\harvey_2017\low_flood\low_flood_000227.jpg,C:\Users\jhiny\Desktop\nckh2\dataset\image_data\processed\val\low_flood\img_000227_897790ae83.jpg
img_000231,val,low_flood,harvey_2017,crisismmd,0,C:\Users\jhiny\Desktop\nckh2\dataset\image_data\raw\crisismmd\harvey_2017\low_flood\low_flood_000231.jpg,C:\Users\jhiny\Desktop\nckh2\dataset\image_data\processed\val\low_flood\img_000231_90337d7068.jpg
img_000235,val,low_flood,harvey_2017,crisismmd,0,C:\Users\jhiny\Desktop\nckh2\dataset\image_data\raw\crisismmd\harvey_2017\low_flood\low_flood_000235.jpg,C:\Users\jhiny\Desktop\nckh2\dataset\image_data\processed\val\low_flood\img_000235_7c4a52b879.jpg
img_000239,val,low_flood,harvey_2017,crisismmd,0,C:\Users\jhiny\Desktop\nckh2\dataset\image_data\raw\crisismmd\harvey_2017\low_flood\low_flood_000239.jpg,C:\Users\jhiny\Desktop\nckh2\dataset\image_data\processed\val\low_flood\img_000239_ecbf09ba06.jpg
img_000331,val,high_flood,harvey_2017,crisismmd,0,C:\Users\jhiny\Desktop\nckh2\dataset\image_data\raw\crisismmd\harvey_2017\high_flood\high_flood_000331.jpg,C:\Users\jhiny\Desktop\nckh2\dataset\image_data\processed\val\high_flood\img_000331_123be0cf6d.jpg
img_000335,val,high_flood,harvey_2017,crisismmd,0,C:\Users\jhiny\Desktop\nckh2\dataset\image_data\raw\crisismmd\harvey_2017\high_flood\high_flood_000335.jpg,C:\Users\jhiny\Desktop\nckh2\dataset\image_data\processed\val\high_flood\img_000335_fca4591b66.jpg
img_000339,val,high_flood,harvey_2017,crisismmd,0,C:\Users\jhiny\Desktop\nckh2\dataset\image_data\raw\crisismmd\harvey_2017\high_flood\high_flood_000339.jpg,C:\Users\jhiny\Desktop\nckh2\dataset\image_data\processed\val\high_flood\img_000339_85c6a5f074.jpg
img_000343,val,high_flood,harvey_2017,crisismmd,0,C:\Users\jhiny\Desktop\nckh2\dataset\image_data\raw\crisismmd\harvey_2017\high_flood\high_flood_000343.jpg,C:\Users\jhiny\Desktop\nckh2\dataset\image_data\processed\val\high_flood\img_000343_6a7aff00bf.jpg
img_000347,val,high_flood,harvey_2017,crisismmd,0,C:\Users\jhiny\Desktop\nckh2\dataset\image_data\raw\crisismmd\harvey_2017\high_flood\high_flood_000347.jpg,C:\Users\jhiny\Desktop\nckh2\dataset\image_data\processed\val\high_flood\img_000347_cb950ab611.jpg
img_000351,val,high_flood,harvey_2017,crisismmd,0,C:\Users\jhiny\Desktop\nckh2\dataset\image_data\raw\crisismmd\harvey_2017\high_flood\high_flood_000351.jpg,C:\Users\jhiny\Desktop\nckh2\dataset\image_data\processed\val\high_flood\img_000351_e49909e882.jpg
img_000355,val,high_flood,harvey_2017,crisismmd,0,C:\Users\jhiny\Desktop\nckh2\dataset\image_data\raw\crisismmd\harvey_2017\high_flood\high_flood_000355.jpg,C:\Users\jhiny\Desktop\nckh2\dataset\image_data\processed\val\high_flood\img_000355_4cbe6d4cf2.jpg
img_000359,val,high_flood,harvey_2017,crisismmd,0,C:\Users\jhiny\Desktop\nckh2\dataset\image_data\raw\crisismmd\harvey_2017\high_flood\high_flood_000359.jpg,C:\Users\jhiny\Desktop\nckh2\dataset\image_data\processed\val\high_flood\img_000359_6302c3d44a.jpg
img_000244,val,high_flood,ngap_can_tho_2019,vietnam_collected,1,C:\Users\jhiny\Desktop\nckh2\dataset\image_data\raw\vietnam_collected\ngap_can_tho_2019\high_flood\high_flood_000244.jpg,C:\Users\jhiny\Desktop\nckh2\dataset\image_data\processed\val\high_flood\img_000244_55f9ae3261.jpg
img_000250,val,high_flood,ngap_can_tho_2019,vietnam_collected,1,C:\Users\jhiny\Desktop\nckh2\dataset\image_data\raw\vietnam_collected\ngap_can_tho_2019\high_flood\high_flood_000250.jpg,C:\Users\jhiny\Desktop\nckh2\dataset\image_data\processed\val\high_flood\img_000250_bd08ea11d6.jpg
img_000256,val,high_flood,ngap_can_tho_2019,vietnam_collected,1,C:\Users\jhiny\Desktop\nckh2\dataset\image_data\raw\vietnam_collected\ngap_can_tho_2019\high_flood\high_flood_000256.jpg,C:\Users\jhiny\Desktop\nckh2\dataset\image_data\processed\val\high_flood\img_000256_645fd3699d.jpg
img_000262,val,high_flood,ngap_can_tho_2019,vietnam_collected,1,C:\Users\jhiny\Desktop\nckh2\dataset\image_data\raw\vietnam_collected\ngap_can_tho_2019\high_flood\high_flood_000262.jpg,C:\Users\jhiny\Desktop\nckh2\dataset\image_data\processed\val\high_flood\img_000262_53aa0173b5.jpg
img_000268,val,high_flood,ngap_can_tho_2019,vietnam_collected,1,C:\Users\jhiny\Desktop\nckh2\dataset\image_data\raw\vietnam_collected\ngap_can_tho_2019\high_flood\high_flood_000268.jpg,C:\Users\jhiny\Desktop\nckh2\dataset\image_data\processed\val\high_flood\img_000268_4c559fcbf4.jpg
img_000274,val,high_flood,ngap_can_tho_2019,vietnam_collected,1,C:\Users\jhiny\Desktop\nckh2\dataset\image_data\raw\vietnam_collected\ngap_can_tho_2019\high_flood\high_flood_000274.jpg,C:\Users\jhiny\Desktop\nckh2\dataset\image_data\processed\val\high_flood\img_000274_7517d23bbc.jpg
img_000280,val,high_flood,ngap_can_tho_2019,vietnam_collected,1,C:\Users\jhiny\Desktop\nckh2\dataset\image_data\raw\vietnam_collected\ngap_can_tho_2019\high_flood\high_flood_000280.jpg,C:\Users\jhiny\Desktop\nckh2\dataset\image_data\processed\val\high_flood\img_000280_4c73eacae8.jpg
img_000286,val,high_flood,ngap_can_tho_2019,vietnam_collected,1,C:\Users\jhiny\Desktop\nckh2\dataset\image_data\raw\vietnam_collected\ngap_can_tho_2019\high_flood\high_flood_000286.jpg,C:\Users\jhiny\Desktop\nckh2\dataset\image_data\processed\val\high_flood\img_000286_7b94e9f15c.jpg
img_000292,val,high_flood,ngap_can_tho_2019,vietnam_collected,1,C:\Users\jhiny\Desktop\nckh2\dataset\image_data\raw\vietnam_collected\ngap_can_tho_2019\high_flood\high_flood_000292.jpg,C:\Users\jhiny\Desktop\nckh2\dataset\image_data\processed\val\high_flood\img_000292_3988e719a8.jpg
img_000298,val,high_flood,ngap_can_tho_2019,vietnam_collected,1,C:\Users\jhiny\Desktop\nckh2\dataset\image_data\raw\vietnam_collected\ngap_can_tho_2019\high_flood\high_flood_000298.jpg,C:\Users\jhiny\Desktop\nckh2\dataset\image_data\processed\val\high_flood\img_000298_207711f85b.jpg
img_000304,val,high_flood,ngap_can_tho_2019,vietnam_collected,1,C:\Users\jhiny\Desktop\nckh2\dataset\image_data\raw\vietnam_collected\ngap_can_tho_2019\high_flood\high_flood_000304.jpg,C:\Users\jhiny\Desktop\nckh2\dataset\image_data\processed\val\high_flood\img_000304_73867ab91a.jpg
img_000310,val,high_flood,ngap_can_tho_2019,vietnam_collected,1,C:\Users\jhiny\Desktop\nckh2\dataset\image_data\raw\vietnam_collected\ngap_can_tho_2019\high_flood\high_flood_000310.jpg,C:\Users\jhiny\Desktop\nckh2\dataset\image_data\processed\val\high_flood\img_000310_5d3509476d.jpg
img_000316,val,high_flood,ngap_can_tho_2019,vietnam_collected,1,C:\Users\jhiny\Desktop\nckh2\dataset\image_data\raw\vietnam_collected\ngap_can_tho_2019\high_flood\high_flood_000316.jpg,C:\Users\jhiny\Desktop\nckh2\dataset\image_data\processed\val\high_flood\img_000316_59b7cfa9aa.jpg
img_000322,val,high_flood,ngap_can_tho_2019,vietnam_collected,1,C:\Users\jhiny\Desktop\nckh2\dataset\image_data\raw\vietnam_collected\ngap_can_tho_2019\high_flood\high_flood_000322.jpg,C:\Users\jhiny\Desktop\nckh2\dataset\image_data\processed\val\high_flood\img_000322_d592d09e66.jpg
img_000328,val,high_flood,ngap_can_tho_2019,vietnam_collected,1,C:\Users\jhiny\Desktop\nckh2\dataset\image_data\raw\vietnam_collected\ngap_can_tho_2019\high_flood\high_flood_000328.jpg,C:\Users\jhiny\Desktop\nckh2\dataset\image_data\processed\val\high_flood\img_000328_08d6972d92.jpg
img_000214,test,low_flood,idai_2019,floodnet,0,C:\Users\jhiny\Desktop\nckh2\dataset\image_data\raw\floodnet\idai_2019\low_flood\low_flood_000214.jpg,C:\Users\jhiny\Desktop\nckh2\dataset\image_data\processed\test\low_flood\img_000214_b4abaf3f6a.jpg
img_000218,test,low_flood,idai_2019,floodnet,0,C:\Users\jhiny\Desktop\nckh2\dataset\image_data\raw\floodnet\idai_2019\low_flood\low_flood_000218.jpg,C:\Users\jhiny\Desktop\nckh2\dataset\image_data\processed\test\low_flood\img_000218_20e9c40b6e.jpg
img_000222,test,low_flood,idai_2019,floodnet,0,C:\Users\jhiny\Desktop\nckh2\dataset\image_data\raw\floodnet\idai_2019\low_flood\low_flood_000222.jpg,C:\Users\jhiny\Desktop\nckh2\dataset\image_data\processed\test\low_flood\img_000222_1bdfcb391e.jpg
img_000226,test,low_flood,idai_2019,floodnet,0,C:\Users\jhiny\Desktop\nckh2\dataset\image_data\raw\floodnet\idai_2019\low_flood\low_flood_000226.jpg,C:\Users\jhiny\Desktop\nckh2\dataset\image_data\processed\test\low_flood\img_000226_5fa2b85876.jpg
img_000230,test,low_flood,idai_2019,floodnet,0,C:\Users\jhiny\Desktop\nckh2\dataset\image_data\raw\floodnet\idai_2019\low_flood\low_flood_000230.jpg,C:\Users\jhiny\Desktop\nckh2\dataset\image_data\processed\test\low_flood\img_000230_ef94c441e2.jpg
img_000234,test,low_flood,idai_2019,floodnet,0,C:\Users\jhiny\Desktop\nckh2\dataset\image_data\raw\floodnet\idai_2019\low_flood\low_flood_000234.jpg,C:\Users\jhiny\Desktop\nckh2\dataset\image_data\processed\test\low_flood\img_000234_8b8e698ab4.jpg
img_000238,test,low_flood,idai_2019,floodnet,0,C:\Users\jhiny\Desktop\nckh2\dataset\image_data\raw\floodnet\idai_2019\low_flood\low_flood_000238.jpg,C:\Users\jhiny\Desktop\nckh2\dataset\image_data\processed\test\low_flood\img_000238_b3c5daaf67.jpg
img_000333,test,high_flood,pakistan_flood_2022,crisismmd,0,C:\Users\jhiny\Desktop\nckh2\dataset\image_data\raw\crisismmd\pakistan_flood_2022\high_flood\high_flood_000333.jpg,C:\Users\jhiny\Desktop\nckh2\dataset\image_data\processed\test\high_flood\img_000333_97b4f24134.jpg
img_000337,test,high_flood,pakistan_flood_2022,crisismmd,0,C:\Users\jhiny\Desktop\nckh2\dataset\image_data\raw\crisismmd\pakistan_flood_2022\high_flood\high_flood_000337.jpg,C:\Users\jhiny\Desktop\nckh2\dataset\image_data\processed\test\high_flood\img_000337_41b165880c.jpg
img_000341,test,high_flood,pakistan_flood_2022,crisismmd,0,C:\Users\jhiny\Desktop\nckh2\dataset\image_data\raw\crisismmd\pakistan_flood_2022\high_flood\high_flood_000341.jpg,C:\Users\jhiny\Desktop\nckh2\dataset\image_data\processed\test\high_flood\img_000341_d3e513e0b4.jpg
img_000345,test,high_flood,pakistan_flood_2022,crisismmd,0,C:\Users\jhiny\Desktop\nckh2\dataset\image_data\raw\crisismmd\pakistan_flood_2022\high_flood\high_flood_000345.jpg,C:\Users\jhiny\Desktop\nckh2\dataset\image_data\processed\test\high_flood\img_000345_f27249c53d.jpg
img_000349,test,high_flood,pakistan_flood_2022,crisismmd,0,C:\Users\jhiny\Desktop\nckh2\dataset\image_data\raw\crisismmd\pakistan_flood_2022\high_flood\high_flood_000349.jpg,C:\Users\jhiny\Desktop\nckh2\dataset\image_data\processed\test\high_flood\img_000349_c6a82b84af.jpg
img_000353,test,high_flood,pakistan_flood_2022,crisismmd,0,C:\Users\jhiny\Desktop\nckh2\dataset\image_data\raw\crisismmd\pakistan_flood_2022\high_flood\high_flood_000353.jpg,C:\Users\jhiny\Desktop\nckh2\dataset\image_data\processed\test\high_flood\img_000353_9d483c6580.jpg
img_000357,test,high_flood,pakistan_flood_2022,crisismmd,0,C:\Users\jhiny\Desktop\nckh2\dataset\image_data\raw\crisismmd\pakistan_flood_2022\high_flood\high_flood_000357.jpg,C:\Users\jhiny\Desktop\nckh2\dataset\image_data\processed\test\high_flood\img_000357_e220686e28.jpg
