id,raw_text,clean_text,urgency_label,source,event,location_hint
txt_000050,"Gia dinh toi bi mac ket tren mai nha tai HaiPhong, can doi cuu ho ngay dem nay.",gia dinh toi bi mac ket tren mai nha tai haiphong can doi cuu ho ngay dem nay,urgent_rescue,zalo,bao_noru_2022,HaiPhong
txt_000064,"Cuu voi! Nuoc dang len nhanh o Beira, co nguoi gia va tre em can ho tro gap.",cuu voi nuoc dang len nhanh o beira co nguoi gia va tre em can ho tro gap,urgent_rescue,reddit,harvey_2017,Beira
txt_000024,"Xin ho tro khan cap, nha toi o QuangNam dang ngap sau hon 1m, khong the thoat ra.",xin ho tro khan cap nha toi o quangnam dang ngap sau hon 1m khong the thoat ra,urgent_rescue,tiktok,ngap_can_tho_2019,QuangNam
txt_000051,"Xin ho tro khan cap, nha toi o Hue dang ngap sau hon 1m, khong the thoat ra.",xin ho tro khan cap nha toi o hue dang ngap sau hon 1m khong the thoat ra,urgent_rescue,tiktok,bao_yagi_2024,Hue
txt_000031,"Cuu voi! Nuoc dang len nhanh o Hue, co nguoi gia va tre em can ho tro gap.",cuu voi nuoc dang len nhanh o hue co nguoi gia va tre em can ho tro gap,urgent_rescue,facebook,bao_yagi_2024,Hue
txt_000056,"Gia dinh toi bi mac ket tren mai nha tai HaTinh, can doi cuu ho ngay dem nay.",gia dinh toi bi mac ket tren mai nha tai hatinh can doi cuu ho ngay dem nay,urgent_rescue,zalo,ngap_can_tho_2019,HaTinh
txt_000009,"Xin ho tro khan cap, nha toi o QuangNinh dang ngap sau hon 1m, khong the thoat ra.",xin ho tro khan cap nha toi o quangninh dang ngap sau hon 1m khong the thoat ra,urgent_rescue,tiktok,lu_mien_trung_2020,QuangNinh
txt_000047,"Gia dinh toi bi mac ket tren mai nha tai CanTho, can doi cuu ho ngay dem nay.",gia dinh toi bi mac ket tren mai nha tai cantho can doi cuu ho ngay dem nay,urgent_rescue,zalo,bao_yagi_2024,CanTho
txt_000058,"Cuu voi! Nuoc dang len nhanh o AnGiang, co nguoi gia va tre em can ho tro gap.",cuu voi nuoc dang len nhanh o angiang co nguoi gia va tre em can ho tro gap,urgent_rescue,facebook,bao_noru_2022,AnGiang
txt_000040,"Cuu voi! Nuoc dang len nhanh o HaiPhong, co nguoi gia va tre em can ho tro gap.",cuu voi nuoc dang len nhanh o haiphong co nguoi gia va tre em can ho tro gap,urgent_rescue,facebook,ngap_can_tho_2019,HaiPhong
txt_000016,"Cuu voi! Nuoc dang len nhanh o HaTinh, co nguoi gia va tre em can ho tro gap.",cuu voi nuoc dang len nhanh o hatinh co nguoi gia va tre em can ho tro gap,urgent_rescue,facebook,ngap_can_tho_2019,HaTinh
txt_000073,"Cuu voi! Nuoc dang len nhanh o Sindh, co nguoi gia va tre em can ho tro gap.",cuu voi nuoc dang len nhanh o sindh co nguoi gia va tre em can ho tro gap,urgent_rescue,twitter,harvey_2017,Sindh
txt_000060,"Xin ho tro khan cap, nha toi o HaiPhong dang ngap sau hon 1m, khong the thoat ra.",xin ho tro khan cap nha toi o haiphong dang ngap sau hon 1m khong the thoat ra,urgent_rescue,tiktok,ngap_can_tho_2019,HaiPhong
txt_000039,"Xin ho tro khan cap, nha toi o QuangNinh dang ngap sau hon 1m, khong the thoat ra.",xin ho tro khan cap nha toi o quangninh dang ngap sau hon 1m khong the thoat ra,urgent_rescue,tiktok,bao_yagi_2024,QuangNinh
txt_000043,"Cuu voi! Nuoc dang len nhanh o QuangTri, co nguoi gia va tre em can ho tro gap.",cuu voi nuoc dang len nhanh o quangtri co nguoi gia va tre em can ho tro gap,urgent_rescue,facebook,bao_yagi_2024,QuangTri
txt_000063,"Xin ho tro khan cap, nha toi o Sindh dang ngap sau hon 1m, khong the thoat ra.",xin ho tro khan cap nha toi o sindh dang ngap sau hon 1m khong the thoat ra,urgent_rescue,twitter,pakistan_flood_2022,Sindh
txt_000026,"Gia dinh toi bi mac ket tren mai nha tai HaTinh, can doi cuu ho ngay dem nay.",gia dinh toi bi mac ket tren mai nha tai hatinh can doi cuu ho ngay dem nay,urgent_rescue,zalo,bao_noru_2022,HaTinh
txt_000057,"Xin ho tro khan cap, nha toi o CanTho dang ngap sau hon 1m, khong the thoat ra.",xin ho tro khan cap nha toi o cantho dang ngap sau hon 1m khong the thoat ra,urgent_rescue,tiktok,lu_mien_trung_2020,CanTho
txt_000077,"Gia dinh toi bi mac ket tren mai nha tai Kerala, can doi cuu ho ngay dem nay.",gia dinh toi bi mac ket tren mai nha tai kerala can doi cuu ho ngay dem nay,urgent_rescue,twitter,kerala_flood_2018,Kerala
txt_000002,"Gia dinh toi bi mac ket tren mai nha tai DaNang, can doi cuu ho ngay dem nay.",gia dinh toi bi mac ket tren mai nha tai danang can doi cuu ho ngay dem nay,urgent_rescue,zalo,bao_noru_2022,DaNang
txt_000071,"Gia dinh toi bi mac ket tren mai nha tai Houston, can doi cuu ho ngay dem nay.",gia dinh toi bi mac ket tren mai nha tai houston can doi cuu ho ngay dem nay,urgent_rescue,twitter,kerala_flood_2018,Houston
txt_000054,"Xin ho tro khan cap, nha toi o QuangNam dang ngap sau hon 1m, khong the thoat ra.",xin ho tro khan cap nha toi o quangnam dang ngap sau hon 1m khong the thoat ra,urgent_rescue,tiktok,bao_noru_2022,QuangNam
txt_000019,"Cuu voi! Nuoc dang len nhanh o QuangNinh, co nguoi gia va tre em can ho tro gap.",cuu voi nuoc dang len nhanh o quangninh co nguoi gia va tre em can ho tro gap,urgent_rescue,facebook,bao_yagi_2024,QuangNinh
txt_000068,"Gia dinh toi bi mac ket tren mai nha tai Sindh, can doi cuu ho ngay dem nay.",gia dinh toi bi mac ket tren mai nha tai sindh can doi cuu ho ngay dem nay,urgent_rescue,reddit,kerala_flood_2018,Sindh
txt_000020,"Gia dinh toi bi mac ket tren mai nha tai HaiPhong, can doi cuu ho ngay dem nay.",gia dinh toi bi mac ket tren mai nha tai haiphong can doi cuu ho ngay dem nay,urgent_rescue,zalo,ngap_can_tho_2019,HaiPhong
txt_000021,"Xin ho tro khan cap, nha toi o Hue dang ngap sau hon 1m, khong the thoat ra.",xin ho tro khan cap nha toi o hue dang ngap sau hon 1m khong the thoat ra,urgent_rescue,tiktok,lu_mien_trung_2020,Hue
txt_000044,"Gia dinh toi bi mac ket tren mai nha tai QuangNam, can doi cuu ho ngay dem nay.",gia dinh toi bi mac ket tren mai nha tai quangnam can doi cuu ho ngay dem nay,urgent_rescue,zalo,ngap_can_tho_2019,QuangNam
txt_000048,"Xin ho tro khan cap, nha toi o AnGiang dang ngap sau hon 1m, khong the thoat ra.",xin ho tro khan cap nha toi o angiang dang ngap sau hon 1m khong the thoat ra,urgent_rescue,tiktok,ngap_can_tho_2019,AnGiang
txt_000034,"Cuu voi! Nuoc dang len nhanh o QuangNam, co nguoi gia va tre em can ho tro gap.",cuu voi nuoc dang len nhanh o quangnam co nguoi gia va tre em can ho tro gap,urgent_rescue,facebook,bao_noru_2022,QuangNam
txt_000062,"Gia dinh toi bi mac ket tren mai nha tai Kerala, can doi cuu ho ngay dem nay.",gia dinh toi bi mac ket tren mai nha tai kerala can doi cuu ho ngay dem nay,urgent_rescue,reddit,kerala_flood_2018,Kerala
txt_000033,"Xin ho tro khan cap, nha toi o QuangTri dang ngap sau hon 1m, khong the thoat ra.",xin ho tro khan cap nha toi o quangtri dang ngap sau hon 1m khong the thoat ra,urgent_rescue,tiktok,lu_mien_trung_2020,QuangTri
txt_000008,"Gia dinh toi bi mac ket tren mai nha tai AnGiang, can doi cuu ho ngay dem nay.",gia dinh toi bi mac ket tren mai nha tai angiang can doi cuu ho ngay dem nay,urgent_rescue,zalo,ngap_can_tho_2019,AnGiang
txt_000066,"Xin ho tro khan cap, nha toi o Houston dang ngap sau hon 1m, khong the thoat ra.",xin ho tro khan cap nha toi o houston dang ngap sau hon 1m khong the thoat ra,urgent_rescue,reddit,pakistan_flood_2022,Houston
txt_000003,"Xin ho tro khan cap, nha toi o QuangTri dang ngap sau hon 1m, khong the thoat ra.",xin ho tro khan cap nha toi o quangtri dang ngap sau hon 1m khong the thoat ra,urgent_rescue,tiktok,bao_yagi_2024,QuangTri
txt_000017,"Gia dinh toi bi mac ket tren mai nha tai CanTho, can doi cuu ho ngay dem nay.",gia dinh toi bi mac ket tren mai nha tai cantho can doi cuu ho ngay dem nay,urgent_rescue,zalo,lu_mien_trung_2020,CanTho
txt_000037,"Cuu voi! Nuoc dang len nhanh o CanTho, co nguoi gia va tre em can ho tro gap.",cuu voi nuoc dang len nhanh o cantho co nguoi gia va tre em can ho tro gap,urgent_rescue,facebook,lu_mien_trung_2020,CanTho
txt_000023,"Gia dinh toi bi mac ket tren mai nha tai QuangTri, can doi cuu ho ngay dem nay.",gia dinh toi bi mac ket tren mai nha tai quangtri can doi cuu ho ngay dem nay,urgent_rescue,zalo,bao_yagi_2024,QuangTri
txt_000041,"Gia dinh toi bi mac ket tren mai nha tai Hue, can doi cuu ho ngay dem nay.",gia dinh toi bi mac ket tren mai nha tai hue can doi cuu ho ngay dem nay,urgent_rescue,zalo,lu_mien_trung_2020,Hue
txt_000025,"Cuu voi! Nuoc dang len nhanh o NgheAn, co nguoi gia va tre em can ho tro gap.",cuu voi nuoc dang len nhanh o nghean co nguoi gia va tre em can ho tro gap,urgent_rescue,facebook,lu_mien_trung_2020,NgheAn
txt_000006,"Xin ho tro khan cap, nha toi o HaTinh dang ngap sau hon 1m, khong the thoat ra.",xin ho tro khan cap nha toi o hatinh dang ngap sau hon 1m khong the thoat ra,urgent_rescue,tiktok,bao_noru_2022,HaTinh
txt_000007,"Cuu voi! Nuoc dang len nhanh o CanTho, co nguoi gia va tre em can ho tro gap.",cuu voi nuoc dang len nhanh o cantho co nguoi gia va tre em can ho tro gap,urgent_rescue,facebook,bao_yagi_2024,CanTho
txt_000061,"Cuu voi! Nuoc dang len nhanh o Houston, co nguoi gia va tre em can ho tro gap.",cuu voi nuoc dang len nhanh o houston co nguoi gia va tre em can ho tro gap,urgent_rescue,twitter,harvey_2017,Houston
txt_000074,"Gia dinh toi bi mac ket tren mai nha tai Beira, can doi cuu ho ngay dem nay.",gia dinh toi bi mac ket tren mai nha tai beira can doi cuu ho ngay dem nay,urgent_rescue,reddit,kerala_flood_2018,Beira
txt_000010,"Cuu voi! Nuoc dang len nhanh o HaiPhong, co nguoi gia va tre em can ho tro gap.",cuu voi nuoc dang len nhanh o haiphong co nguoi gia va tre em can ho tro gap,urgent_rescue,facebook,bao_noru_2022,HaiPhong
txt_000053,"Gia dinh toi bi mac ket tren mai nha tai QuangTri, can doi cuu ho ngay dem nay.",gia dinh toi bi mac ket tren mai nha tai quangtri can doi cuu ho ngay dem nay,urgent_rescue,zalo,lu_mien_trung_2020,QuangTri
txt_000022,"Cuu voi! Nuoc dang len nhanh o DaNang, co nguoi gia va tre em can ho tro gap.",cuu voi nuoc dang len nhanh o danang co nguoi gia va tre em can ho tro gap,urgent_rescue,facebook,bao_noru_2022,DaNang
txt_000067,"Cuu voi! Nuoc dang len nhanh o Kerala, co nguoi gia va tre em can ho tro gap.",cuu voi nuoc dang len nhanh o kerala co nguoi gia va tre em can ho tro gap,urgent_rescue,twitter,harvey_2017,Kerala
txt_000059,"Gia dinh toi bi mac ket tren mai nha tai QuangNinh, can doi cuu ho ngay dem nay.",gia dinh toi bi mac ket tren mai nha tai quangninh can doi cuu ho ngay dem nay,urgent_rescue,zalo,bao_yagi_2024,QuangNinh
txt_000011,"Gia dinh toi bi mac ket tren mai nha tai Hue, can doi cuu ho ngay dem nay.",gia dinh toi bi mac ket tren mai nha tai hue can doi cuu ho ngay dem nay,urgent_rescue,zalo,bao_yagi_2024,Hue
txt_000049,"Cuu voi! Nuoc dang len nhanh o QuangNinh, co nguoi gia va tre em can ho tro gap.",cuu voi nuoc dang len nhanh o quangninh co nguoi gia va tre em can ho tro gap,urgent_rescue,facebook,lu_mien_trung_2020,QuangNinh
txt_000001,"Cuu voi! Nuoc dang len nhanh o Hue, co nguoi gia va tre em can ho tro gap.",cuu voi nuoc dang len nhanh o hue co nguoi gia va tre em can ho tro gap,urgent_rescue,facebook,lu_mien_trung_2020,Hue
txt_000052,"Cuu voi! Nuoc dang len nhanh o DaNang, co nguoi gia va tre em can ho tro gap.",cuu voi nuoc dang len nhanh o danang co nguoi gia va tre em can ho tro gap,urgent_rescue,facebook,ngap_can_tho_2019,DaNang
txt_000075,"Xin ho tro khan cap, nha toi o Jakarta dang ngap sau hon 1m, khong the thoat ra.",xin ho tro khan cap nha toi o jakarta dang ngap sau hon 1m khong the thoat ra,urgent_rescue,twitter,pakistan_flood_2022,Jakarta
txt_000038,"Gia dinh toi bi mac ket tren mai nha tai AnGiang, can doi cuu ho ngay dem nay.",gia dinh toi bi mac ket tren mai nha tai angiang can doi cuu ho ngay dem nay,urgent_rescue,zalo,bao_noru_2022,AnGiang
txt_000076,"Cuu voi! Nuoc dang len nhanh o Houston, co nguoi gia va tre em can ho tro gap.",cuu voi nuoc dang len nhanh o houston co nguoi gia va tre em can ho tro gap,urgent_rescue,reddit,harvey_2017,Houston
txt_000080,"Gia dinh toi bi mac ket tren mai nha tai Jakarta, can doi cuu ho ngay dem nay.",gia dinh toi bi mac ket tren mai nha tai jakarta can doi cuu ho ngay dem nay,urgent_rescue,reddit,kerala_flood_2018,Jakarta
txt_000142,"To dan pho o Kerala can tiep te ao phao, den pin va luong kho.",to dan pho o kerala can tiep te ao phao den pin va luong kho,need_supplies,reddit,kerala_flood_2018,Kerala
txt_000127,"To dan pho o CanTho can tiep te ao phao, den pin va luong kho.",to dan pho o cantho can tiep te ao phao den pin va luong kho,need_supplies,zalo,bao_yagi_2024,CanTho
txt_000105,"Khu vuc NgheAn dang thieu nuoc sach, mi goi va thuoc men cho ba con.",khu vuc nghean dang thieu nuoc sach mi goi va thuoc men cho ba con,need_supplies,facebook,lu_mien_trung_2020,NgheAn
txt_000123,"Khu vuc QuangTri dang thieu nuoc sach, mi goi va thuoc men cho ba con.",khu vuc quangtri dang thieu nuoc sach mi goi va thuoc men cho ba con,need_supplies,facebook,bao_yagi_2024,QuangTri
txt_000087,"Khu vuc CanTho dang thieu nuoc sach, mi goi va thuoc men cho ba con.",khu vuc cantho dang thieu nuoc sach mi goi va thuoc men cho ba con,need_supplies,facebook,bao_yagi_2024,CanTho
txt_000107,"Xin gui nhu yeu pham den diem tam tru tai CanTho, hien da gan het do an.",xin gui nhu yeu pham den diem tam tru tai cantho hien da gan het do an,need_supplies,tiktok,bao_yagi_2024,CanTho
txt_000128,"Xin gui nhu yeu pham den diem tam tru tai AnGiang, hien da gan het do an.",xin gui nhu yeu pham den diem tam tru tai angiang hien da gan het do an,need_supplies,tiktok,ngap_can_tho_2019,AnGiang
txt_000092,"Xin gui nhu yeu pham den diem tam tru tai DaNang, hien da gan het do an.",xin gui nhu yeu pham den diem tam tru tai danang hien da gan het do an,need_supplies,tiktok,ngap_can_tho_2019,DaNang
txt_000082,"To dan pho o DaNang can tiep te ao phao, den pin va luong kho.",to dan pho o danang can tiep te ao phao den pin va luong kho,need_supplies,zalo,bao_noru_2022,DaNang
txt_000147,"Khu vuc Kerala dang thieu nuoc sach, mi goi va thuoc men cho ba con.",khu vuc kerala dang thieu nuoc sach mi goi va thuoc men cho ba con,need_supplies,twitter,harvey_2017,Kerala
txt_000111,"Khu vuc Hue dang thieu nuoc sach, mi goi va thuoc men cho ba con.",khu vuc hue dang thieu nuoc sach mi goi va thuoc men cho ba con,need_supplies,facebook,bao_yagi_2024,Hue
txt_000160,"To dan pho o Jakarta can tiep te ao phao, den pin va luong kho.",to dan pho o jakarta can tiep te ao phao den pin va luong kho,need_supplies,reddit,kerala_flood_2018,Jakarta
txt_000103,"To dan pho o QuangTri can tiep te ao phao, den pin va luong kho.",to dan pho o quangtri can tiep te ao phao den pin va luong kho,need_supplies,zalo,bao_yagi_2024,QuangTri
txt_000099,"Khu vuc QuangNinh dang thieu nuoc sach, mi goi va thuoc men cho ba con.",khu vuc quangninh dang thieu nuoc sach mi goi va thuoc men cho ba con,need_supplies,facebook,bao_yagi_2024,QuangNinh
txt_000091,"To dan pho o Hue can tiep te ao phao, den pin va luong kho.",to dan pho o hue can tiep te ao phao den pin va luong kho,need_supplies,zalo,bao_yagi_2024,Hue
txt_000114,"Khu vuc QuangNam dang thieu nuoc sach, mi goi va thuoc men cho ba con.",khu vuc quangnam dang thieu nuoc sach mi goi va thuoc men cho ba con,need_supplies,facebook,bao_noru_2022,QuangNam
txt_000081,"Khu vuc Hue dang thieu nuoc sach, mi goi va thuoc men cho ba con.",khu vuc hue dang thieu nuoc sach mi goi va thuoc men cho ba con,need_supplies,facebook,lu_mien_trung_2020,Hue
txt_000098,"Xin gui nhu yeu pham den diem tam tru tai AnGiang, hien da gan het do an.",xin gui nhu yeu pham den diem tam tru tai angiang hien da gan het do an,need_supplies,tiktok,bao_noru_2022,AnGiang
txt_000133,"To dan pho o QuangTri can tiep te ao phao, den pin va luong kho.",to dan pho o quangtri can tiep te ao phao den pin va luong kho,need_supplies,zalo,lu_mien_trung_2020,QuangTri
txt_000125,"Xin gui nhu yeu pham den diem tam tru tai NgheAn, hien da gan het do an.",xin gui nhu yeu pham den diem tam tru tai nghean hien da gan het do an,need_supplies,tiktok,lu_mien_trung_2020,NgheAn
txt_000119,"Xin gui nhu yeu pham den diem tam tru tai QuangNinh, hien da gan het do an.",xin gui nhu yeu pham den diem tam tru tai quangninh hien da gan het do an,need_supplies,tiktok,bao_yagi_2024,QuangNinh
txt_000153,"Khu vuc Sindh dang thieu nuoc sach, mi goi va thuoc men cho ba con.",khu vuc sindh dang thieu nuoc sach mi goi va thuoc men cho ba con,need_supplies,twitter,harvey_2017,Sindh
txt_000120,"Khu vuc HaiPhong dang thieu nuoc sach, mi goi va thuoc men cho ba con.",khu vuc haiphong dang thieu nuoc sach mi goi va thuoc men cho ba con,need_supplies,facebook,ngap_can_tho_2019,HaiPhong
txt_000093,"Khu vuc QuangTri dang thieu nuoc sach, mi goi va thuoc men cho ba con.",khu vuc quangtri dang thieu nuoc sach mi goi va thuoc men cho ba con,need_supplies,facebook,lu_mien_trung_2020,QuangTri
txt_000083,"Xin gui nhu yeu pham den diem tam tru tai QuangTri, hien da gan het do an.",xin gui nhu yeu pham den diem tam tru tai quangtri hien da gan het do an,need_supplies,tiktok,bao_yagi_2024,QuangTri
txt_000100,"To dan pho o HaiPhong can tiep te ao phao, den pin va luong kho.",to dan pho o haiphong can tiep te ao phao den pin va luong kho,need_supplies,zalo,ngap_can_tho_2019,HaiPhong
txt_000157,"To dan pho o Kerala can tiep te ao phao, den pin va luong kho.",to dan pho o kerala can tiep te ao phao den pin va luong kho,need_supplies,twitter,kerala_flood_2018,Kerala
txt_000102,"Khu vuc DaNang dang thieu nuoc sach, mi goi va thuoc men cho ba con.",khu vuc danang dang thieu nuoc sach mi goi va thuoc men cho ba con,need_supplies,facebook,bao_noru_2022,DaNang
txt_000148,"To dan pho o Sindh can tiep te ao phao, den pin va luong kho.",to dan pho o sindh can tiep te ao phao den pin va luong kho,need_supplies,reddit,kerala_flood_2018,Sindh
txt_000143,"Xin gui nhu yeu pham den diem tam tru tai Sindh, hien da gan het do an.",xin gui nhu yeu pham den diem tam tru tai sindh hien da gan het do an,need_supplies,twitter,pakistan_flood_2022,Sindh
txt_000138,"Khu vuc AnGiang dang thieu nuoc sach, mi goi va thuoc men cho ba con.",khu vuc angiang dang thieu nuoc sach mi goi va thuoc men cho ba con,need_supplies,facebook,bao_noru_2022,AnGiang
txt_000131,"Xin gui nhu yeu pham den diem tam tru tai Hue, hien da gan het do an.",xin gui nhu yeu pham den diem tam tru tai hue hien da gan het do an,need_supplies,tiktok,bao_yagi_2024,Hue
txt_000151,"To dan pho o Houston can tiep te ao phao, den pin va luong kho.",to dan pho o houston can tiep te ao phao den pin va luong kho,need_supplies,twitter,kerala_flood_2018,Houston
txt_000084,"Khu vuc QuangNam dang thieu nuoc sach, mi goi va thuoc men cho ba con.",khu vuc quangnam dang thieu nuoc sach mi goi va thuoc men cho ba con,need_supplies,facebook,ngap_can_tho_2019,QuangNam
txt_000086,"Xin gui nhu yeu pham den diem tam tru tai HaTinh, hien da gan het do an.",xin gui nhu yeu pham den diem tam tru tai hatinh hien da gan het do an,need_supplies,tiktok,bao_noru_2022,HaTinh
txt_000135,"Khu vuc NgheAn dang thieu nuoc sach, mi goi va thuoc men cho ba con.",khu vuc nghean dang thieu nuoc sach mi goi va thuoc men cho ba con,need_supplies,facebook,bao_yagi_2024,NgheAn
txt_000113,"Xin gui nhu yeu pham den diem tam tru tai QuangTri, hien da gan het do an.",xin gui nhu yeu pham den diem tam tru tai quangtri hien da gan het do an,need_supplies,tiktok,lu_mien_trung_2020,QuangTri
txt_000156,"Khu vuc Houston dang thieu nuoc sach, mi goi va thuoc men cho ba con.",khu vuc houston dang thieu nuoc sach mi goi va thuoc men cho ba con,need_supplies,reddit,harvey_2017,Houston
txt_000095,"Xin gui nhu yeu pham den diem tam tru tai NgheAn, hien da gan het do an.",xin gui nhu yeu pham den diem tam tru tai nghean hien da gan het do an,need_supplies,tiktok,bao_yagi_2024,NgheAn
txt_000104,"Xin gui nhu yeu pham den diem tam tru tai QuangNam, hien da gan het do an.",xin gui nhu yeu pham den diem tam tru tai quangnam hien da gan het do an,need_supplies,tiktok,ngap_can_tho_2019,QuangNam
txt_000134,"Xin gui nhu yeu pham den diem tam tru tai QuangNam, hien da gan het do an.",xin gui nhu yeu pham den diem tam tru tai quangnam hien da gan het do an,need_supplies,tiktok,bao_noru_2022,QuangNam
txt_000124,"To dan pho o QuangNam can tiep te ao phao, den pin va luong kho.",to dan pho o quangnam can tiep te ao phao den pin va luong kho,need_supplies,zalo,ngap_can_tho_2019,QuangNam
txt_000144,"Khu vuc Beira dang thieu nuoc sach, mi goi va thuoc men cho ba con.",khu vuc beira dang thieu nuoc sach mi goi va thuoc men cho ba con,need_supplies,reddit,harvey_2017,Beira
txt_000118,"To dan pho o AnGiang can tiep te ao phao, den pin va luong kho.",to dan pho o angiang can tiep te ao phao den pin va luong kho,need_supplies,zalo,bao_noru_2022,AnGiang
txt_000130,"To dan pho o HaiPhong can tiep te ao phao, den pin va luong kho.",to dan pho o haiphong can tiep te ao phao den pin va luong kho,need_supplies,zalo,bao_noru_2022,HaiPhong
txt_000146,"Xin gui nhu yeu pham den diem tam tru tai Houston, hien da gan het do an.",xin gui nhu yeu pham den diem tam tru tai houston hien da gan het do an,need_supplies,reddit,pakistan_flood_2022,Houston
txt_000116,"Xin gui nhu yeu pham den diem tam tru tai HaTinh, hien da gan het do an.",xin gui nhu yeu pham den diem tam tru tai hatinh hien da gan het do an,need_supplies,tiktok,ngap_can_tho_2019,HaTinh
txt_000096,"Khu vuc HaTinh dang thieu nuoc sach, mi goi va thuoc men cho ba con.",khu vuc hatinh dang thieu nuoc sach mi goi va thuoc men cho ba con,need_supplies,facebook,ngap_can_tho_2019,HaTinh
txt_000145,"To dan pho o Jakarta can tiep te ao phao, den pin va luong kho.",to dan pho o jakarta can tiep te ao phao den pin va luong kho,need_supplies,twitter,kerala_flood_2018,Jakarta
txt_000097,"To dan pho o CanTho can tiep te ao phao, den pin va luong kho.",to dan pho o cantho can tiep te ao phao den pin va luong kho,need_supplies,zalo,lu_mien_trung_2020,CanTho
txt_000090,"Khu vuc HaiPhong dang thieu nuoc sach, mi goi va thuoc men cho ba con.",khu vuc haiphong dang thieu nuoc sach mi goi va thuoc men cho ba con,need_supplies,facebook,bao_noru_2022,HaiPhong
txt_000150,"Khu vuc Jakarta dang thieu nuoc sach, mi goi va thuoc men cho ba con.",khu vuc jakarta dang thieu nuoc sach mi goi va thuoc men cho ba con,need_supplies,reddit,harvey_2017,Jakarta
txt_000136,"To dan pho o HaTinh can tiep te ao phao, den pin va luong kho.",to dan pho o hatinh can tiep te ao phao den pin va luong kho,need_supplies,zalo,ngap_can_tho_2019,HaTinh
txt_000106,"To dan pho o HaTinh can tiep te ao phao, den pin va luong kho.",to dan pho o hatinh can tiep te ao phao den pin va luong kho,need_supplies,zalo,bao_noru_2022,HaTinh
txt_000159,"Khu vuc Beira dang thieu nuoc sach, mi goi va thuoc men cho ba con.",khu vuc beira dang thieu nuoc sach mi goi va thuoc men cho ba con,need_supplies,twitter,harvey_2017,Beira
txt_000154,"To dan pho o Beira can tiep te ao phao, den pin va luong kho.",to dan pho o beira can tiep te ao phao den pin va luong kho,need_supplies,reddit,kerala_flood_2018,Beira
txt_000206,"Thong bao: khu HaTinh da an toan tam thoi, moi nguoi da duoc di doi.",thong bao khu hatinh da an toan tam thoi moi nguoi da duoc di doi,safe_update,facebook,bao_noru_2022,HaTinh
txt_000167,"Thong bao: khu CanTho da an toan tam thoi, moi nguoi da duoc di doi.",thong bao khu cantho da an toan tam thoi moi nguoi da duoc di doi,safe_update,facebook,bao_yagi_2024,CanTho
txt_000170,"Thong bao: khu HaiPhong da an toan tam thoi, moi nguoi da duoc di doi.",thong bao khu haiphong da an toan tam thoi moi nguoi da duoc di doi,safe_update,facebook,bao_noru_2022,HaiPhong
txt_000198,"Cap nhat tu AnGiang: nuoc da rut cham, khong co thuong vong moi.",cap nhat tu angiang nuoc da rut cham khong co thuong vong moi,safe_update,zalo,bao_noru_2022,AnGiang
txt_000215,"Thong bao: khu NgheAn da an toan tam thoi, moi nguoi da duoc di doi.",thong bao khu nghean da an toan tam thoi moi nguoi da duoc di doi,safe_update,facebook,bao_yagi_2024,NgheAn
txt_000200,"Thong bao: khu HaiPhong da an toan tam thoi, moi nguoi da duoc di doi.",thong bao khu haiphong da an toan tam thoi moi nguoi da duoc di doi,safe_update,facebook,ngap_can_tho_2019,HaiPhong
txt_000209,"Thong bao: khu QuangNinh da an toan tam thoi, moi nguoi da duoc di doi.",thong bao khu quangninh da an toan tam thoi moi nguoi da duoc di doi,safe_update,facebook,lu_mien_trung_2020,QuangNinh
txt_000226,"Nhom dan cu o Houston da lien lac duoc voi luc luong chuc nang, tinh hinh on dinh.",nhom dan cu o houston da lien lac duoc voi luc luong chuc nang tinh hinh on dinh,safe_update,reddit,pakistan_flood_2022,Houston
txt_000219,"Cap nhat tu QuangNinh: nuoc da rut cham, khong co thuong vong moi.",cap nhat tu quangninh nuoc da rut cham khong co thuong vong moi,safe_update,zalo,bao_yagi_2024,QuangNinh
txt_000205,"Nhom dan cu o NgheAn da lien lac duoc voi luc luong chuc nang, tinh hinh on dinh.",nhom dan cu o nghean da lien lac duoc voi luc luong chuc nang tinh hinh on dinh,safe_update,tiktok,lu_mien_trung_2020,NgheAn
txt_000162,"Cap nhat tu DaNang: nuoc da rut cham, khong co thuong vong moi.",cap nhat tu danang nuoc da rut cham khong co thuong vong moi,safe_update,zalo,bao_noru_2022,DaNang
txt_000187,"Nhom dan cu o CanTho da lien lac duoc voi luc luong chuc nang, tinh hinh on dinh.",nhom dan cu o cantho da lien lac duoc voi luc luong chuc nang tinh hinh on dinh,safe_update,tiktok,bao_yagi_2024,CanTho
txt_000190,"Nhom dan cu o HaiPhong da lien lac duoc voi luc luong chuc nang, tinh hinh on dinh.",nhom dan cu o haiphong da lien lac duoc voi luc luong chuc nang tinh hinh on dinh,safe_update,tiktok,bao_noru_2022,HaiPhong
txt_000239,"Thong bao: khu Beira da an toan tam thoi, moi nguoi da duoc di doi.",thong bao khu beira da an toan tam thoi moi nguoi da duoc di doi,safe_update,twitter,harvey_2017,Beira
txt_000172,"Nhom dan cu o DaNang da lien lac duoc voi luc luong chuc nang, tinh hinh on dinh.",nhom dan cu o danang da lien lac duoc voi luc luong chuc nang tinh hinh on dinh,safe_update,tiktok,ngap_can_tho_2019,DaNang
txt_000210,"Cap nhat tu HaiPhong: nuoc da rut cham, khong co thuong vong moi.",cap nhat tu haiphong nuoc da rut cham khong co thuong vong moi,safe_update,zalo,bao_noru_2022,HaiPhong
txt_000182,"Thong bao: khu DaNang da an toan tam thoi, moi nguoi da duoc di doi.",thong bao khu danang da an toan tam thoi moi nguoi da duoc di doi,safe_update,facebook,bao_noru_2022,DaNang
txt_000231,"Cap nhat tu Houston: nuoc da rut cham, khong co thuong vong moi.",cap nhat tu houston nuoc da rut cham khong co thuong vong moi,safe_update,twitter,kerala_flood_2018,Houston
txt_000185,"Thong bao: khu NgheAn da an toan tam thoi, moi nguoi da duoc di doi.",thong bao khu nghean da an toan tam thoi moi nguoi da duoc di doi,safe_update,facebook,lu_mien_trung_2020,NgheAn
txt_000178,"Nhom dan cu o AnGiang da lien lac duoc voi luc luong chuc nang, tinh hinh on dinh.",nhom dan cu o angiang da lien lac duoc voi luc luong chuc nang tinh hinh on dinh,safe_update,tiktok,bao_noru_2022,AnGiang
txt_000179,"Thong bao: khu QuangNinh da an toan tam thoi, moi nguoi da duoc di doi.",thong bao khu quangninh da an toan tam thoi moi nguoi da duoc di doi,safe_update,facebook,bao_yagi_2024,QuangNinh
txt_000229,"Nhom dan cu o Beira da lien lac duoc voi luc luong chuc nang, tinh hinh on dinh.",nhom dan cu o beira da lien lac duoc voi luc luong chuc nang tinh hinh on dinh,safe_update,twitter,pakistan_flood_2022,Beira
txt_000227,"Thong bao: khu Kerala da an toan tam thoi, moi nguoi da duoc di doi.",thong bao khu kerala da an toan tam thoi moi nguoi da duoc di doi,safe_update,twitter,harvey_2017,Kerala
txt_000235,"Nhom dan cu o Jakarta da lien lac duoc voi luc luong chuc nang, tinh hinh on dinh.",nhom dan cu o jakarta da lien lac duoc voi luc luong chuc nang tinh hinh on dinh,safe_update,twitter,pakistan_flood_2022,Jakarta
txt_000193,"Nhom dan cu o QuangTri da lien lac duoc voi luc luong chuc nang, tinh hinh on dinh.",nhom dan cu o quangtri da lien lac duoc voi luc luong chuc nang tinh hinh on dinh,safe_update,tiktok,lu_mien_trung_2020,QuangTri
txt_000168,"Cap nhat tu AnGiang: nuoc da rut cham, khong co thuong vong moi.",cap nhat tu angiang nuoc da rut cham khong co thuong vong moi,safe_update,zalo,ngap_can_tho_2019,AnGiang
txt_000216,"Cap nhat tu HaTinh: nuoc da rut cham, khong co thuong vong moi.",cap nhat tu hatinh nuoc da rut cham khong co thuong vong moi,safe_update,zalo,ngap_can_tho_2019,HaTinh
txt_000204,"Cap nhat tu QuangNam: nuoc da rut cham, khong co thuong vong moi.",cap nhat tu quangnam nuoc da rut cham khong co thuong vong moi,safe_update,zalo,ngap_can_tho_2019,QuangNam
txt_000201,"Cap nhat tu Hue: nuoc da rut cham, khong co thuong vong moi.",cap nhat tu hue nuoc da rut cham khong co thuong vong moi,safe_update,zalo,lu_mien_trung_2020,Hue
txt_000189,"Cap nhat tu QuangNinh: nuoc da rut cham, khong co thuong vong moi.",cap nhat tu quangninh nuoc da rut cham khong co thuong vong moi,safe_update,zalo,lu_mien_trung_2020,QuangNinh
txt_000224,"Thong bao: khu Beira da an toan tam thoi, moi nguoi da duoc di doi.",thong bao khu beira da an toan tam thoi moi nguoi da duoc di doi,safe_update,reddit,harvey_2017,Beira
txt_000222,"Cap nhat tu Kerala: nuoc da rut cham, khong co thuong vong moi.",cap nhat tu kerala nuoc da rut cham khong co thuong vong moi,safe_update,reddit,kerala_flood_2018,Kerala
txt_000234,"Cap nhat tu Beira: nuoc da rut cham, khong co thuong vong moi.",cap nhat tu beira nuoc da rut cham khong co thuong vong moi,safe_update,reddit,kerala_flood_2018,Beira
txt_000218,"Thong bao: khu AnGiang da an toan tam thoi, moi nguoi da duoc di doi.",thong bao khu angiang da an toan tam thoi moi nguoi da duoc di doi,safe_update,facebook,bao_noru_2022,AnGiang
txt_000173,"Thong bao: khu QuangTri da an toan tam thoi, moi nguoi da duoc di doi.",thong bao khu quangtri da an toan tam thoi moi nguoi da duoc di doi,safe_update,facebook,lu_mien_trung_2020,QuangTri
txt_000232,"Nhom dan cu o Kerala da lien lac duoc voi luc luong chuc nang, tinh hinh on dinh.",nhom dan cu o kerala da lien lac duoc voi luc luong chuc nang tinh hinh on dinh,safe_update,reddit,pakistan_flood_2022,Kerala
txt_000237,"Cap nhat tu Kerala: nuoc da rut cham, khong co thuong vong moi.",cap nhat tu kerala nuoc da rut cham khong co thuong vong moi,safe_update,twitter,kerala_flood_2018,Kerala
txt_000188,"Thong bao: khu AnGiang da an toan tam thoi, moi nguoi da duoc di doi.",thong bao khu angiang da an toan tam thoi moi nguoi da duoc di doi,safe_update,facebook,ngap_can_tho_2019,AnGiang
txt_000236,"Thong bao: khu Houston da an toan tam thoi, moi nguoi da duoc di doi.",thong bao khu houston da an toan tam thoi moi nguoi da duoc di doi,safe_update,reddit,harvey_2017,Houston
txt_000194,"Thong bao: khu QuangNam da an toan tam thoi, moi nguoi da duoc di doi.",thong bao khu quangnam da an toan tam thoi moi nguoi da duoc di doi,safe_update,facebook,bao_noru_2022,QuangNam
txt_000177,"Cap nhat tu CanTho: nuoc da rut cham, khong co thuong vong moi.",cap nhat tu cantho nuoc da rut cham khong co thuong vong moi,safe_update,zalo,lu_mien_trung_2020,CanTho
txt_000171,"Cap nhat tu Hue: nuoc da rut cham, khong co thuong vong moi.",cap nhat tu hue nuoc da rut cham khong co thuong vong moi,safe_update,zalo,bao_yagi_2024,Hue
txt_000196,"Nhom dan cu o HaTinh da lien lac duoc voi luc luong chuc nang, tinh hinh on dinh.",nhom dan cu o hatinh da lien lac duoc voi luc luong chuc nang tinh hinh on dinh,safe_update,tiktok,ngap_can_tho_2019,HaTinh
txt_000191,"Thong bao: khu Hue da an toan tam thoi, moi nguoi da duoc di doi.",thong bao khu hue da an toan tam thoi moi nguoi da duoc di doi,safe_update,facebook,bao_yagi_2024,Hue
txt_000203,"Thong bao: khu QuangTri da an toan tam thoi, moi nguoi da duoc di doi.",thong bao khu quangtri da an toan tam thoi moi nguoi da duoc di doi,safe_update,facebook,bao_yagi_2024,QuangTri
txt_000211,"Nhom dan cu o Hue da lien lac duoc voi luc luong chuc nang, tinh hinh on dinh.",nhom dan cu o hue da lien lac duoc voi luc luong chuc nang tinh hinh on dinh,safe_update,tiktok,bao_yagi_2024,Hue
txt_000169,"Nhom dan cu o QuangNinh da lien lac duoc voi luc luong chuc nang, tinh hinh on dinh.",nhom dan cu o quangninh da lien lac duoc voi luc luong chuc nang tinh hinh on dinh,safe_update,tiktok,lu_mien_trung_2020,QuangNinh
txt_000195,"Cap nhat tu NgheAn: nuoc da rut cham, khong co thuong vong moi.",cap nhat tu nghean nuoc da rut cham khong co thuong vong moi,safe_update,zalo,bao_yagi_2024,NgheAn
txt_000165,"Cap nhat tu NgheAn: nuoc da rut cham, khong co thuong vong moi.",cap nhat tu nghean nuoc da rut cham khong co thuong vong moi,safe_update,zalo,lu_mien_trung_2020,NgheAn
txt_000192,"Cap nhat tu DaNang: nuoc da rut cham, khong co thuong vong moi.",cap nhat tu danang nuoc da rut cham khong co thuong vong moi,safe_update,zalo,ngap_can_tho_2019,DaNang
txt_000207,"Cap nhat tu CanTho: nuoc da rut cham, khong co thuong vong moi.",cap nhat tu cantho nuoc da rut cham khong co thuong vong moi,safe_update,zalo,bao_yagi_2024,CanTho
txt_000213,"Cap nhat tu QuangTri: nuoc da rut cham, khong co thuong vong moi.",cap nhat tu quangtri nuoc da rut cham khong co thuong vong moi,safe_update,zalo,lu_mien_trung_2020,QuangTri
txt_000166,"Nhom dan cu o HaTinh da lien lac duoc voi luc luong chuc nang, tinh hinh on dinh.",nhom dan cu o hatinh da lien lac duoc voi luc luong chuc nang tinh hinh on dinh,safe_update,tiktok,bao_noru_2022,HaTinh
txt_000197,"Thong bao: khu CanTho da an toan tam thoi, moi nguoi da duoc di doi.",thong bao khu cantho da an toan tam thoi moi nguoi da duoc di doi,safe_update,facebook,lu_mien_trung_2020,CanTho
txt_000221,"Thong bao: khu Houston da an toan tam thoi, moi nguoi da duoc di doi.",thong bao khu houston da an toan tam thoi moi nguoi da duoc di doi,safe_update,twitter,harvey_2017,Houston
txt_000164,"Thong bao: khu QuangNam da an toan tam thoi, moi nguoi da duoc di doi.",thong bao khu quangnam da an toan tam thoi moi nguoi da duoc di doi,safe_update,facebook,ngap_can_tho_2019,QuangNam
txt_000316,"Hom nay troi mat o Houston, toi dang don dep nha cua.",hom nay troi mat o houston toi dang don dep nha cua,irrelevant,reddit,harvey_2017,Houston
txt_000243,"Moi nguoi nho giu suc khoe o QuangTri, toi van di lam binh thuong.",moi nguoi nho giu suc khoe o quangtri toi van di lam binh thuong,irrelevant,tiktok,bao_yagi_2024,QuangTri
txt_000304,"Hom nay troi mat o Beira, toi dang don dep nha cua.",hom nay troi mat o beira toi dang don dep nha cua,irrelevant,reddit,harvey_2017,Beira
txt_000288,"Moi nguoi nho giu suc khoe o AnGiang, toi van di lam binh thuong.",moi nguoi nho giu suc khoe o angiang toi van di lam binh thuong,irrelevant,tiktok,ngap_can_tho_2019,AnGiang
txt_000260,"Da xem ban tin thoi tiet o HaiPhong, cam on moi nguoi chia se.",da xem ban tin thoi tiet o haiphong cam on moi nguoi chia se,irrelevant,zalo,ngap_can_tho_2019,HaiPhong
txt_000282,"Moi nguoi nho giu suc khoe o DaNang, toi van di lam binh thuong.",moi nguoi nho giu suc khoe o danang toi van di lam binh thuong,irrelevant,tiktok,bao_noru_2022,DaNang
txt_000259,"Hom nay troi mat o QuangNinh, toi dang don dep nha cua.",hom nay troi mat o quangninh toi dang don dep nha cua,irrelevant,facebook,bao_yagi_2024,QuangNinh
txt_000281,"Da xem ban tin thoi tiet o Hue, cam on moi nguoi chia se.",da xem ban tin thoi tiet o hue cam on moi nguoi chia se,irrelevant,zalo,lu_mien_trung_2020,Hue
txt_000277,"Hom nay troi mat o CanTho, toi dang don dep nha cua.",hom nay troi mat o cantho toi dang don dep nha cua,irrelevant,facebook,lu_mien_trung_2020,CanTho
txt_000274,"Hom nay troi mat o QuangNam, toi dang don dep nha cua.",hom nay troi mat o quangnam toi dang don dep nha cua,irrelevant,facebook,bao_noru_2022,QuangNam
txt_000264,"Moi nguoi nho giu suc khoe o QuangNam, toi van di lam binh thuong.",moi nguoi nho giu suc khoe o quangnam toi van di lam binh thuong,irrelevant,tiktok,ngap_can_tho_2019,QuangNam
txt_000319,"Hom nay troi mat o Beira, toi dang don dep nha cua.",hom nay troi mat o beira toi dang don dep nha cua,irrelevant,twitter,harvey_2017,Beira
txt_000290,"Da xem ban tin thoi tiet o HaiPhong, cam on moi nguoi chia se.",da xem ban tin thoi tiet o haiphong cam on moi nguoi chia se,irrelevant,zalo,bao_noru_2022,HaiPhong
txt_000257,"Da xem ban tin thoi tiet o CanTho, cam on moi nguoi chia se.",da xem ban tin thoi tiet o cantho cam on moi nguoi chia se,irrelevant,zalo,lu_mien_trung_2020,CanTho
txt_000284,"Da xem ban tin thoi tiet o QuangNam, cam on moi nguoi chia se.",da xem ban tin thoi tiet o quangnam cam on moi nguoi chia se,irrelevant,zalo,ngap_can_tho_2019,QuangNam
txt_000261,"Moi nguoi nho giu suc khoe o Hue, toi van di lam binh thuong.",moi nguoi nho giu suc khoe o hue toi van di lam binh thuong,irrelevant,tiktok,lu_mien_trung_2020,Hue
txt_000263,"Da xem ban tin thoi tiet o QuangTri, cam on moi nguoi chia se.",da xem ban tin thoi tiet o quangtri cam on moi nguoi chia se,irrelevant,zalo,bao_yagi_2024,QuangTri
txt_000283,"Hom nay troi mat o QuangTri, toi dang don dep nha cua.",hom nay troi mat o quangtri toi dang don dep nha cua,irrelevant,facebook,bao_yagi_2024,QuangTri
txt_000310,"Hom nay troi mat o Jakarta, toi dang don dep nha cua.",hom nay troi mat o jakarta toi dang don dep nha cua,irrelevant,reddit,harvey_2017,Jakarta
txt_000278,"Da xem ban tin thoi tiet o AnGiang, cam on moi nguoi chia se.",da xem ban tin thoi tiet o angiang cam on moi nguoi chia se,irrelevant,zalo,bao_noru_2022,AnGiang
txt_000289,"Hom nay troi mat o QuangNinh, toi dang don dep nha cua.",hom nay troi mat o quangninh toi dang don dep nha cua,irrelevant,facebook,lu_mien_trung_2020,QuangNinh
txt_000273,"Moi nguoi nho giu suc khoe o QuangTri, toi van di lam binh thuong.",moi nguoi nho giu suc khoe o quangtri toi van di lam binh thuong,irrelevant,tiktok,lu_mien_trung_2020,QuangTri
txt_000250,"Hom nay troi mat o HaiPhong, toi dang don dep nha cua.",hom nay troi mat o haiphong toi dang don dep nha cua,irrelevant,facebook,bao_noru_2022,HaiPhong
txt_000255,"Moi nguoi nho giu suc khoe o NgheAn, toi van di lam binh thuong.",moi nguoi nho giu suc khoe o nghean toi van di lam binh thuong,irrelevant,tiktok,bao_yagi_2024,NgheAn
txt_000307,"Hom nay troi mat o Kerala, toi dang don dep nha cua.",hom nay troi mat o kerala toi dang don dep nha cua,irrelevant,twitter,harvey_2017,Kerala
txt_000291,"Moi nguoi nho giu suc khoe o Hue, toi van di lam binh thuong.",moi nguoi nho giu suc khoe o hue toi van di lam binh thuong,irrelevant,tiktok,bao_yagi_2024,Hue
txt_000280,"Hom nay troi mat o HaiPhong, toi dang don dep nha cua.",hom nay troi mat o haiphong toi dang don dep nha cua,irrelevant,facebook,ngap_can_tho_2019,HaiPhong
txt_000309,"Moi nguoi nho giu suc khoe o Beira, toi van di lam binh thuong.",moi nguoi nho giu suc khoe o beira toi van di lam binh thuong,irrelevant,twitter,pakistan_flood_2022,Beira
txt_000279,"Moi nguoi nho giu suc khoe o QuangNinh, toi van di lam binh thuong.",moi nguoi nho giu suc khoe o quangninh toi van di lam binh thuong,irrelevant,tiktok,bao_yagi_2024,QuangNinh
txt_000242,"Da xem ban tin thoi tiet o DaNang, cam on moi nguoi chia se.",da xem ban tin thoi tiet o danang cam on moi nguoi chia se,irrelevant,zalo,bao_noru_2022,DaNang
txt_000285,"Moi nguoi nho giu suc khoe o NgheAn, toi van di lam binh thuong.",moi nguoi nho giu suc khoe o nghean toi van di lam binh thuong,irrelevant,tiktok,lu_mien_trung_2020,NgheAn
txt_000303,"Moi nguoi nho giu suc khoe o Sindh, toi van di lam binh thuong.",moi nguoi nho giu suc khoe o sindh toi van di lam binh thuong,irrelevant,twitter,pakistan_flood_2022,Sindh
txt_000254,"Da xem ban tin thoi tiet o QuangNam, cam on moi nguoi chia se.",da xem ban tin thoi tiet o quangnam cam on moi nguoi chia se,irrelevant,zalo,bao_noru_2022,QuangNam
txt_000271,"Hom nay troi mat o Hue, toi dang don dep nha cua.",hom nay troi mat o hue toi dang don dep nha cua,irrelevant,facebook,bao_yagi_2024,Hue
txt_000317,"Da xem ban tin thoi tiet o Kerala, cam on moi nguoi chia se.",da xem ban tin thoi tiet o kerala cam on moi nguoi chia se,irrelevant,twitter,kerala_flood_2018,Kerala
txt_000267,"Moi nguoi nho giu suc khoe o CanTho, toi van di lam binh thuong.",moi nguoi nho giu suc khoe o cantho toi van di lam binh thuong,irrelevant,tiktok,bao_yagi_2024,CanTho
txt_000251,"Da xem ban tin thoi tiet o Hue, cam on moi nguoi chia se.",da xem ban tin thoi tiet o hue cam on moi nguoi chia se,irrelevant,zalo,bao_yagi_2024,Hue
txt_000302,"Da xem ban tin thoi tiet o Kerala, cam on moi nguoi chia se.",da xem ban tin thoi tiet o kerala cam on moi nguoi chia se,irrelevant,reddit,kerala_flood_2018,Kerala
txt_000246,"Moi nguoi nho giu suc khoe o HaTinh, toi van di lam binh thuong.",moi nguoi nho giu suc khoe o hatinh toi van di lam binh thuong,irrelevant,tiktok,bao_noru_2022,HaTinh
txt_000241,"Hom nay troi mat o Hue, toi dang don dep nha cua.",hom nay troi mat o hue toi dang don dep nha cua,irrelevant,facebook,lu_mien_trung_2020,Hue
txt_000294,"Moi nguoi nho giu suc khoe o QuangNam, toi van di lam binh thuong.",moi nguoi nho giu suc khoe o quangnam toi van di lam binh thuong,irrelevant,tiktok,bao_noru_2022,QuangNam
txt_000244,"Hom nay troi mat o QuangNam, toi dang don dep nha cua.",hom nay troi mat o quangnam toi dang don dep nha cua,irrelevant,facebook,ngap_can_tho_2019,QuangNam
txt_000298,"Hom nay troi mat o AnGiang, toi dang don dep nha cua.",hom nay troi mat o angiang toi dang don dep nha cua,irrelevant,facebook,bao_noru_2022,AnGiang
txt_000276,"Moi nguoi nho giu suc khoe o HaTinh, toi van di lam binh thuong.",moi nguoi nho giu suc khoe o hatinh toi van di lam binh thuong,irrelevant,tiktok,ngap_can_tho_2019,HaTinh
txt_000308,"Da xem ban tin thoi tiet o Sindh, cam on moi nguoi chia se.",da xem ban tin thoi tiet o sindh cam on moi nguoi chia se,irrelevant,reddit,kerala_flood_2018,Sindh
txt_000245,"Da xem ban tin thoi tiet o NgheAn, cam on moi nguoi chia se.",da xem ban tin thoi tiet o nghean cam on moi nguoi chia se,irrelevant,zalo,lu_mien_trung_2020,NgheAn
txt_000297,"Moi nguoi nho giu suc khoe o CanTho, toi van di lam binh thuong.",moi nguoi nho giu suc khoe o cantho toi van di lam binh thuong,irrelevant,tiktok,lu_mien_trung_2020,CanTho
txt_000270,"Moi nguoi nho giu suc khoe o HaiPhong, toi van di lam binh thuong.",moi nguoi nho giu suc khoe o haiphong toi van di lam binh thuong,irrelevant,tiktok,bao_noru_2022,HaiPhong
txt_000258,"Moi nguoi nho giu suc khoe o AnGiang, toi van di lam binh thuong.",moi nguoi nho giu suc khoe o angiang toi van di lam binh thuong,irrelevant,tiktok,bao_noru_2022,AnGiang
txt_000252,"Moi nguoi nho giu suc khoe o DaNang, toi van di lam binh thuong.",moi nguoi nho giu suc khoe o danang toi van di lam binh thuong,irrelevant,tiktok,ngap_can_tho_2019,DaNang
txt_000268,"Hom nay troi mat o AnGiang, toi dang don dep nha cua.",hom nay troi mat o angiang toi dang don dep nha cua,irrelevant,facebook,ngap_can_tho_2019,AnGiang
txt_000249,"Moi nguoi nho giu suc khoe o QuangNinh, toi van di lam binh thuong.",moi nguoi nho giu suc khoe o quangninh toi van di lam binh thuong,irrelevant,tiktok,lu_mien_trung_2020,QuangNinh
txt_000269,"Da xem ban tin thoi tiet o QuangNinh, cam on moi nguoi chia se.",da xem ban tin thoi tiet o quangninh cam on moi nguoi chia se,irrelevant,zalo,lu_mien_trung_2020,QuangNinh
txt_000275,"Da xem ban tin thoi tiet o NgheAn, cam on moi nguoi chia se.",da xem ban tin thoi tiet o nghean cam on moi nguoi chia se,irrelevant,zalo,bao_yagi_2024,NgheAn
txt_000299,"Da xem ban tin thoi tiet o QuangNinh, cam on moi nguoi chia se.",da xem ban tin thoi tiet o quangninh cam on moi nguoi chia se,irrelevant,zalo,bao_yagi_2024,QuangNinh
txt_000305,"Da xem ban tin thoi tiet o Jakarta, cam on moi nguoi chia se.",da xem ban tin thoi tiet o jakarta cam on moi nguoi chia se,irrelevant,twitter,kerala_flood_2018,Jakarta
