epoch,train_loss,accuracy,macro_f1,critical_error_count,critical_error_rate
1,1.2375800098261982,0.3463035019455253,0.3307943659811232,45,0.17509727626459143
2,1.2289633292726752,0.38910505836575876,0.3401964835563367,45,0.17509727626459143
3,1.2197181906792374,0.4396887159533074,0.40619221947284795,49,0.19066147859922178
4,1.2168576817636836,0.4357976653696498,0.3951377323157391,52,0.20233463035019456
5,1.2354373885765109,0.45136186770428016,0.41850354498424036,46,0.17898832684824903
6,1.212569359473765,0.4980544747081712,0.4623301535066241,51,0.19844357976653695
7,1.2097447516037898,0.5019455252918288,0.497395171501663,40,0.1556420233463035
8,1.2023908073306584,0.5642023346303502,0.5366485281489763,40,0.1556420233463035
9,1.188446560659962,0.5486381322957199,0.5148250500526124,32,0.1245136186770428
10,1.1943506206455503,0.5291828793774319,0.4998290474648738,43,0.16731517509727625
