sample_id,file_path,modality,source,event,province,timestamp,original_label,mapped_label,is_vietnam,quality_flag,annotator_1,annotator_2,final_label,review_note,sha1
img_000001,dataset/image_data/raw/vietnam_collected/lu_mien_trung_2020/no_flood/no_flood_000001.jpg,image,vietnam_collected,lu_mien_trung_2020,QuangTri,2017-08-01T09:00:00,no_flood,no_flood,1,ok,LTNA,,no_flood,,8e280dee5101f21d416e915a81fe25637b7d4032
img_000002,dataset/image_data/raw/vietnam_collected/bao_noru_2022/no_flood/no_flood_000002.jpg,image,vietnam_collected,bao_noru_2022,QuangNam,2017-08-01T10:00:00,no_flood,no_flood,1,ok,LTNA,,no_flood,,8e280dee5101f21d416e915a81fe25637b7d4032
img_000003,dataset/image_data/raw/vietnam_collected/bao_yagi_2024/no_flood/no_flood_000003.jpg,image,vietnam_collected,bao_yagi_2024,QuangNinh,2017-08-01T11:00:00,no_flood,no_flood,1,ok,LTNA,,no_flood,,8e280dee5101f21d416e915a81fe25637b7d4032
img_000004,dataset/image_data/raw/vietnam_collected/ngap_can_tho_2019/no_flood/no_flood_000004.jpg,image,vietnam_collected,ngap_can_tho_2019,CanTho,2017-08-01T12:00:00,no_flood,no_flood,1,ok,LTNA,NNQ,no_flood,,8e280dee5101f21d416e915a81fe25637b7d4032
img_000005,dataset/image_data/raw/vietnam_collected/lu_nghe_an_2023/no_flood/no_flood_000005.jpg,image,vietnam_collected,lu_nghe_an_2023,NgheAn,2017-08-01T13:00:00,no_flood,no_flood,1,ok,LTNA,,no_flood,,8e280dee5101f21d416e915a81fe25637b7d4032
img_000006,dataset/image_data/raw/vietnam_collected/ngap_hcm_2022/no_flood/no_flood_000006.jpg,image,vietnam_collected,ngap_hcm_2022,HoChiMinh,2017-08-01T14:00:00,no_flood,no_flood,1,ok,LTNA,,no_flood,,8e280dee5101f21d416e915a81fe25637b7d4032
img_000007,dataset/image_data/raw/vietnam_collected/lu_mien_trung_2020/no_flood/no_flood_000007.jpg,image,vietnam_collected,lu_mien_trung_2020,QuangTri,2017-08-01T15:00:00,no_flood,no_flood,1,ok,LTNA,,no_flood,,8e280dee5101f21d416e915a81fe25637b7d4032
img_000008,dataset/image_data/raw/vietnam_collected/bao_noru_2022/no_flood/no_flood_000008.jpg,image,vietnam_collected,bao_noru_2022,QuangNam,2017-08-01T16:00:00,no_flood,no_flood,1,ok,LTNA,NNQ,no_flood,,8e280dee5101f21d416e915a81fe25637b7d4032
img_000009,dataset/image_data/raw/vietnam_collected/bao_yagi_2024/no_flood/no_flood_000009.jpg,image,vietnam_collected,bao_yagi_2024,QuangNinh,2017-08-01T17:00:00,no_flood,no_flood,1,ok,LTNA,,no_flood,,8e280dee5101f21d416e915a81fe25637b7d4032
img_000010,dataset/image_data/raw/vietnam_collected/ngap_can_tho_2019/no_flood/no_flood_000010.jpg,image,vietnam_collected,ngap_can_tho_2019,CanTho,2017-08-01T18:00:00,no_flood,no_flood,1,ok,LTNA,,no_flood,,8e280dee5101f21d416e915a81fe25637b7d4032
img_000011,dataset/image_data/raw/vietnam_collected/lu_nghe_an_2023/no_flood/no_flood_000011.jpg,image,vietnam_collected,lu_nghe_an_2023,NgheAn,2017-08-01T19:00:00,no_flood,no_flood,1,ok,LTNA,,no_flood,,8e280dee5101f21d416e915a81fe25637b7d4032
img_000012,dataset/image_data/raw/vietnam_collected/ngap_hcm_2022/no_flood/no_flood_000012.jpg,image,vietnam_collected,ngap_hcm_2022,HoChiMinh,2017-08-01T20:00:00,no_flood,no_flood,1,ok,LTNA,NNQ,no_flood,,8e280dee5101f21d416e915a81fe25637b7d4032
img_000013,dataset/image_data/raw/vietnam_collected/lu_mien_trung_2020/no_flood/no_flood_000013.jpg,image,vietnam_collected,lu_mien_trung_2020,QuangTri,2017-08-01T21:00:00,no_flood,no_flood,1,ok,LTNA,,no_flood,,8e280dee5101f21d416e915a81fe25637b7d4032
img_000014,dataset/image_data/raw/vietnam_collected/bao_noru_2022/no_flood/no_flood_000014.jpg,image,vietnam_collected,bao_noru_2022,QuangNam,2017-08-01T22:00:00,no_flood,no_flood,1,ok,LTNA,,no_flood,,8e280dee5101f21d416e915a81fe25637b7d4032
img_000015,dataset/image_data/raw/vietnam_collected/bao_yagi_2024/no_flood/no_flood_000015.jpg,image,vietnam_collected,bao_yagi_2024,QuangNinh,2017-08-01T23:00:00,no_flood,no_flood,1,ok,LTNA,,no_flood,,8e280dee5101f21d416e915a81fe25637b7d4032
img_000016,dataset/image_data/raw/vietnam_collected/ngap_can_tho_2019/no_flood/no_flood_000016.jpg,image,vietnam_collected,ngap_can_tho_2019,CanTho,2017-08-02T00:00:00,no_flood,no_flood,1,ok,LTNA,NNQ,no_flood,,8e280dee5101f21d416e915a81fe25637b7d4032
img_000017,dataset/image_data/raw/vietnam_collected/lu_nghe_an_2023/no_flood/no_flood_000017.jpg,image,vietnam_collected,lu_nghe_an_2023,NgheAn,2017-08-02T01:00:00,no_flood,no_flood,1,ok,LTNA,,no_flood,,8e280dee5101f21d416e915a81fe25637b7d4032
img_000018,dataset/image_data/raw/vietnam_collected/ngap_hcm_2022/no_flood/no_flood_000018.jpg,image,vietnam_collected,ngap_hcm_2022,HoChiMinh,2017-08-02T02:00:00,no_flood,no_flood,1,ok,LTNA,,no_flood,,8e280dee5101f21d416e915a81fe25637b7d4032
img_000019,dataset/image_data/raw/vietnam_collected/lu_mien_trung_2020/no_flood/no_flood_000019.jpg,image,vietnam_collected,lu_mien_trung_2020,QuangTri,2017-08-02T03:00:00,no_flood,no_flood,1,ok,LTNA,,no_flood,,8e280dee5101f21d416e915a81fe25637b7d4032
img_000020,dataset/image_data/raw/vietnam_collected/bao_noru_2022/no_flood/no_flood_000020.jpg,image,vietnam_collected,bao_noru_2022,QuangNam,2017-08-02T04:00:00,no_flood,no_flood,1,ok,LTNA,NNQ,no_flood,,8e280dee5101f21d416e915a81fe25637b7d4032
img_000021,dataset/image_data/raw/vietnam_collected/bao_yagi_2024/no_flood/no_flood_000021.jpg,image,vietnam_collected,bao_yagi_2024,QuangNinh,2017-08-02T05:00:00,no_flood,no_flood,1,ok,LTNA,,no_flood,,8e280dee5101f21d416e915a81fe25637b7d4032
img_000022,dataset/image_data/raw/vietnam_collected/ngap_can_tho_2019/no_flood/no_flood_000022.jpg,image,vietnam_collected,ngap_can_tho_2019,CanTho,2017-08-02T06:00:00,no_flood,no_flood,1,ok,LTNA,,no_flood,,8e280dee5101f21d416e915a81fe25637b7d4032
img_000023,dataset/image_data/raw/vietnam_collected/lu_nghe_an_2023/no_flood/no_flood_000023.jpg,image,vietnam_collected,lu_nghe_an_2023,NgheAn,2017-08-02T07:00:00,no_flood,no_flood,1,ok,LTNA,,no_flood,,8e280dee5101f21d416e915a81fe25637b7d4032
img_000024,dataset/image_data/raw/vietnam_collected/ngap_hcm_2022/no_flood/no_flood_000024.jpg,image,vietnam_collected,ngap_hcm_2022,HoChiMinh,2017-08-02T08:00:00,no_flood,no_flood,1,ok,LTNA,NNQ,no_flood,,8e280dee5101f21d416e915a81fe25637b7d4032
img_000025,dataset/image_data/raw/vietnam_collected/lu_mien_trung_2020/no_flood/no_flood_000025.jpg,image,vietnam_collected,lu_mien_trung_2020,QuangTri,2017-08-02T09:00:00,no_flood,no_flood,1,ok,LTNA,,no_flood,,8e280dee5101f21d416e915a81fe25637b7d4032
img_000026,dataset/image_data/raw/vietnam_collected/bao_noru_2022/no_flood/no_flood_000026.jpg,image,vietnam_collected,bao_noru_2022,QuangNam,2017-08-02T10:00:00,no_flood,no_flood,1,ok,LTNA,,no_flood,,8e280dee5101f21d416e915a81fe25637b7d4032
img_000027,dataset/image_data/raw/vietnam_collected/bao_yagi_2024/no_flood/no_flood_000027.jpg,image,vietnam_collected,bao_yagi_2024,QuangNinh,2017-08-02T11:00:00,no_flood,no_flood,1,ok,LTNA,,no_flood,,8e280dee5101f21d416e915a81fe25637b7d4032
img_000028,dataset/image_data/raw/vietnam_collected/ngap_can_tho_2019/no_flood/no_flood_000028.jpg,image,vietnam_collected,ngap_can_tho_2019,CanTho,2017-08-02T12:00:00,no_flood,no_flood,1,ok,LTNA,NNQ,no_flood,,8e280dee5101f21d416e915a81fe25637b7d4032
img_000029,dataset/image_data/raw/vietnam_collected/lu_nghe_an_2023/no_flood/no_flood_000029.jpg,image,vietnam_collected,lu_nghe_an_2023,NgheAn,2017-08-02T13:00:00,no_flood,no_flood,1,ok,LTNA,,no_flood,,8e280dee5101f21d416e915a81fe25637b7d4032
img_000030,dataset/image_data/raw/vietnam_collected/ngap_hcm_2022/no_flood/no_flood_000030.jpg,image,vietnam_collected,ngap_hcm_2022,HoChiMinh,2017-08-02T14:00:00,no_flood,no_flood,1,ok,LTNA,,no_flood,,8e280dee5101f21d416e915a81fe25637b7d4032
img_000031,dataset/image_data/raw/vietnam_collected/lu_mien_trung_2020/no_flood/no_flood_000031.jpg,image,vietnam_collected,lu_mien_trung_2020,QuangTri,2017-08-02T15:00:00,no_flood,no_flood,1,ok,LTNA,,no_flood,,8e280dee5101f21d416e915a81fe25637b7d4032
img_000032,dataset/image_data/raw/vietnam_collected/bao_noru_2022/no_flood/no_flood_000032.jpg,image,vietnam_collected,bao_noru_2022,QuangNam,2017-08-02T16:00:00,no_flood,no_flood,1,ok,LTNA,NNQ,no_flood,,8e280dee5101f21d416e915a81fe25637b7d4032
img_000033,dataset/image_data/raw/vietnam_collected/bao_yagi_2024/no_flood/no_flood_000033.jpg,image,vietnam_collected,bao_yagi_2024,QuangNinh,2017-08-02T17:00:00,no_flood,no_flood,1,ok,LTNA,,no_flood,,8e280dee5101f21d416e915a81fe25637b7d4032
img_000034,dataset/image_data/raw/vietnam_collected/ngap_can_tho_2019/no_flood/no_flood_000034.jpg,image,vietnam_collected,ngap_can_tho_2019,CanTho,2017-08-02T18:00:00,no_flood,no_flood,1,ok,LTNA,,no_flood,,8e280dee5101f21d416e915a81fe25637b7d4032
img_000035,dataset/image_data/raw/vietnam_collected/lu_nghe_an_2023/no_flood/no_flood_000035.jpg,image,vietnam_collected,lu_nghe_an_2023,NgheAn,2017-08-02T19:00:00,no_flood,no_flood,1,ok,LTNA,,no_flood,,8e280dee5101f21d416e915a81fe25637b7d4032
img_000036,dataset/image_data/raw/vietnam_collected/ngap_hcm_2022/no_flood/no_flood_000036.jpg,image,vietnam_collected,ngap_hcm_2022,HoChiMinh,2017-08-02T20:00:00,no_flood,no_flood,1,ok,LTNA,NNQ,no_flood,,8e280dee5101f21d416e915a81fe25637b7d4032
img_000037,dataset/image_data/raw/vietnam_collected/lu_mien_trung_2020/no_flood/no_flood_000037.jpg,image,vietnam_collected,lu_mien_trung_2020,QuangTri,2017-08-02T21:00:00,no_flood,no_flood,1,ok,LTNA,,no_flood,,8e280dee5101f21d416e915a81fe25637b7d4032
img_000038,dataset/image_data/raw/vietnam_collected/bao_noru_2022/no_flood/no_flood_000038.jpg,image,vietnam_collected,bao_noru_2022,QuangNam,2017-08-02T22:00:00,no_flood,no_flood,1,ok,LTNA,,no_flood,,8e280dee5101f21d416e915a81fe25637b7d4032
img_000039,dataset/image_data/raw/vietnam_collected/bao_yagi_2024/no_flood/no_flood_000039.jpg,image,vietnam_collected,bao_yagi_2024,QuangNinh,2017-08-02T23:00:00,no_flood,no_flood,1,ok,LTNA,,no_flood,,8e280dee5101f21d416e915a81fe25637b7d4032
img_000040,dataset/image_data/raw/vietnam_collected/ngap_can_tho_2019/no_flood/no_flood_000040.jpg,image,vietnam_collected,ngap_can_tho_2019,CanTho,2017-08-03T00:00:00,no_flood,no_flood,1,ok,LTNA,NNQ,no_flood,,8e280dee5101f21d416e915a81fe25637b7d4032
img_000041,dataset/image_data/raw/vietnam_collected/lu_nghe_an_2023/no_flood/no_flood_000041.jpg,image,vietnam_collected,lu_nghe_an_2023,NgheAn,2017-08-03T01:00:00,no_flood,no_flood,1,ok,LTNA,,no_flood,,8e280dee5101f21d416e915a81fe25637b7d4032
img_000042,dataset/image_data/raw/vietnam_collected/ngap_hcm_2022/no_flood/no_flood_000042.jpg,image,vietnam_collected,ngap_hcm_2022,HoChiMinh,2017-08-03T02:00:00,no_flood,no_flood,1,ok,LTNA,,no_flood,,8e280dee5101f21d416e915a81fe25637b7d4032
img_000043,dataset/image_data/raw/vietnam_collected/lu_mien_trung_2020/no_flood/no_flood_000043.jpg,image,vietnam_collected,lu_mien_trung_2020,QuangTri,2017-08-03T03:00:00,no_flood,no_flood,1,ok,LTNA,,no_flood,,8e280dee5101f21d416e915a81fe25637b7d4032
img_000044,dataset/image_data/raw/vietnam_collected/bao_noru_2022/no_flood/no_flood_000044.jpg,image,vietnam_collected,bao_noru_2022,QuangNam,2017-08-03T04:00:00,no_flood,no_flood,1,ok,LTNA,NNQ,no_flood,,8e280dee5101f21d416e915a81fe25637b7d4032
img_000045,dataset/image_data/raw/vietnam_collected/bao_yagi_2024/no_flood/no_flood_000045.jpg,image,vietnam_collected,bao_yagi_2024,QuangNinh,2017-08-03T05:00:00,no_flood,no_flood,1,ok,LTNA,,no_flood,,8e280dee5101f21d416e915a81fe25637b7d4032
img_000046,dataset/image_data/raw/vietnam_collected/ngap_can_tho_2019/no_flood/no_flood_000046.jpg,image,vietnam_collected,ngap_can_tho_2019,CanTho,2017-08-03T06:00:00,no_flood,no_flood,1,ok,LTNA,,no_flood,,8e280dee5101f21d416e915a81fe25637b7d4032
img_000047,dataset/image_data/raw/vietnam_collected/lu_nghe_an_2023/no_flood/no_flood_000047.jpg,image,vietnam_collected,lu_nghe_an_2023,NgheAn,2017-08-03T07:00:00,no_flood,no_flood,1,ok,LTNA,,no_flood,,8e280dee5101f21d416e915a81fe25637b7d4032
img_000048,dataset/image_data/raw/vietnam_collected/ngap_hcm_2022/no_flood/no_flood_000048.jpg,image,vietnam_collected,ngap_hcm_2022,HoChiMinh,2017-08-03T08:00:00,no_flood,no_flood,1,ok,LTNA,NNQ,no_flood,,8e280dee5101f21d416e915a81fe25637b7d4032
img_000049,dataset/image_data/raw/vietnam_collected/lu_mien_trung_2020/no_flood/no_flood_000049.jpg,image,vietnam_collected,lu_mien_trung_2020,QuangTri,2017-08-03T09:00:00,no_flood,no_flood,1,ok,LTNA,,no_flood,,8e280dee5101f21d416e915a81fe25637b7d4032
img_000050,dataset/image_data/raw/vietnam_collected/bao_noru_2022/no_flood/no_flood_000050.jpg,image,vietnam_collected,bao_noru_2022,QuangNam,2017-08-03T10:00:00,no_flood,no_flood,1,ok,LTNA,,no_flood,,8e280dee5101f21d416e915a81fe25637b7d4032
img_000051,dataset/image_data/raw/vietnam_collected/bao_yagi_2024/no_flood/no_flood_000051.jpg,image,vietnam_collected,bao_yagi_2024,QuangNinh,2017-08-03T11:00:00,no_flood,no_flood,1,ok,LTNA,,no_flood,,8e280dee5101f21d416e915a81fe25637b7d4032
img_000052,dataset/image_data/raw/vietnam_collected/ngap_can_tho_2019/no_flood/no_flood_000052.jpg,image,vietnam_collected,ngap_can_tho_2019,CanTho,2017-08-03T12:00:00,no_flood,no_flood,1,ok,LTNA,NNQ,no_flood,,8e280dee5101f21d416e915a81fe25637b7d4032
img_000053,dataset/image_data/raw/vietnam_collected/lu_nghe_an_2023/no_flood/no_flood_000053.jpg,image,vietnam_collected,lu_nghe_an_2023,NgheAn,2017-08-03T13:00:00,no_flood,no_flood,1,ok,LTNA,,no_flood,,8e280dee5101f21d416e915a81fe25637b7d4032
img_000054,dataset/image_data/raw/vietnam_collected/ngap_hcm_2022/no_flood/no_flood_000054.jpg,image,vietnam_collected,ngap_hcm_2022,HoChiMinh,2017-08-03T14:00:00,no_flood,no_flood,1,ok,LTNA,,no_flood,,8e280dee5101f21d416e915a81fe25637b7d4032
img_000055,dataset/image_data/raw/vietnam_collected/lu_mien_trung_2020/no_flood/no_flood_000055.jpg,image,vietnam_collected,lu_mien_trung_2020,QuangTri,2017-08-03T15:00:00,no_flood,no_flood,1,ok,LTNA,,no_flood,,8e280dee5101f21d416e915a81fe25637b7d4032
img_000056,dataset/image_data/raw/vietnam_collected/bao_noru_2022/no_flood/no_flood_000056.jpg,image,vietnam_collected,bao_noru_2022,QuangNam,2017-08-03T16:00:00,no_flood,no_flood,1,ok,LTNA,NNQ,no_flood,,8e280dee5101f21d416e915a81fe25637b7d4032
img_000057,dataset/image_data/raw/vietnam_collected/bao_yagi_2024/no_flood/no_flood_000057.jpg,image,vietnam_collected,bao_yagi_2024,QuangNinh,2017-08-03T17:00:00,no_flood,no_flood,1,ok,LTNA,,no_flood,,8e280dee5101f21d416e915a81fe25637b7d4032
img_000058,dataset/image_data/raw/vietnam_collected/ngap_can_tho_2019/no_flood/no_flood_000058.jpg,image,vietnam_collected,ngap_can_tho_2019,CanTho,2017-08-03T18:00:00,no_flood,no_flood,1,ok,LTNA,,no_flood,,8e280dee5101f21d416e915a81fe25637b7d4032
img_000059,dataset/image_data/raw/vietnam_collected/lu_nghe_an_2023/no_flood/no_flood_000059.jpg,image,vietnam_collected,lu_nghe_an_2023,NgheAn,2017-08-03T19:00:00,no_flood,no_flood,1,ok,LTNA,,no_flood,,8e280dee5101f21d416e915a81fe25637b7d4032
img_000060,dataset/image_data/raw/vietnam_collected/ngap_hcm_2022/no_flood/no_flood_000060.jpg,image,vietnam_collected,ngap_hcm_2022,HoChiMinh,2017-08-03T20:00:00,no_flood,no_flood,1,ok,LTNA,NNQ,no_flood,,8e280dee5101f21d416e915a81fe25637b7d4032
img_000061,dataset/image_data/raw/vietnam_collected/lu_mien_trung_2020/no_flood/no_flood_000061.jpg,image,vietnam_collected,lu_mien_trung_2020,QuangTri,2017-08-03T21:00:00,no_flood,no_flood,1,ok,LTNA,,no_flood,,8e280dee5101f21d416e915a81fe25637b7d4032
img_000062,dataset/image_data/raw/vietnam_collected/bao_noru_2022/no_flood/no_flood_000062.jpg,image,vietnam_collected,bao_noru_2022,QuangNam,2017-08-03T22:00:00,no_flood,no_flood,1,ok,LTNA,,no_flood,,8e280dee5101f21d416e915a81fe25637b7d4032
img_000063,dataset/image_data/raw/vietnam_collected/bao_yagi_2024/no_flood/no_flood_000063.jpg,image,vietnam_collected,bao_yagi_2024,QuangNinh,2017-08-03T23:00:00,no_flood,no_flood,1,ok,LTNA,,no_flood,,8e280dee5101f21d416e915a81fe25637b7d4032
img_000064,dataset/image_data/raw/vietnam_collected/ngap_can_tho_2019/no_flood/no_flood_000064.jpg,image,vietnam_collected,ngap_can_tho_2019,CanTho,2017-08-04T00:00:00,no_flood,no_flood,1,ok,LTNA,NNQ,no_flood,,8e280dee5101f21d416e915a81fe25637b7d4032
img_000065,dataset/image_data/raw/vietnam_collected/lu_nghe_an_2023/no_flood/no_flood_000065.jpg,image,vietnam_collected,lu_nghe_an_2023,NgheAn,2017-08-04T01:00:00,no_flood,no_flood,1,ok,LTNA,,no_flood,,8e280dee5101f21d416e915a81fe25637b7d4032
img_000066,dataset/image_data/raw/vietnam_collected/ngap_hcm_2022/no_flood/no_flood_000066.jpg,image,vietnam_collected,ngap_hcm_2022,HoChiMinh,2017-08-04T02:00:00,no_flood,no_flood,1,ok,LTNA,,no_flood,,8e280dee5101f21d416e915a81fe25637b7d4032
img_000067,dataset/image_data/raw/vietnam_collected/lu_mien_trung_2020/no_flood/no_flood_000067.jpg,image,vietnam_collected,lu_mien_trung_2020,QuangTri,2017-08-04T03:00:00,no_flood,no_flood,1,ok,LTNA,,no_flood,,8e280dee5101f21d416e915a81fe25637b7d4032
img_000068,dataset/image_data/raw/vietnam_collected/bao_noru_2022/no_flood/no_flood_000068.jpg,image,vietnam_collected,bao_noru_2022,QuangNam,2017-08-04T04:00:00,no_flood,no_flood,1,ok,LTNA,NNQ,no_flood,,8e280dee5101f21d416e915a81fe25637b7d4032
img_000069,dataset/image_data/raw/vietnam_collected/bao_yagi_2024/no_flood/no_flood_000069.jpg,image,vietnam_collected,bao_yagi_2024,QuangNinh,2017-08-04T05:00:00,no_flood,no_flood,1,ok,LTNA,,no_flood,,8e280dee5101f21d416e915a81fe25637b7d4032
img_000070,dataset/image_data/raw/vietnam_collected/ngap_can_tho_2019/no_flood/no_flood_000070.jpg,image,vietnam_collected,ngap_can_tho_2019,CanTho,2017-08-04T06:00:00,no_flood,no_flood,1,ok,LTNA,,no_flood,,8e280dee5101f21d416e915a81fe25637b7d4032
img_000071,dataset/image_data/raw/vietnam_collected/lu_nghe_an_2023/no_flood/no_flood_000071.jpg,image,vietnam_collected,lu_nghe_an_2023,NgheAn,2017-08-04T07:00:00,no_flood,no_flood,1,ok,LTNA,,no_flood,,8e280dee5101f21d416e915a81fe25637b7d4032
img_000072,dataset/image_data/raw/vietnam_collected/ngap_hcm_2022/no_flood/no_flood_000072.jpg,image,vietnam_collected,ngap_hcm_2022,HoChiMinh,2017-08-04T08:00:00,no_flood,no_flood,1,ok,LTNA,NNQ,no_flood,,8e280dee5101f21d416e915a81fe25637b7d4032
img_000073,dataset/image_data/raw/vietnam_collected/lu_mien_trung_2020/no_flood/no_flood_000073.jpg,image,vietnam_collected,lu_mien_trung_2020,QuangTri,2017-08-04T09:00:00,no_flood,no_flood,1,ok,LTNA,,no_flood,,8e280dee5101f21d416e915a81fe25637b7d4032
img_000074,dataset/image_data/raw/vietnam_collected/bao_noru_2022/no_flood/no_flood_000074.jpg,image,vietnam_collected,bao_noru_2022,QuangNam,2017-08-04T10:00:00,no_flood,no_flood,1,ok,LTNA,,no_flood,,8e280dee5101f21d416e915a81fe25637b7d4032
img_000075,dataset/image_data/raw/vietnam_collected/bao_yagi_2024/no_flood/no_flood_000075.jpg,image,vietnam_collected,bao_yagi_2024,QuangNinh,2017-08-04T11:00:00,no_flood,no_flood,1,ok,LTNA,,no_flood,,8e280dee5101f21d416e915a81fe25637b7d4032
img_000076,dataset/image_data/raw/vietnam_collected/ngap_can_tho_2019/no_flood/no_flood_000076.jpg,image,vietnam_collected,ngap_can_tho_2019,CanTho,2017-08-04T12:00:00,no_flood,no_flood,1,ok,LTNA,NNQ,no_flood,,8e280dee5101f21d416e915a81fe25637b7d4032
img_000077,dataset/image_data/raw/vietnam_collected/lu_nghe_an_2023/no_flood/no_flood_000077.jpg,image,vietnam_collected,lu_nghe_an_2023,NgheAn,2017-08-04T13:00:00,no_flood,no_flood,1,ok,LTNA,,no_flood,,8e280dee5101f21d416e915a81fe25637b7d4032
img_000078,dataset/image_data/raw/vietnam_collected/ngap_hcm_2022/no_flood/no_flood_000078.jpg,image,vietnam_collected,ngap_hcm_2022,HoChiMinh,2017-08-04T14:00:00,no_flood,no_flood,1,ok,LTNA,,no_flood,,8e280dee5101f21d416e915a81fe25637b7d4032
img_000079,dataset/image_data/raw/vietnam_collected/lu_mien_trung_2020/no_flood/no_flood_000079.jpg,image,vietnam_collected,lu_mien_trung_2020,QuangTri,2017-08-04T15:00:00,no_flood,no_flood,1,ok,LTNA,,no_flood,,8e280dee5101f21d416e915a81fe25637b7d4032
img_000080,dataset/image_data/raw/vietnam_collected/bao_noru_2022/no_flood/no_flood_000080.jpg,image,vietnam_collected,bao_noru_2022,QuangNam,2017-08-04T16:00:00,no_flood,no_flood,1,ok,LTNA,NNQ,no_flood,,8e280dee5101f21d416e915a81fe25637b7d4032
img_000081,dataset/image_data/raw/vietnam_collected/bao_yagi_2024/no_flood/no_flood_000081.jpg,image,vietnam_collected,bao_yagi_2024,QuangNinh,2017-08-04T17:00:00,no_flood,no_flood,1,ok,LTNA,,no_flood,,8e280dee5101f21d416e915a81fe25637b7d4032
img_000082,dataset/image_data/raw/vietnam_collected/ngap_can_tho_2019/no_flood/no_flood_000082.jpg,image,vietnam_collected,ngap_can_tho_2019,CanTho,2017-08-04T18:00:00,no_flood,no_flood,1,ok,LTNA,,no_flood,,8e280dee5101f21d416e915a81fe25637b7d4032
img_000083,dataset/image_data/raw/vietnam_collected/lu_nghe_an_2023/no_flood/no_flood_000083.jpg,image,vietnam_collected,lu_nghe_an_2023,NgheAn,2017-08-04T19:00:00,no_flood,no_flood,1,ok,LTNA,,no_flood,,8e280dee5101f21d416e915a81fe25637b7d4032
img_000084,dataset/image_data/raw/vietnam_collected/ngap_hcm_2022/no_flood/no_flood_000084.jpg,image,vietnam_collected,ngap_hcm_2022,HoChiMinh,2017-08-04T20:00:00,no_flood,no_flood,1,ok,LTNA,NNQ,no_flood,,8e280dee5101f21d416e915a81fe25637b7d4032
img_000085,dataset/image_data/raw/vietnam_collected/lu_mien_trung_2020/no_flood/no_flood_000085.jpg,image,vietnam_collected,lu_mien_trung_2020,QuangTri,2017-08-04T21:00:00,no_flood,no_flood,1,ok,LTNA,,no_flood,,8e280dee5101f21d416e915a81fe25637b7d4032
img_000086,dataset/image_data/raw/vietnam_collected/bao_noru_2022/no_flood/no_flood_000086.jpg,image,vietnam_collected,bao_noru_2022,QuangNam,2017-08-04T22:00:00,no_flood,no_flood,1,ok,LTNA,,no_flood,,8e280dee5101f21d416e915a81fe25637b7d4032
img_000087,dataset/image_data/raw/vietnam_collected/bao_yagi_2024/no_flood/no_flood_000087.jpg,image,vietnam_collected,bao_yagi_2024,QuangNinh,2017-08-04T23:00:00,no_flood,no_flood,1,ok,LTNA,,no_flood,,8e280dee5101f21d416e915a81fe25637b7d4032
img_000088,dataset/image_data/raw/vietnam_collected/ngap_can_tho_2019/no_flood/no_flood_000088.jpg,image,vietnam_collected,ngap_can_tho_2019,CanTho,2017-08-05T00:00:00,no_flood,no_flood,1,ok,LTNA,NNQ,no_flood,,8e280dee5101f21d416e915a81fe25637b7d4032
img_000089,dataset/image_data/raw/vietnam_collected/lu_nghe_an_2023/no_flood/no_flood_000089.jpg,image,vietnam_collected,lu_nghe_an_2023,NgheAn,2017-08-05T01:00:00,no_flood,no_flood,1,ok,LTNA,,no_flood,,8e280dee5101f21d416e915a81fe25637b7d4032
img_000090,dataset/image_data/raw/vietnam_collected/ngap_hcm_2022/no_flood/no_flood_000090.jpg,image,vietnam_collected,ngap_hcm_2022,HoChiMinh,2017-08-05T02:00:00,no_flood,no_flood,1,ok,LTNA,,no_flood,,8e280dee5101f21d416e915a81fe25637b7d4032
img_000091,dataset/image_data/raw/crisismmd/harvey_2017/no_flood/no_flood_000091.jpg,image,crisismmd,harvey_2017,Houston,2017-08-05T03:00:00,no_flood,no_flood,0,ok,LTNA,,no_flood,,37c6bd015482232bf04a7b8c2a36c5d389770361
img_000092,dataset/image_data/raw/floodnet/kerala_flood_2018/no_flood/no_flood_000092.jpg,image,floodnet,kerala_flood_2018,Kerala,2017-08-05T04:00:00,no_flood,no_flood,0,ok,LTNA,,no_flood,,37c6bd015482232bf04a7b8c2a36c5d389770361
img_000093,dataset/image_data/raw/crisismmd/pakistan_flood_2022/no_flood/no_flood_000093.jpg,image,crisismmd,pakistan_flood_2022,Sindh,2017-08-05T05:00:00,no_flood,no_flood,0,ok,LTNA,NNQ,no_flood,,37c6bd015482232bf04a7b8c2a36c5d389770361
img_000094,dataset/image_data/raw/floodnet/idai_2019/no_flood/no_flood_000094.jpg,image,floodnet,idai_2019,Beira,2017-08-05T06:00:00,no_flood,no_flood,0,ok,LTNA,,no_flood,,37c6bd015482232bf04a7b8c2a36c5d389770361
img_000095,dataset/image_data/raw/crisismmd/harvey_2017/no_flood/no_flood_000095.jpg,image,crisismmd,harvey_2017,Houston,2017-08-05T07:00:00,no_flood,no_flood,0,ok,LTNA,,no_flood,,37c6bd015482232bf04a7b8c2a36c5d389770361
img_000096,dataset/image_data/raw/floodnet/kerala_flood_2018/no_flood/no_flood_000096.jpg,image,floodnet,kerala_flood_2018,Kerala,2017-08-05T08:00:00,no_flood,no_flood,0,ok,LTNA,NNQ,no_flood,,37c6bd015482232bf04a7b8c2a36c5d389770361
img_000097,dataset/image_data/raw/crisismmd/pakistan_flood_2022/no_flood/no_flood_000097.jpg,image,crisismmd,pakistan_flood_2022,Sindh,2017-08-05T09:00:00,no_flood,no_flood,0,ok,LTNA,,no_flood,,37c6bd015482232bf04a7b8c2a36c5d389770361
img_000098,dataset/image_data/raw/floodnet/idai_2019/no_flood/no_flood_000098.jpg,image,floodnet,idai_2019,Beira,2017-08-05T10:00:00,no_flood,no_flood,0,ok,LTNA,,no_flood,,37c6bd015482232bf04a7b8c2a36c5d389770361
img_000099,dataset/image_data/raw/crisismmd/harvey_2017/no_flood/no_flood_000099.jpg,image,crisismmd,harvey_2017,Houston,2017-08-05T11:00:00,no_flood,no_flood,0,ok,LTNA,NNQ,no_flood,,37c6bd015482232bf04a7b8c2a36c5d389770361
img_000100,dataset/image_data/raw/floodnet/kerala_flood_2018/no_flood/no_flood_000100.jpg,image,floodnet,kerala_flood_2018,Kerala,2017-08-05T12:00:00,no_flood,no_flood,0,ok,LTNA,,no_flood,,37c6bd015482232bf04a7b8c2a36c5d389770361
img_000101,dataset/image_data/raw/crisismmd/pakistan_flood_2022/no_flood/no_flood_000101.jpg,image,crisismmd,pakistan_flood_2022,Sindh,2017-08-05T13:00:00,no_flood,no_flood,0,ok,LTNA,,no_flood,,37c6bd015482232bf04a7b8c2a36c5d389770361
img_000102,dataset/image_data/raw/floodnet/idai_2019/no_flood/no_flood_000102.jpg,image,floodnet,idai_2019,Beira,2017-08-05T14:00:00,no_flood,no_flood,0,ok,LTNA,NNQ,no_flood,,37c6bd015482232bf04a7b8c2a36c5d389770361
img_000103,dataset/image_data/raw/crisismmd/harvey_2017/no_flood/no_flood_000103.jpg,image,crisismmd,harvey_2017,Houston,2017-08-05T15:00:00,no_flood,no_flood,0,ok,LTNA,,no_flood,,37c6bd015482232bf04a7b8c2a36c5d389770361
img_000104,dataset/image_data/raw/floodnet/kerala_flood_2018/no_flood/no_flood_000104.jpg,image,floodnet,kerala_flood_2018,Kerala,2017-08-05T16:00:00,no_flood,no_flood,0,ok,LTNA,,no_flood,,37c6bd015482232bf04a7b8c2a36c5d389770361
img_000105,dataset/image_data/raw/crisismmd/pakistan_flood_2022/no_flood/no_flood_000105.jpg,image,crisismmd,pakistan_flood_2022,Sindh,2017-08-05T17:00:00,no_flood,no_flood,0,ok,LTNA,NNQ,no_flood,,37c6bd015482232bf04a7b8c2a36c5d389770361
img_000106,dataset/image_data/raw/floodnet/idai_2019/no_flood/no_flood_000106.jpg,image,floodnet,idai_2019,Beira,2017-08-05T18:00:00,no_flood,no_flood,0,ok,LTNA,,no_flood,,37c6bd015482232bf04a7b8c2a36c5d389770361
img_000107,dataset/image_data/raw/crisismmd/harvey_2017/no_flood/no_flood_000107.jpg,image,crisismmd,harvey_2017,Houston,2017-08-05T19:00:00,no_flood,no_flood,0,ok,LTNA,,no_flood,,37c6bd015482232bf04a7b8c2a36c5d389770361
img_000108,dataset/image_data/raw/floodnet/kerala_flood_2018/no_flood/no_flood_000108.jpg,image,floodnet,kerala_flood_2018,Kerala,2017-08-05T20:00:00,no_flood,no_flood,0,ok,LTNA,NNQ,no_flood,,37c6bd015482232bf04a7b8c2a36c5d389770361
img_000109,dataset/image_data/raw/crisismmd/pakistan_flood_2022/no_flood/no_flood_000109.jpg,image,crisismmd,pakistan_flood_2022,Sindh,2017-08-05T21:00:00,no_flood,no_flood,0,ok,LTNA,,no_flood,,37c6bd015482232bf04a7b8c2a36c5d389770361
img_000110,dataset/image_data/raw/floodnet/idai_2019/no_flood/no_flood_000110.jpg,image,floodnet,idai_2019,Beira,2017-08-05T22:00:00,no_flood,no_flood,0,ok,LTNA,,no_flood,,37c6bd015482232bf04a7b8c2a36c5d389770361
img_000111,dataset/image_data/raw/crisismmd/harvey_2017/no_flood/no_flood_000111.jpg,image,crisismmd,harvey_2017,Houston,2017-08-05T23:00:00,no_flood,no_flood,0,ok,LTNA,NNQ,no_flood,,37c6bd015482232bf04a7b8c2a36c5d389770361
img_000112,dataset/image_data/raw/floodnet/kerala_flood_2018/no_flood/no_flood_000112.jpg,image,floodnet,kerala_flood_2018,Kerala,2017-08-06T00:00:00,no_flood,no_flood,0,ok,LTNA,,no_flood,,37c6bd015482232bf04a7b8c2a36c5d389770361
img_000113,dataset/image_data/raw/crisismmd/pakistan_flood_2022/no_flood/no_flood_000113.jpg,image,crisismmd,pakistan_flood_2022,Sindh,2017-08-06T01:00:00,no_flood,no_flood,0,ok,LTNA,,no_flood,,37c6bd015482232bf04a7b8c2a36c5d389770361
img_000114,dataset/image_data/raw/floodnet/idai_2019/no_flood/no_flood_000114.jpg,image,floodnet,idai_2019,Beira,2017-08-06T02:00:00,no_flood,no_flood,0,ok,LTNA,NNQ,no_flood,,37c6bd015482232bf04a7b8c2a36c5d389770361
img_000115,dataset/image_data/raw/crisismmd/harvey_2017/no_flood/no_flood_000115.jpg,image,crisismmd,harvey_2017,Houston,2017-08-06T03:00:00,no_flood,no_flood,0,ok,LTNA,,no_flood,,37c6bd015482232bf04a7b8c2a36c5d389770361
img_000116,dataset/image_data/raw/floodnet/kerala_flood_2018/no_flood/no_flood_000116.jpg,image,floodnet,kerala_flood_2018,Kerala,2017-08-06T04:00:00,no_flood,no_flood,0,ok,LTNA,,no_flood,,37c6bd015482232bf04a7b8c2a36c5d389770361
img_000117,dataset/image_data/raw/crisismmd/pakistan_flood_2022/no_flood/no_flood_000117.jpg,image,crisismmd,pakistan_flood_2022,Sindh,2017-08-06T05:00:00,no_flood,no_flood,0,ok,LTNA,NNQ,no_flood,,37c6bd015482232bf04a7b8c2a36c5d389770361
img_000118,dataset/image_data/raw/floodnet/idai_2019/no_flood/no_flood_000118.jpg,image,floodnet,idai_2019,Beira,2017-08-06T06:00:00,no_flood,no_flood,0,ok,LTNA,,no_flood,,37c6bd015482232bf04a7b8c2a36c5d389770361
img_000119,dataset/image_data/raw/crisismmd/harvey_2017/no_flood/no_flood_000119.jpg,image,crisismmd,harvey_2017,Houston,2017-08-06T07:00:00,no_flood,no_flood,0,ok,LTNA,,no_flood,,37c6bd015482232bf04a7b8c2a36c5d389770361
img_000120,dataset/image_data/raw/floodnet/kerala_flood_2018/no_flood/no_flood_000120.jpg,image,floodnet,kerala_flood_2018,Kerala,2017-08-06T08:00:00,no_flood,no_flood,0,ok,LTNA,NNQ,no_flood,,37c6bd015482232bf04a7b8c2a36c5d389770361
img_000121,dataset/image_data/raw/vietnam_collected/lu_mien_trung_2020/low_flood/low_flood_000121.jpg,image,vietnam_collected,lu_mien_trung_2020,QuangTri,2017-08-06T09:00:00,low_flood,low_flood,1,ok,LTNA,,low_flood,,1d39a9ed444048c85a85bb57cc3ac14e2b1f4db0
img_000122,dataset/image_data/raw/vietnam_collected/bao_noru_2022/low_flood/low_flood_000122.jpg,image,vietnam_collected,bao_noru_2022,QuangNam,2017-08-06T10:00:00,low_flood,low_flood,1,ok,LTNA,,low_flood,,1d39a9ed444048c85a85bb57cc3ac14e2b1f4db0
img_000123,dataset/image_data/raw/vietnam_collected/bao_yagi_2024/low_flood/low_flood_000123.jpg,image,vietnam_collected,bao_yagi_2024,QuangNinh,2017-08-06T11:00:00,low_flood,low_flood,1,ok,LTNA,,low_flood,,1d39a9ed444048c85a85bb57cc3ac14e2b1f4db0
img_000124,dataset/image_data/raw/vietnam_collected/ngap_can_tho_2019/low_flood/low_flood_000124.jpg,image,vietnam_collected,ngap_can_tho_2019,CanTho,2017-08-06T12:00:00,low_flood,low_flood,1,ok,LTNA,NNQ,low_flood,,1d39a9ed444048c85a85bb57cc3ac14e2b1f4db0
img_000125,dataset/image_data/raw/vietnam_collected/lu_nghe_an_2023/low_flood/low_flood_000125.jpg,image,vietnam_collected,lu_nghe_an_2023,NgheAn,2017-08-06T13:00:00,low_flood,low_flood,1,ok,LTNA,,low_flood,,1d39a9ed444048c85a85bb57cc3ac14e2b1f4db0
img_000126,dataset/image_data/raw/vietnam_collected/ngap_hcm_2022/low_flood/low_flood_000126.jpg,image,vietnam_collected,ngap_hcm_2022,HoChiMinh,2017-08-06T14:00:00,low_flood,low_flood,1,ok,LTNA,,low_flood,,1d39a9ed444048c85a85bb57cc3ac14e2b1f4db0
img_000127,dataset/image_data/raw/vietnam_collected/lu_mien_trung_2020/low_flood/low_flood_000127.jpg,image,vietnam_collected,lu_mien_trung_2020,QuangTri,2017-08-06T15:00:00,low_flood,low_flood,1,ok,LTNA,,low_flood,,1d39a9ed444048c85a85bb57cc3ac14e2b1f4db0
img_000128,dataset/image_data/raw/vietnam_collected/bao_noru_2022/low_flood/low_flood_000128.jpg,image,vietnam_collected,bao_noru_2022,QuangNam,2017-08-06T16:00:00,low_flood,low_flood,1,ok,LTNA,NNQ,low_flood,,1d39a9ed444048c85a85bb57cc3ac14e2b1f4db0
img_000129,dataset/image_data/raw/vietnam_collected/bao_yagi_2024/low_flood/low_flood_000129.jpg,image,vietnam_collected,bao_yagi_2024,QuangNinh,2017-08-06T17:00:00,low_flood,low_flood,1,ok,LTNA,,low_flood,,1d39a9ed444048c85a85bb57cc3ac14e2b1f4db0
img_000130,dataset/image_data/raw/vietnam_collected/ngap_can_tho_2019/low_flood/low_flood_000130.jpg,image,vietnam_collected,ngap_can_tho_2019,CanTho,2017-08-06T18:00:00,low_flood,low_flood,1,ok,LTNA,,low_flood,,1d39a9ed444048c85a85bb57cc3ac14e2b1f4db0
img_000131,dataset/image_data/raw/vietnam_collected/lu_nghe_an_2023/low_flood/low_flood_000131.jpg,image,vietnam_collected,lu_nghe_an_2023,NgheAn,2017-08-06T19:00:00,low_flood,low_flood,1,ok,LTNA,,low_flood,,1d39a9ed444048c85a85bb57cc3ac14e2b1f4db0
img_000132,dataset/image_data/raw/vietnam_collected/ngap_hcm_2022/low_flood/low_flood_000132.jpg,image,vietnam_collected,ngap_hcm_2022,HoChiMinh,2017-08-06T20:00:00,low_flood,low_flood,1,ok,LTNA,NNQ,low_flood,,1d39a9ed444048c85a85bb57cc3ac14e2b1f4db0
img_000133,dataset/image_data/raw/vietnam_collected/lu_mien_trung_2020/low_flood/low_flood_000133.jpg,image,vietnam_collected,lu_mien_trung_2020,QuangTri,2017-08-06T21:00:00,low_flood,low_flood,1,ok,LTNA,,low_flood,,1d39a9ed444048c85a85bb57cc3ac14e2b1f4db0
img_000134,dataset/image_data/raw/vietnam_collected/bao_noru_2022/low_flood/low_flood_000134.jpg,image,vietnam_collected,bao_noru_2022,QuangNam,2017-08-06T22:00:00,low_flood,low_flood,1,ok,LTNA,,low_flood,,1d39a9ed444048c85a85bb57cc3ac14e2b1f4db0
img_000135,dataset/image_data/raw/vietnam_collected/bao_yagi_2024/low_flood/low_flood_000135.jpg,image,vietnam_collected,bao_yagi_2024,QuangNinh,2017-08-06T23:00:00,low_flood,low_flood,1,ok,LTNA,,low_flood,,1d39a9ed444048c85a85bb57cc3ac14e2b1f4db0
img_000136,dataset/image_data/raw/vietnam_collected/ngap_can_tho_2019/low_flood/low_flood_000136.jpg,image,vietnam_collected,ngap_can_tho_2019,CanTho,2017-08-07T00:00:00,low_flood,low_flood,1,ok,LTNA,NNQ,low_flood,,1d39a9ed444048c85a85bb57cc3ac14e2b1f4db0
img_000137,dataset/image_data/raw/vietnam_collected/lu_nghe_an_2023/low_flood/low_flood_000137.jpg,image,vietnam_collected,lu_nghe_an_2023,NgheAn,2017-08-07T01:00:00,low_flood,low_flood,1,ok,LTNA,,low_flood,,1d39a9ed444048c85a85bb57cc3ac14e2b1f4db0
img_000138,dataset/image_data/raw/vietnam_collected/ngap_hcm_2022/low_flood/low_flood_000138.jpg,image,vietnam_collected,ngap_hcm_2022,HoChiMinh,2017-08-07T02:00:00,low_flood,low_flood,1,ok,LTNA,,low_flood,,1d39a9ed444048c85a85bb57cc3ac14e2b1f4db0
img_000139,dataset/image_data/raw/vietnam_collected/lu_mien_trung_2020/low_flood/low_flood_000139.jpg,image,vietnam_collected,lu_mien_trung_2020,QuangTri,2017-08-07T03:00:00,low_flood,low_flood,1,ok,LTNA,,low_flood,,1d39a9ed444048c85a85bb57cc3ac14e2b1f4db0
img_000140,dataset/image_data/raw/vietnam_collected/bao_noru_2022/low_flood/low_flood_000140.jpg,image,vietnam_collected,bao_noru_2022,QuangNam,2017-08-07T04:00:00,low_flood,low_flood,1,ok,LTNA,NNQ,low_flood,,1d39a9ed444048c85a85bb57cc3ac14e2b1f4db0
img_000141,dataset/image_data/raw/vietnam_collected/bao_yagi_2024/low_flood/low_flood_000141.jpg,image,vietnam_collected,bao_yagi_2024,QuangNinh,2017-08-07T05:00:00,low_flood,low_flood,1,ok,LTNA,,low_flood,,1d39a9ed444048c85a85bb57cc3ac14e2b1f4db0
img_000142,dataset/image_data/raw/vietnam_collected/ngap_can_tho_2019/low_flood/low_flood_000142.jpg,image,vietnam_collected,ngap_can_tho_2019,CanTho,2017-08-07T06:00:00,low_flood,low_flood,1,ok,LTNA,,low_flood,,1d39a9ed444048c85a85bb57cc3ac14e2b1f4db0
img_000143,dataset/image_data/raw/vietnam_collected/lu_nghe_an_2023/low_flood/low_flood_000143.jpg,image,vietnam_collected,lu_nghe_an_2023,NgheAn,2017-08-07T07:00:00,low_flood,low_flood,1,ok,LTNA,,low_flood,,1d39a9ed444048c85a85bb57cc3ac14e2b1f4db0
img_000144,dataset/image_data/raw/vietnam_collected/ngap_hcm_2022/low_flood/low_flood_000144.jpg,image,vietnam_collected,ngap_hcm_2022,HoChiMinh,2017-08-07T08:00:00,low_flood,low_flood,1,ok,LTNA,NNQ,low_flood,,1d39a9ed444048c85a85bb57cc3ac14e2b1f4db0
img_000145,dataset/image_data/raw/vietnam_collected/lu_mien_trung_2020/low_flood/low_flood_000145.jpg,image,vietnam_collected,lu_mien_trung_2020,QuangTri,2017-08-07T09:00:00,low_flood,low_flood,1,ok,LTNA,,low_flood,,1d39a9ed444048c85a85bb57cc3ac14e2b1f4db0
img_000146,dataset/image_data/raw/vietnam_collected/bao_noru_2022/low_flood/low_flood_000146.jpg,image,vietnam_collected,bao_noru_2022,QuangNam,2017-08-07T10:00:00,low_flood,low_flood,1,ok,LTNA,,low_flood,,1d39a9ed444048c85a85bb57cc3ac14e2b1f4db0
img_000147,dataset/image_data/raw/vietnam_collected/bao_yagi_2024/low_flood/low_flood_000147.jpg,image,vietnam_collected,bao_yagi_2024,QuangNinh,2017-08-07T11:00:00,low_flood,low_flood,1,ok,LTNA,,low_flood,,1d39a9ed444048c85a85bb57cc3ac14e2b1f4db0
img_000148,dataset/image_data/raw/vietnam_collected/ngap_can_tho_2019/low_flood/low_flood_000148.jpg,image,vietnam_collected,ngap_can_tho_2019,CanTho,2017-08-07T12:00:00,low_flood,low_flood,1,ok,LTNA,NNQ,low_flood,,1d39a9ed444048c85a85bb57cc3ac14e2b1f4db0
img_000149,dataset/image_data/raw/vietnam_collected/lu_nghe_an_2023/low_flood/low_flood_000149.jpg,image,vietnam_collected,lu_nghe_an_2023,NgheAn,2017-08-07T13:00:00,low_flood,low_flood,1,ok,LTNA,,low_flood,,1d39a9ed444048c85a85bb57cc3ac14e2b1f4db0
img_000150,dataset/image_data/raw/vietnam_collected/ngap_hcm_2022/low_flood/low_flood_000150.jpg,image,vietnam_collected,ngap_hcm_2022,HoChiMinh,2017-08-07T14:00:00,low_flood,low_flood,1,ok,LTNA,,low_flood,,1d39a9ed444048c85a85bb57cc3ac14e2b1f4db0
img_000151,dataset/image_data/raw/vietnam_collected/lu_mien_trung_2020/low_flood/low_flood_000151.jpg,image,vietnam_collected,lu_mien_trung_2020,QuangTri,2017-08-07T15:00:00,low_flood,low_flood,1,ok,LTNA,,low_flood,,1d39a9ed444048c85a85bb57cc3ac14e2b1f4db0
img_000152,dataset/image_data/raw/vietnam_collected/bao_noru_2022/low_flood/low_flood_000152.jpg,image,vietnam_collected,bao_noru_2022,QuangNam,2017-08-07T16:00:00,low_flood,low_flood,1,ok,LTNA,NNQ,low_flood,,1d39a9ed444048c85a85bb57cc3ac14e2b1f4db0
img_000153,dataset/image_data/raw/vietnam_collected/bao_yagi_2024/low_flood/low_flood_000153.jpg,image,vietnam_collected,bao_yagi_2024,QuangNinh,2017-08-07T17:00:00,low_flood,low_flood,1,ok,LTNA,,low_flood,,1d39a9ed444048c85a85bb57cc3ac14e2b1f4db0
img_000154,dataset/image_data/raw/vietnam_collected/ngap_can_tho_2019/low_flood/low_flood_000154.jpg,image,vietnam_collected,ngap_can_tho_2019,CanTho,2017-08-07T18:00:00,low_flood,low_flood,1,ok,LTNA,,low_flood,,1d39a9ed444048c85a85bb57cc3ac14e2b1f4db0
img_000155,dataset/image_data/raw/vietnam_collected/lu_nghe_an_2023/low_flood/low_flood_000155.jpg,image,vietnam_collected,lu_nghe_an_2023,NgheAn,2017-08-07T19:00:00,low_flood,low_flood,1,ok,LTNA,,low_flood,,1d39a9ed444048c85a85bb57cc3ac14e2b1f4db0
img_000156,dataset/image_data/raw/vietnam_collected/ngap_hcm_2022/low_flood/low_flood_000156.jpg,image,vietnam_collected,ngap_hcm_2022,HoChiMinh,2017-08-07T20:00:00,low_flood,low_flood,1,ok,LTNA,NNQ,low_flood,,1d39a9ed444048c85a85bb57cc3ac14e2b1f4db0
img_000157,dataset/image_data/raw/vietnam_collected/lu_mien_trung_2020/low_flood/low_flood_000157.jpg,image,vietnam_collected,lu_mien_trung_2020,QuangTri,2017-08-07T21:00:00,low_flood,low_flood,1,ok,LTNA,,low_flood,,1d39a9ed444048c85a85bb57cc3ac14e2b1f4db0
img_000158,dataset/image_data/raw/vietnam_collected/bao_noru_2022/low_flood/low_flood_000158.jpg,image,vietnam_collected,bao_noru_2022,QuangNam,2017-08-07T22:00:00,low_flood,low_flood,1,ok,LTNA,,low_flood,,1d39a9ed444048c85a85bb57cc3ac14e2b1f4db0
img_000159,dataset/image_data/raw/vietnam_collected/bao_yagi_2024/low_flood/low_flood_000159.jpg,image,vietnam_collected,bao_yagi_2024,QuangNinh,2017-08-07T23:00:00,low_flood,low_flood,1,ok,LTNA,,low_flood,,1d39a9ed444048c85a85bb57cc3ac14e2b1f4db0
img_000160,dataset/image_data/raw/vietnam_collected/ngap_can_tho_2019/low_flood/low_flood_000160.jpg,image,vietnam_collected,ngap_can_tho_2019,CanTho,2017-08-08T00:00:00,low_flood,low_flood,1,ok,LTNA,NNQ,low_flood,,1d39a9ed444048c85a85bb57cc3ac14e2b1f4db0
img_000161,dataset/image_data/raw/vietnam_collected/lu_nghe_an_2023/low_flood/low_flood_000161.jpg,image,vietnam_collected,lu_nghe_an_2023,NgheAn,2017-08-08T01:00:00,low_flood,low_flood,1,ok,LTNA,,low_flood,,1d39a9ed444048c85a85bb57cc3ac14e2b1f4db0
img_000162,dataset/image_data/raw/vietnam_collected/ngap_hcm_2022/low_flood/low_flood_000162.jpg,image,vietnam_collected,ngap_hcm_2022,HoChiMinh,2017-08-08T02:00:00,low_flood,low_flood,1,ok,LTNA,,low_flood,,1d39a9ed444048c85a85bb57cc3ac14e2b1f4db0
img_000163,dataset/image_data/raw/vietnam_collected/lu_mien_trung_2020/low_flood/low_flood_000163.jpg,image,vietnam_collected,lu_mien_trung_2020,QuangTri,2017-08-08T03:00:00,low_flood,low_flood,1,ok,LTNA,,low_flood,,1d39a9ed444048c85a85bb57cc3ac14e2b1f4db0
img_000164,dataset/image_data/raw/vietnam_collected/bao_noru_2022/low_flood/low_flood_000164.jpg,image,vietnam_collected,bao_noru_2022,QuangNam,2017-08-08T04:00:00,low_flood,low_flood,1,ok,LTNA,NNQ,low_flood,,1d39a9ed444048c85a85bb57cc3ac14e2b1f4db0
img_000165,dataset/image_data/raw/vietnam_collected/bao_yagi_2024/low_flood/low_flood_000165.jpg,image,vietnam_collected,bao_yagi_2024,QuangNinh,2017-08-08T05:00:00,low_flood,low_flood,1,ok,LTNA,,low_flood,,1d39a9ed444048c85a85bb57cc3ac14e2b1f4db0
img_000166,dataset/image_data/raw/vietnam_collected/ngap_can_tho_2019/low_flood/low_flood_000166.jpg,image,vietnam_collected,ngap_can_tho_2019,CanTho,2017-08-08T06:00:00,low_flood,low_flood,1,ok,LTNA,,low_flood,,1d39a9ed444048c85a85bb57cc3ac14e2b1f4db0
img_000167,dataset/image_data/raw/vietnam_collected/lu_nghe_an_2023/low_flood/low_flood_000167.jpg,image,vietnam_collected,lu_nghe_an_2023,NgheAn,2017-08-08T07:00:00,low_flood,low_flood,1,ok,LTNA,,low_flood,,1d39a9ed444048c85a85bb57cc3ac14e2b1f4db0
img_000168,dataset/image_data/raw/vietnam_collected/ngap_hcm_2022/low_flood/low_flood_000168.jpg,image,vietnam_collected,ngap_hcm_2022,HoChiMinh,2017-08-08T08:00:00,low_flood,low_flood,1,ok,LTNA,NNQ,low_flood,,1d39a9ed444048c85a85bb57cc3ac14e2b1f4db0
img_000169,dataset/image_data/raw/vietnam_collected/lu_mien_trung_2020/low_flood/low_flood_000169.jpg,image,vietnam_collected,lu_mien_trung_2020,QuangTri,2017-08-08T09:00:00,low_flood,low_flood,1,ok,LTNA,,low_flood,,1d39a9ed444048c85a85bb57cc3ac14e2b1f4db0
img_000170,dataset/image_data/raw/vietnam_collected/bao_noru_2022/low_flood/low_flood_000170.jpg,image,vietnam_collected,bao_noru_2022,QuangNam,2017-08-08T10:00:00,low_flood,low_flood,1,ok,LTNA,,low_flood,,1d39a9ed444048c85a85bb57cc3ac14e2b1f4db0
img_000171,dataset/image_data/raw/vietnam_collected/bao_yagi_2024/low_flood/low_flood_000171.jpg,image,vietnam_collected,bao_yagi_2024,QuangNinh,2017-08-08T11:00:00,low_flood,low_flood,1,ok,LTNA,,low_flood,,1d39a9ed444048c85a85bb57cc3ac14e2b1f4db0
img_000172,dataset/image_data/raw/vietnam_collected/ngap_can_tho_2019/low_flood/low_flood_000172.jpg,image,vietnam_collected,ngap_can_tho_2019,CanTho,2017-08-08T12:00:00,low_flood,low_flood,1,ok,LTNA,NNQ,low_flood,,1d39a9ed444048c85a85bb57cc3ac14e2b1f4db0
img_000173,dataset/image_data/raw/vietnam_collected/lu_nghe_an_2023/low_flood/low_flood_000173.jpg,image,vietnam_collected,lu_nghe_an_2023,NgheAn,2017-08-08T13:00:00,low_flood,low_flood,1,ok,LTNA,,low_flood,,1d39a9ed444048c85a85bb57cc3ac14e2b1f4db0
img_000174,dataset/image_data/raw/vietnam_collected/ngap_hcm_2022/low_flood/low_flood_000174.jpg,image,vietnam_collected,ngap_hcm_2022,HoChiMinh,2017-08-08T14:00:00,low_flood,low_flood,1,ok,LTNA,,low_flood,,1d39a9ed444048c85a85bb57cc3ac14e2b1f4db0
img_000175,dataset/image_data/raw/vietnam_collected/lu_mien_trung_2020/low_flood/low_flood_000175.jpg,image,vietnam_collected,lu_mien_trung_2020,QuangTri,2017-08-08T15:00:00,low_flood,low_flood,1,ok,LTNA,,low_flood,,1d39a9ed444048c85a85bb57cc3ac14e2b1f4db0
img_000176,dataset/image_data/raw/vietnam_collected/bao_noru_2022/low_flood/low_flood_000176.jpg,image,vietnam_collected,bao_noru_2022,QuangNam,2017-08-08T16:00:00,low_flood,low_flood,1,ok,LTNA,NNQ,low_flood,,1d39a9ed444048c85a85bb57cc3ac14e2b1f4db0
img_000177,dataset/image_data/raw/vietnam_collected/bao_yagi_2024/low_flood/low_flood_000177.jpg,image,vietnam_collected,bao_yagi_2024,QuangNinh,2017-08-08T17:00:00,low_flood,low_flood,1,ok,LTNA,,low_flood,,1d39a9ed444048c85a85bb57cc3ac14e2b1f4db0
img_000178,dataset/image_data/raw/vietnam_collected/ngap_can_tho_2019/low_flood/low_flood_000178.jpg,image,vietnam_collected,ngap_can_tho_2019,CanTho,2017-08-08T18:00:00,low_flood,low_flood,1,ok,LTNA,,low_flood,,1d39a9ed444048c85a85bb57cc3ac14e2b1f4db0
img_000179,dataset/image_data/raw/vietnam_collected/lu_nghe_an_2023/low_flood/low_flood_000179.jpg,image,vietnam_collected,lu_nghe_an_2023,NgheAn,2017-08-08T19:00:00,low_flood,low_flood,1,ok,LTNA,,low_flood,,1d39a9ed444048c85a85bb57cc3ac14e2b1f4db0
img_000180,dataset/image_data/raw/vietnam_collected/ngap_hcm_2022/low_flood/low_flood_000180.jpg,image,vietnam_collected,ngap_hcm_2022,HoChiMinh,2017-08-08T20:00:00,low_flood,low_flood,1,ok,LTNA,NNQ,low_flood,,1d39a9ed444048c85a85bb57cc3ac14e2b1f4db0
img_000181,dataset/image_data/raw/vietnam_collected/lu_mien_trung_2020/low_flood/low_flood_000181.jpg,image,vietnam_collected,lu_mien_trung_2020,QuangTri,2017-08-08T21:00:00,low_flood,low_flood,1,ok,LTNA,,low_flood,,1d39a9ed444048c85a85bb57cc3ac14e2b1f4db0
img_000182,dataset/image_data/raw/vietnam_collected/bao_noru_2022/low_flood/low_flood_000182.jpg,image,vietnam_collected,bao_noru_2022,QuangNam,2017-08-08T22:00:00,low_flood,low_flood,1,ok,LTNA,,low_flood,,1d39a9ed444048c85a85bb57cc3ac14e2b1f4db0
img_000183,dataset/image_data/raw/vietnam_collected/bao_yagi_2024/low_flood/low_flood_000183.jpg,image,vietnam_collected,bao_yagi_2024,QuangNinh,2017-08-08T23:00:00,low_flood,low_flood,1,ok,LTNA,,low_flood,,1d39a9ed444048c85a85bb57cc3ac14e2b1f4db0
img_000184,dataset/image_data/raw/vietnam_collected/ngap_can_tho_2019/low_flood/low_flood_000184.jpg,image,vietnam_collected,ngap_can_tho_2019,CanTho,2017-08-09T00:00:00,low_flood,low_flood,1,ok,LTNA,NNQ,low_flood,,1d39a9ed444048c85a85bb57cc3ac14e2b1f4db0
img_000185,dataset/image_data/raw/vietnam_collected/lu_nghe_an_2023/low_flood/low_flood_000185.jpg,image,vietnam_collected,lu_nghe_an_2023,NgheAn,2017-08-09T01:00:00,low_flood,low_flood,1,ok,LTNA,,low_flood,,1d39a9ed444048c85a85bb57cc3ac14e2b1f4db0
img_000186,dataset/image_data/raw/vietnam_collected/ngap_hcm_2022/low_flood/low_flood_000186.jpg,image,vietnam_collected,ngap_hcm_2022,HoChiMinh,2017-08-09T02:00:00,low_flood,low_flood,1,ok,LTNA,,low_flood,,1d39a9ed444048c85a85bb57cc3ac14e2b1f4db0
img_000187,dataset/image_data/raw/vietnam_collected/lu_mien_trung_2020/low_flood/low_flood_000187.jpg,image,vietnam_collected,lu_mien_trung_2020,QuangTri,2017-08-09T03:00:00,low_flood,low_flood,1,ok,LTNA,,low_flood,,1d39a9ed444048c85a85bb57cc3ac14e2b1f4db0
img_000188,dataset/image_data/raw/vietnam_collected/bao_noru_2022/low_flood/low_flood_000188.jpg,image,vietnam_collected,bao_noru_2022,QuangNam,2017-08-09T04:00:00,low_flood,low_flood,1,ok,LTNA,NNQ,low_flood,,1d39a9ed444048c85a85bb57cc3ac14e2b1f4db0
img_000189,dataset/image_data/raw/vietnam_collected/bao_yagi_2024/low_flood/low_flood_000189.jpg,image,vietnam_collected,bao_yagi_2024,QuangNinh,2017-08-09T05:00:00,low_flood,low_flood,1,ok,LTNA,,low_flood,,1d39a9ed444048c85a85bb57cc3ac14e2b1f4db0
img_000190,dataset/image_data/raw/vietnam_collected/ngap_can_tho_2019/low_flood/low_flood_000190.jpg,image,vietnam_collected,ngap_can_tho_2019,CanTho,2017-08-09T06:00:00,low_flood,low_flood,1,ok,LTNA,,low_flood,,1d39a9ed444048c85a85bb57cc3ac14e2b1f4db0
img_000191,dataset/image_data/raw/vietnam_collected/lu_nghe_an_2023/low_flood/low_flood_000191.jpg,image,vietnam_collected,lu_nghe_an_2023,NgheAn,2017-08-09T07:00:00,low_flood,low_flood,1,ok,LTNA,,low_flood,,1d39a9ed444048c85a85bb57cc3ac14e2b1f4db0
img_000192,dataset/image_data/raw/vietnam_collected/ngap_hcm_2022/low_flood/low_flood_000192.jpg,image,vietnam_collected,ngap_hcm_2022,HoChiMinh,2017-08-09T08:00:00,low_flood,low_flood,1,ok,LTNA,NNQ,low_flood,,1d39a9ed444048c85a85bb57cc3ac14e2b1f4db0
img_000193,dataset/image_data/raw/vietnam_collected/lu_mien_trung_2020/low_flood/low_flood_000193.jpg,image,vietnam_collected,lu_mien_trung_2020,QuangTri,2017-08-09T09:00:00,low_flood,low_flood,1,ok,LTNA,,low_flood,,1d39a9ed444048c85a85bb57cc3ac14e2b1f4db0
img_000194,dataset/image_data/raw/vietnam_collected/bao_noru_2022/low_flood/low_flood_000194.jpg,image,vietnam_collected,bao_noru_2022,QuangNam,2017-08-09T10:00:00,low_flood,low_flood,1,ok,LTNA,,low_flood,,1d39a9ed444048c85a85bb57cc3ac14e2b1f4db0
img_000195,dataset/image_data/raw/vietnam_collected/bao_yagi_2024/low_flood/low_flood_000195.jpg,image,vietnam_collected,bao_yagi_2024,QuangNinh,2017-08-09T11:00:00,low_flood,low_flood,1,ok,LTNA,,low_flood,,1d39a9ed444048c85a85bb57cc3ac14e2b1f4db0
img_000196,dataset/image_data/raw/vietnam_collected/ngap_can_tho_2019/low_flood/low_flood_000196.jpg,image,vietnam_collected,ngap_can_tho_2019,CanTho,2017-08-09T12:00:00,low_flood,low_flood,1,ok,LTNA,NNQ,low_flood,,1d39a9ed444048c85a85bb57cc3ac14e2b1f4db0
img_000197,dataset/image_data/raw/vietnam_collected/lu_nghe_an_2023/low_flood/low_flood_000197.jpg,image,vietnam_collected,lu_nghe_an_2023,NgheAn,2017-08-09T13:00:00,low_flood,low_flood,1,ok,LTNA,,low_flood,,1d39a9ed444048c85a85bb57cc3ac14e2b1f4db0
img_000198,dataset/image_data/raw/vietnam_collected/ngap_hcm_2022/low_flood/low_flood_000198.jpg,image,vietnam_collected,ngap_hcm_2022,HoChiMinh,2017-08-09T14:00:00,low_flood,low_flood,1,ok,LTNA,,low_flood,,1d39a9ed444048c85a85bb57cc3ac14e2b1f4db0
img_000199,dataset/image_data/raw/vietnam_collected/lu_mien_trung_2020/low_flood/low_flood_000199.jpg,image,vietnam_collected,lu_mien_trung_2020,QuangTri,2017-08-09T15:00:00,low_flood,low_flood,1,ok,LTNA,,low_flood,,1d39a9ed444048c85a85bb57cc3ac14e2b1f4db0
img_000200,dataset/image_data/raw/vietnam_collected/bao_noru_2022/low_flood/low_flood_000200.jpg,image,vietnam_collected,bao_noru_2022,QuangNam,2017-08-09T16:00:00,low_flood,low_flood,1,ok,LTNA,NNQ,low_flood,,1d39a9ed444048c85a85bb57cc3ac14e2b1f4db0
img_000201,dataset/image_data/raw/vietnam_collected/bao_yagi_2024/low_flood/low_flood_000201.jpg,image,vietnam_collected,bao_yagi_2024,QuangNinh,2017-08-09T17:00:00,low_flood,low_flood,1,ok,LTNA,,low_flood,,1d39a9ed444048c85a85bb57cc3ac14e2b1f4db0
img_000202,dataset/image_data/raw/vietnam_collected/ngap_can_tho_2019/low_flood/low_flood_000202.jpg,image,vietnam_collected,ngap_can_tho_2019,CanTho,2017-08-09T18:00:00,low_flood,low_flood,1,ok,LTNA,,low_flood,,1d39a9ed444048c85a85bb57cc3ac14e2b1f4db0
img_000203,dataset/image_data/raw/vietnam_collected/lu_nghe_an_2023/low_flood/low_flood_000203.jpg,image,vietnam_collected,lu_nghe_an_2023,NgheAn,2017-08-09T19:00:00,low_flood,low_flood,1,ok,LTNA,,low_flood,,1d39a9ed444048c85a85bb57cc3ac14e2b1f4db0
img_000204,dataset/image_data/raw/vietnam_collected/ngap_hcm_2022/low_flood/low_flood_000204.jpg,image,vietnam_collected,ngap_hcm_2022,HoChiMinh,2017-08-09T20:00:00,low_flood,low_flood,1,ok,LTNA,NNQ,low_flood,,1d39a9ed444048c85a85bb57cc3ac14e2b1f4db0
img_000205,dataset/image_data/raw/vietnam_collected/lu_mien_trung_2020/low_flood/low_flood_000205.jpg,image,vietnam_collected,lu_mien_trung_2020,QuangTri,2017-08-09T21:00:00,low_flood,low_flood,1,ok,LTNA,,low_flood,,1d39a9ed444048c85a85bb57cc3ac14e2b1f4db0
img_000206,dataset/image_data/raw/vietnam_collected/bao_noru_2022/low_flood/low_flood_000206.jpg,image,vietnam_collected,bao_noru_2022,QuangNam,2017-08-09T22:00:00,low_flood,low_flood,1,ok,LTNA,,low_flood,,1d39a9ed444048c85a85bb57cc3ac14e2b1f4db0
img_000207,dataset/image_data/raw/vietnam_collected/bao_yagi_2024/low_flood/low_flood_000207.jpg,image,vietnam_collected,bao_yagi_2024,QuangNinh,2017-08-09T23:00:00,low_flood,low_flood,1,ok,LTNA,,low_flood,,1d39a9ed444048c85a85bb57cc3ac14e2b1f4db0
img_000208,dataset/image_data/raw/vietnam_collected/ngap_can_tho_2019/low_flood/low_flood_000208.jpg,image,vietnam_collected,ngap_can_tho_2019,CanTho,2017-08-10T00:00:00,low_flood,low_flood,1,ok,LTNA,NNQ,low_flood,,1d39a9ed444048c85a85bb57cc3ac14e2b1f4db0
img_000209,dataset/image_data/raw/vietnam_collected/lu_nghe_an_2023/low_flood/low_flood_000209.jpg,image,vietnam_collected,lu_nghe_an_2023,NgheAn,2017-08-10T01:00:00,low_flood,low_flood,1,ok,LTNA,,low_flood,,1d39a9ed444048c85a85bb57cc3ac14e2b1f4db0
img_000210,dataset/image_data/raw/vietnam_collected/ngap_hcm_2022/low_flood/low_flood_000210.jpg,image,vietnam_collected,ngap_hcm_2022,HoChiMinh,2017-08-10T02:00:00,low_flood,low_flood,1,ok,LTNA,,low_flood,,1d39a9ed444048c85a85bb57cc3ac14e2b1f4db0
img_000211,dataset/image_data/raw/crisismmd/harvey_2017/low_flood/low_flood_000211.jpg,image,crisismmd,harvey_2017,Houston,2017-08-10T03:00:00,low_flood,low_flood,0,ok,LTNA,,low_flood,,b4fc07d0f9c22a4a1f7182d0d74f074399598f72
img_000212,dataset/image_data/raw/floodnet/kerala_flood_2018/low_flood/low_flood_000212.jpg,image,floodnet,kerala_flood_2018,Kerala,2017-08-10T04:00:00,low_flood,low_flood,0,ok,LTNA,,low_flood,,b4fc07d0f9c22a4a1f7182d0d74f074399598f72
img_000213,dataset/image_data/raw/crisismmd/pakistan_flood_2022/low_flood/low_flood_000213.jpg,image,crisismmd,pakistan_flood_2022,Sindh,2017-08-10T05:00:00,low_flood,low_flood,0,ok,LTNA,NNQ,low_flood,,b4fc07d0f9c22a4a1f7182d0d74f074399598f72
img_000214,dataset/image_data/raw/floodnet/idai_2019/low_flood/low_flood_000214.jpg,image,floodnet,idai_2019,Beira,2017-08-10T06:00:00,low_flood,low_flood,0,ok,LTNA,,low_flood,,b4fc07d0f9c22a4a1f7182d0d74f074399598f72
img_000215,dataset/image_data/raw/crisismmd/harvey_2017/low_flood/low_flood_000215.jpg,image,crisismmd,harvey_2017,Houston,2017-08-10T07:00:00,low_flood,low_flood,0,ok,LTNA,,low_flood,,b4fc07d0f9c22a4a1f7182d0d74f074399598f72
img_000216,dataset/image_data/raw/floodnet/kerala_flood_2018/low_flood/low_flood_000216.jpg,image,floodnet,kerala_flood_2018,Kerala,2017-08-10T08:00:00,low_flood,low_flood,0,ok,LTNA,NNQ,low_flood,,b4fc07d0f9c22a4a1f7182d0d74f074399598f72
img_000217,dataset/image_data/raw/crisismmd/pakistan_flood_2022/low_flood/low_flood_000217.jpg,image,crisismmd,pakistan_flood_2022,Sindh,2017-08-10T09:00:00,low_flood,low_flood,0,ok,LTNA,,low_flood,,b4fc07d0f9c22a4a1f7182d0d74f074399598f72
img_000218,dataset/image_data/raw/floodnet/idai_2019/low_flood/low_flood_000218.jpg,image,floodnet,idai_2019,Beira,2017-08-10T10:00:00,low_flood,low_flood,0,ok,LTNA,,low_flood,,b4fc07d0f9c22a4a1f7182d0d74f074399598f72
img_000219,dataset/image_data/raw/crisismmd/harvey_2017/low_flood/low_flood_000219.jpg,image,crisismmd,harvey_2017,Houston,2017-08-10T11:00:00,low_flood,low_flood,0,ok,LTNA,NNQ,low_flood,,b4fc07d0f9c22a4a1f7182d0d74f074399598f72
img_000220,dataset/image_data/raw/floodnet/kerala_flood_2018/low_flood/low_flood_000220.jpg,image,floodnet,kerala_flood_2018,Kerala,2017-08-10T12:00:00,low_flood,low_flood,0,ok,LTNA,,low_flood,,b4fc07d0f9c22a4a1f7182d0d74f074399598f72
img_000221,dataset/image_data/raw/crisismmd/pakistan_flood_2022/low_flood/low_flood_000221.jpg,image,crisismmd,pakistan_flood_2022,Sindh,2017-08-10T13:00:00,low_flood,low_flood,0,ok,LTNA,,low_flood,,b4fc07d0f9c22a4a1f7182d0d74f074399598f72
img_000222,dataset/image_data/raw/floodnet/idai_2019/low_flood/low_flood_000222.jpg,image,floodnet,idai_2019,Beira,2017-08-10T14:00:00,low_flood,low_flood,0,ok,LTNA,NNQ,low_flood,,b4fc07d0f9c22a4a1f7182d0d74f074399598f72
img_000223,dataset/image_data/raw/crisismmd/harvey_2017/low_flood/low_flood_000223.jpg,image,crisismmd,harvey_2017,Houston,2017-08-10T15:00:00,low_flood,low_flood,0,ok,LTNA,,low_flood,,b4fc07d0f9c22a4a1f7182d0d74f074399598f72
img_000224,dataset/image_data/raw/floodnet/kerala_flood_2018/low_flood/low_flood_000224.jpg,image,floodnet,kerala_flood_2018,Kerala,2017-08-10T16:00:00,low_flood,low_flood,0,ok,LTNA,,low_flood,,b4fc07d0f9c22a4a1f7182d0d74f074399598f72
img_000225,dataset/image_data/raw/crisismmd/pakistan_flood_2022/low_flood/low_flood_000225.jpg,image,crisismmd,pakistan_flood_2022,Sindh,2017-08-10T17:00:00,low_flood,low_flood,0,ok,LTNA,NNQ,low_flood,,b4fc07d0f9c22a4a1f7182d0d74f074399598f72
img_000226,dataset/image_data/raw/floodnet/idai_2019/low_flood/low_flood_000226.jpg,image,floodnet,idai_2019,Beira,2017-08-10T18:00:00,low_flood,low_flood,0,ok,LTNA,,low_flood,,b4fc07d0f9c22a4a1f7182d0d74f074399598f72
img_000227,dataset/image_data/raw/crisismmd/harvey_2017/low_flood/low_flood_000227.jpg,image,crisismmd,harvey_2017,Houston,2017-08-10T19:00:00,low_flood,low_flood,0,ok,LTNA,,low_flood,,b4fc07d0f9c22a4a1f7182d0d74f074399598f72
img_000228,dataset/image_data/raw/floodnet/kerala_flood_2018/low_flood/low_flood_000228.jpg,image,floodnet,kerala_flood_2018,Kerala,2017-08-10T20:00:00,low_flood,low_flood,0,ok,LTNA,NNQ,low_flood,,b4fc07d0f9c22a4a1f7182d0d74f074399598f72
img_000229,dataset/image_data/raw/crisismmd/pakistan_flood_2022/low_flood/low_flood_000229.jpg,image,crisismmd,pakistan_flood_2022,Sindh,2017-08-10T21:00:00,low_flood,low_flood,0,ok,LTNA,,low_flood,,b4fc07d0f9c22a4a1f7182d0d74f074399598f72
img_000230,dataset/image_data/raw/floodnet/idai_2019/low_flood/low_flood_000230.jpg,image,floodnet,idai_2019,Beira,2017-08-10T22:00:00,low_flood,low_flood,0,ok,LTNA,,low_flood,,b4fc07d0f9c22a4a1f7182d0d74f074399598f72
img_000231,dataset/image_data/raw/crisismmd/harvey_2017/low_flood/low_flood_000231.jpg,image,crisismmd,harvey_2017,Houston,2017-08-10T23:00:00,low_flood,low_flood,0,ok,LTNA,NNQ,low_flood,,b4fc07d0f9c22a4a1f7182d0d74f074399598f72
img_000232,dataset/image_data/raw/floodnet/kerala_flood_2018/low_flood/low_flood_000232.jpg,image,floodnet,kerala_flood_2018,Kerala,2017-08-11T00:00:00,low_flood,low_flood,0,ok,LTNA,,low_flood,,b4fc07d0f9c22a4a1f7182d0d74f074399598f72
img_000233,dataset/image_data/raw/crisismmd/pakistan_flood_2022/low_flood/low_flood_000233.jpg,image,crisismmd,pakistan_flood_2022,Sindh,2017-08-11T01:00:00,low_flood,low_flood,0,ok,LTNA,,low_flood,,b4fc07d0f9c22a4a1f7182d0d74f074399598f72
img_000234,dataset/image_data/raw/floodnet/idai_2019/low_flood/low_flood_000234.jpg,image,floodnet,idai_2019,Beira,2017-08-11T02:00:00,low_flood,low_flood,0,ok,LTNA,NNQ,low_flood,,b4fc07d0f9c22a4a1f7182d0d74f074399598f72
img_000235,dataset/image_data/raw/crisismmd/harvey_2017/low_flood/low_flood_000235.jpg,image,crisismmd,harvey_2017,Houston,2017-08-11T03:00:00,low_flood,low_flood,0,ok,LTNA,,low_flood,,b4fc07d0f9c22a4a1f7182d0d74f074399598f72
img_000236,dataset/image_data/raw/floodnet/kerala_flood_2018/low_flood/low_flood_000236.jpg,image,floodnet,kerala_flood_2018,Kerala,2017-08-11T04:00:00,low_flood,low_flood,0,ok,LTNA,,low_flood,,b4fc07d0f9c22a4a1f7182d0d74f074399598f72
img_000237,dataset/image_data/raw/crisismmd/pakistan_flood_2022/low_flood/low_flood_000237.jpg,image,crisismmd,pakistan_flood_2022,Sindh,2017-08-11T05:00:00,low_flood,low_flood,0,ok,LTNA,NNQ,low_flood,,b4fc07d0f9c22a4a1f7182d0d74f074399598f72
img_000238,dataset/image_data/raw/floodnet/idai_2019/low_flood/low_flood_000238.jpg,image,floodnet,idai_2019,Beira,2017-08-11T06:00:00,low_flood,low_flood,0,ok,LTNA,,low_flood,,b4fc07d0f9c22a4a1f7182d0d74f074399598f72
img_000239,dataset/image_data/raw/crisismmd/harvey_2017/low_flood/low_flood_000239.jpg,image,crisismmd,harvey_2017,Houston,2017-08-11T07:00:00,low_flood,low_flood,0,ok,LTNA,,low_flood,,b4fc07d0f9c22a4a1f7182d0d74f074399598f72
img_000240,dataset/image_data/raw/floodnet/kerala_flood_2018/low_flood/low_flood_000240.jpg,image,floodnet,kerala_flood_2018,Kerala,2017-08-11T08:00:00,low_flood,low_flood,0,ok,LTNA,NNQ,low_flood,,b4fc07d0f9c22a4a1f7182d0d74f074399598f72
img_000241,dataset/image_data/raw/vietnam_collected/lu_mien_trung_2020/high_flood/high_flood_000241.jpg,image,vietnam_collected,lu_mien_trung_2020,QuangTri,2017-08-11T09:00:00,high_flood,high_flood,1,ok,LTNA,,high_flood,,38ae761bc9e1366bb5cb3ac8c4b9cb63c4e5f79f
img_000242,dataset/image_data/raw/vietnam_collected/bao_noru_2022/high_flood/high_flood_000242.jpg,image,vietnam_collected,bao_noru_2022,QuangNam,2017-08-11T10:00:00,high_flood,high_flood,1,ok,LTNA,,high_flood,,38ae761bc9e1366bb5cb3ac8c4b9cb63c4e5f79f
img_000243,dataset/image_data/raw/vietnam_collected/bao_yagi_2024/high_flood/high_flood_000243.jpg,image,vietnam_collected,bao_yagi_2024,QuangNinh,2017-08-11T11:00:00,high_flood,high_flood,1,ok,LTNA,,high_flood,,38ae761bc9e1366bb5cb3ac8c4b9cb63c4e5f79f
img_000244,dataset/image_data/raw/vietnam_collected/ngap_can_tho_2019/high_flood/high_flood_000244.jpg,image,vietnam_collected,ngap_can_tho_2019,CanTho,2017-08-11T12:00:00,high_flood,high_flood,1,ok,LTNA,NNQ,high_flood,,38ae761bc9e1366bb5cb3ac8c4b9cb63c4e5f79f
img_000245,dataset/image_data/raw/vietnam_collected/lu_nghe_an_2023/high_flood/high_flood_000245.jpg,image,vietnam_collected,lu_nghe_an_2023,NgheAn,2017-08-11T13:00:00,high_flood,high_flood,1,ok,LTNA,,high_flood,,38ae761bc9e1366bb5cb3ac8c4b9cb63c4e5f79f
img_000246,dataset/image_data/raw/vietnam_collected/ngap_hcm_2022/high_flood/high_flood_000246.jpg,image,vietnam_collected,ngap_hcm_2022,HoChiMinh,2017-08-11T14:00:00,high_flood,high_flood,1,ok,LTNA,,high_flood,,38ae761bc9e1366bb5cb3ac8c4b9cb63c4e5f79f
img_000247,dataset/image_data/raw/vietnam_collected/lu_mien_trung_2020/high_flood/high_flood_000247.jpg,image,vietnam_collected,lu_mien_trung_2020,QuangTri,2017-08-11T15:00:00,high_flood,high_flood,1,ok,LTNA,,high_flood,,38ae761bc9e1366bb5cb3ac8c4b9cb63c4e5f79f
img_000248,dataset/image_data/raw/vietnam_collected/bao_noru_2022/high_flood/high_flood_000248.jpg,image,vietnam_collected,bao_noru_2022,QuangNam,2017-08-11T16:00:00,high_flood,high_flood,1,ok,LTNA,NNQ,high_flood,,38ae761bc9e1366bb5cb3ac8c4b9cb63c4e5f79f
img_000249,dataset/image_data/raw/vietnam_collected/bao_yagi_2024/high_flood/high_flood_000249.jpg,image,vietnam_collected,bao_yagi_2024,QuangNinh,2017-08-11T17:00:00,high_flood,high_flood,1,ok,LTNA,,high_flood,,38ae761bc9e1366bb5cb3ac8c4b9cb63c4e5f79f
img_000250,dataset/image_data/raw/vietnam_collected/ngap_can_tho_2019/high_flood/high_flood_000250.jpg,image,vietnam_collected,ngap_can_tho_2019,CanTho,2017-08-11T18:00:00,high_flood,high_flood,1,ok,LTNA,,high_flood,,38ae761bc9e1366bb5cb3ac8c4b9cb63c4e5f79f
img_000251,dataset/image_data/raw/vietnam_collected/lu_nghe_an_2023/high_flood/high_flood_000251.jpg,image,vietnam_collected,lu_nghe_an_2023,NgheAn,2017-08-11T19:00:00,high_flood,high_flood,1,ok,LTNA,,high_flood,,38ae761bc9e1366bb5cb3ac8c4b9cb63c4e5f79f
img_000252,dataset/image_data/raw/vietnam_collected/ngap_hcm_2022/high_flood/high_flood_000252.jpg,image,vietnam_collected,ngap_hcm_2022,HoChiMinh,2017-08-11T20:00:00,high_flood,high_flood,1,ok,LTNA,NNQ,high_flood,,38ae761bc9e1366bb5cb3ac8c4b9cb63c4e5f79f
img_000253,dataset/image_data/raw/vietnam_collected/lu_mien_trung_2020/high_flood/high_flood_000253.jpg,image,vietnam_collected,lu_mien_trung_2020,QuangTri,2017-08-11T21:00:00,high_flood,high_flood,1,ok,LTNA,,high_flood,,38ae761bc9e1366bb5cb3ac8c4b9cb63c4e5f79f
img_000254,dataset/image_data/raw/vietnam_collected/bao_noru_2022/high_flood/high_flood_000254.jpg,image,vietnam_collected,bao_noru_2022,QuangNam,2017-08-11T22:00:00,high_flood,high_flood,1,ok,LTNA,,high_flood,,38ae761bc9e1366bb5cb3ac8c4b9cb63c4e5f79f
img_000255,dataset/image_data/raw/vietnam_collected/bao_yagi_2024/high_flood/high_flood_000255.jpg,image,vietnam_collected,bao_yagi_2024,QuangNinh,2017-08-11T23:00:00,high_flood,high_flood,1,ok,LTNA,,high_flood,,38ae761bc9e1366bb5cb3ac8c4b9cb63c4e5f79f
img_000256,dataset/image_data/raw/vietnam_collected/ngap_can_tho_2019/high_flood/high_flood_000256.jpg,image,vietnam_collected,ngap_can_tho_2019,CanTho,2017-08-12T00:00:00,high_flood,high_flood,1,ok,LTNA,NNQ,high_flood,,38ae761bc9e1366bb5cb3ac8c4b9cb63c4e5f79f
img_000257,dataset/image_data/raw/vietnam_collected/lu_nghe_an_2023/high_flood/high_flood_000257.jpg,image,vietnam_collected,lu_nghe_an_2023,NgheAn,2017-08-12T01:00:00,high_flood,high_flood,1,ok,LTNA,,high_flood,,38ae761bc9e1366bb5cb3ac8c4b9cb63c4e5f79f
img_000258,dataset/image_data/raw/vietnam_collected/ngap_hcm_2022/high_flood/high_flood_000258.jpg,image,vietnam_collected,ngap_hcm_2022,HoChiMinh,2017-08-12T02:00:00,high_flood,high_flood,1,ok,LTNA,,high_flood,,38ae761bc9e1366bb5cb3ac8c4b9cb63c4e5f79f
img_000259,dataset/image_data/raw/vietnam_collected/lu_mien_trung_2020/high_flood/high_flood_000259.jpg,image,vietnam_collected,lu_mien_trung_2020,QuangTri,2017-08-12T03:00:00,high_flood,high_flood,1,ok,LTNA,,high_flood,,38ae761bc9e1366bb5cb3ac8c4b9cb63c4e5f79f
img_000260,dataset/image_data/raw/vietnam_collected/bao_noru_2022/high_flood/high_flood_000260.jpg,image,vietnam_collected,bao_noru_2022,QuangNam,2017-08-12T04:00:00,high_flood,high_flood,1,ok,LTNA,NNQ,high_flood,,38ae761bc9e1366bb5cb3ac8c4b9cb63c4e5f79f
img_000261,dataset/image_data/raw/vietnam_collected/bao_yagi_2024/high_flood/high_flood_000261.jpg,image,vietnam_collected,bao_yagi_2024,QuangNinh,2017-08-12T05:00:00,high_flood,high_flood,1,ok,LTNA,,high_flood,,38ae761bc9e1366bb5cb3ac8c4b9cb63c4e5f79f
img_000262,dataset/image_data/raw/vietnam_collected/ngap_can_tho_2019/high_flood/high_flood_000262.jpg,image,vietnam_collected,ngap_can_tho_2019,CanTho,2017-08-12T06:00:00,high_flood,high_flood,1,ok,LTNA,,high_flood,,38ae761bc9e1366bb5cb3ac8c4b9cb63c4e5f79f
img_000263,dataset/image_data/raw/vietnam_collected/lu_nghe_an_2023/high_flood/high_flood_000263.jpg,image,vietnam_collected,lu_nghe_an_2023,NgheAn,2017-08-12T07:00:00,high_flood,high_flood,1,ok,LTNA,,high_flood,,38ae761bc9e1366bb5cb3ac8c4b9cb63c4e5f79f
img_000264,dataset/image_data/raw/vietnam_collected/ngap_hcm_2022/high_flood/high_flood_000264.jpg,image,vietnam_collected,ngap_hcm_2022,HoChiMinh,2017-08-12T08:00:00,high_flood,high_flood,1,ok,LTNA,NNQ,high_flood,,38ae761bc9e1366bb5cb3ac8c4b9cb63c4e5f79f
img_000265,dataset/image_data/raw/vietnam_collected/lu_mien_trung_2020/high_flood/high_flood_000265.jpg,image,vietnam_collected,lu_mien_trung_2020,QuangTri,2017-08-12T09:00:00,high_flood,high_flood,1,ok,LTNA,,high_flood,,38ae761bc9e1366bb5cb3ac8c4b9cb63c4e5f79f
img_000266,dataset/image_data/raw/vietnam_collected/bao_noru_2022/high_flood/high_flood_000266.jpg,image,vietnam_collected,bao_noru_2022,QuangNam,2017-08-12T10:00:00,high_flood,high_flood,1,ok,LTNA,,high_flood,,38ae761bc9e1366bb5cb3ac8c4b9cb63c4e5f79f
img_000267,dataset/image_data/raw/vietnam_collected/bao_yagi_2024/high_flood/high_flood_000267.jpg,image,vietnam_collected,bao_yagi_2024,QuangNinh,2017-08-12T11:00:00,high_flood,high_flood,1,ok,LTNA,,high_flood,,38ae761bc9e1366bb5cb3ac8c4b9cb63c4e5f79f
img_000268,dataset/image_data/raw/vietnam_collected/ngap_can_tho_2019/high_flood/high_flood_000268.jpg,image,vietnam_collected,ngap_can_tho_2019,CanTho,2017-08-12T12:00:00,high_flood,high_flood,1,ok,LTNA,NNQ,high_flood,,38ae761bc9e1366bb5cb3ac8c4b9cb63c4e5f79f
img_000269,dataset/image_data/raw/vietnam_collected/lu_nghe_an_2023/high_flood/high_flood_000269.jpg,image,vietnam_collected,lu_nghe_an_2023,NgheAn,2017-08-12T13:00:00,high_flood,high_flood,1,ok,LTNA,,high_flood,,38ae761bc9e1366bb5cb3ac8c4b9cb63c4e5f79f
img_000270,dataset/image_data/raw/vietnam_collected/ngap_hcm_2022/high_flood/high_flood_000270.jpg,image,vietnam_collected,ngap_hcm_2022,HoChiMinh,2017-08-12T14:00:00,high_flood,high_flood,1,ok,LTNA,,high_flood,,38ae761bc9e1366bb5cb3ac8c4b9cb63c4e5f79f
img_000271,dataset/image_data/raw/vietnam_collected/lu_mien_trung_2020/high_flood/high_flood_000271.jpg,image,vietnam_collected,lu_mien_trung_2020,QuangTri,2017-08-12T15:00:00,high_flood,high_flood,1,ok,LTNA,,high_flood,,38ae761bc9e1366bb5cb3ac8c4b9cb63c4e5f79f
img_000272,dataset/image_data/raw/vietnam_collected/bao_noru_2022/high_flood/high_flood_000272.jpg,image,vietnam_collected,bao_noru_2022,QuangNam,2017-08-12T16:00:00,high_flood,high_flood,1,ok,LTNA,NNQ,high_flood,,38ae761bc9e1366bb5cb3ac8c4b9cb63c4e5f79f
img_000273,dataset/image_data/raw/vietnam_collected/bao_yagi_2024/high_flood/high_flood_000273.jpg,image,vietnam_collected,bao_yagi_2024,QuangNinh,2017-08-12T17:00:00,high_flood,high_flood,1,ok,LTNA,,high_flood,,38ae761bc9e1366bb5cb3ac8c4b9cb63c4e5f79f
img_000274,dataset/image_data/raw/vietnam_collected/ngap_can_tho_2019/high_flood/high_flood_000274.jpg,image,vietnam_collected,ngap_can_tho_2019,CanTho,2017-08-12T18:00:00,high_flood,high_flood,1,ok,LTNA,,high_flood,,38ae761bc9e1366bb5cb3ac8c4b9cb63c4e5f79f
img_000275,dataset/image_data/raw/vietnam_collected/lu_nghe_an_2023/high_flood/high_flood_000275.jpg,image,vietnam_collected,lu_nghe_an_2023,NgheAn,2017-08-12T19:00:00,high_flood,high_flood,1,ok,LTNA,,high_flood,,38ae761bc9e1366bb5cb3ac8c4b9cb63c4e5f79f
img_000276,dataset/image_data/raw/vietnam_collected/ngap_hcm_2022/high_flood/high_flood_000276.jpg,image,vietnam_collected,ngap_hcm_2022,HoChiMinh,2017-08-12T20:00:00,high_flood,high_flood,1,ok,LTNA,NNQ,high_flood,,38ae761bc9e1366bb5cb3ac8c4b9cb63c4e5f79f
img_000277,dataset/image_data/raw/vietnam_collected/lu_mien_trung_2020/high_flood/high_flood_000277.jpg,image,vietnam_collected,lu_mien_trung_2020,QuangTri,2017-08-12T21:00:00,high_flood,high_flood,1,ok,LTNA,,high_flood,,38ae761bc9e1366bb5cb3ac8c4b9cb63c4e5f79f
img_000278,dataset/image_data/raw/vietnam_collected/bao_noru_2022/high_flood/high_flood_000278.jpg,image,vietnam_collected,bao_noru_2022,QuangNam,2017-08-12T22:00:00,high_flood,high_flood,1,ok,LTNA,,high_flood,,38ae761bc9e1366bb5cb3ac8c4b9cb63c4e5f79f
img_000279,dataset/image_data/raw/vietnam_collected/bao_yagi_2024/high_flood/high_flood_000279.jpg,image,vietnam_collected,bao_yagi_2024,QuangNinh,2017-08-12T23:00:00,high_flood,high_flood,1,ok,LTNA,,high_flood,,38ae761bc9e1366bb5cb3ac8c4b9cb63c4e5f79f
img_000280,dataset/image_data/raw/vietnam_collected/ngap_can_tho_2019/high_flood/high_flood_000280.jpg,image,vietnam_collected,ngap_can_tho_2019,CanTho,2017-08-13T00:00:00,high_flood,high_flood,1,ok,LTNA,NNQ,high_flood,,38ae761bc9e1366bb5cb3ac8c4b9cb63c4e5f79f
img_000281,dataset/image_data/raw/vietnam_collected/lu_nghe_an_2023/high_flood/high_flood_000281.jpg,image,vietnam_collected,lu_nghe_an_2023,NgheAn,2017-08-13T01:00:00,high_flood,high_flood,1,ok,LTNA,,high_flood,,38ae761bc9e1366bb5cb3ac8c4b9cb63c4e5f79f
img_000282,dataset/image_data/raw/vietnam_collected/ngap_hcm_2022/high_flood/high_flood_000282.jpg,image,vietnam_collected,ngap_hcm_2022,HoChiMinh,2017-08-13T02:00:00,high_flood,high_flood,1,ok,LTNA,,high_flood,,38ae761bc9e1366bb5cb3ac8c4b9cb63c4e5f79f
img_000283,dataset/image_data/raw/vietnam_collected/lu_mien_trung_2020/high_flood/high_flood_000283.jpg,image,vietnam_collected,lu_mien_trung_2020,QuangTri,2017-08-13T03:00:00,high_flood,high_flood,1,ok,LTNA,,high_flood,,38ae761bc9e1366bb5cb3ac8c4b9cb63c4e5f79f
img_000284,dataset/image_data/raw/vietnam_collected/bao_noru_2022/high_flood/high_flood_000284.jpg,image,vietnam_collected,bao_noru_2022,QuangNam,2017-08-13T04:00:00,high_flood,high_flood,1,ok,LTNA,NNQ,high_flood,,38ae761bc9e1366bb5cb3ac8c4b9cb63c4e5f79f
img_000285,dataset/image_data/raw/vietnam_collected/bao_yagi_2024/high_flood/high_flood_000285.jpg,image,vietnam_collected,bao_yagi_2024,QuangNinh,2017-08-13T05:00:00,high_flood,high_flood,1,ok,LTNA,,high_flood,,38ae761bc9e1366bb5cb3ac8c4b9cb63c4e5f79f
img_000286,dataset/image_data/raw/vietnam_collected/ngap_can_tho_2019/high_flood/high_flood_000286.jpg,image,vietnam_collected,ngap_can_tho_2019,CanTho,2017-08-13T06:00:00,high_flood,high_flood,1,ok,LTNA,,high_flood,,38ae761bc9e1366bb5cb3ac8c4b9cb63c4e5f79f
img_000287,dataset/image_data/raw/vietnam_collected/lu_nghe_an_2023/high_flood/high_flood_000287.jpg,image,vietnam_collected,lu_nghe_an_2023,NgheAn,2017-08-13T07:00:00,high_flood,high_flood,1,ok,LTNA,,high_flood,,38ae761bc9e1366bb5cb3ac8c4b9cb63c4e5f79f
img_000288,dataset/image_data/raw/vietnam_collected/ngap_hcm_2022/high_flood/high_flood_000288.jpg,image,vietnam_collected,ngap_hcm_2022,HoChiMinh,2017-08-13T08:00:00,high_flood,high_flood,1,ok,LTNA,NNQ,high_flood,,38ae761bc9e1366bb5cb3ac8c4b9cb63c4e5f79f
img_000289,dataset/image_data/raw/vietnam_collected/lu_mien_trung_2020/high_flood/high_flood_000289.jpg,image,vietnam_collected,lu_mien_trung_2020,QuangTri,2017-08-13T09:00:00,high_flood,high_flood,1,ok,LTNA,,high_flood,,38ae761bc9e1366bb5cb3ac8c4b9cb63c4e5f79f
img_000290,dataset/image_data/raw/vietnam_collected/bao_noru_2022/high_flood/high_flood_000290.jpg,image,vietnam_collected,bao_noru_2022,QuangNam,2017-08-13T10:00:00,high_flood,high_flood,1,ok,LTNA,,high_flood,,38ae761bc9e1366bb5cb3ac8c4b9cb63c4e5f79f
img_000291,dataset/image_data/raw/vietnam_collected/bao_yagi_2024/high_flood/high_flood_000291.jpg,image,vietnam_collected,bao_yagi_2024,QuangNinh,2017-08-13T11:00:00,high_flood,high_flood,1,ok,LTNA,,high_flood,,38ae761bc9e1366bb5cb3ac8c4b9cb63c4e5f79f
img_000292,dataset/image_data/raw/vietnam_collected/ngap_can_tho_2019/high_flood/high_flood_000292.jpg,image,vietnam_collected,ngap_can_tho_2019,CanTho,2017-08-13T12:00:00,high_flood,high_flood,1,ok,LTNA,NNQ,high_flood,,38ae761bc9e1366bb5cb3ac8c4b9cb63c4e5f79f
img_000293,dataset/image_data/raw/vietnam_collected/lu_nghe_an_2023/high_flood/high_flood_000293.jpg,image,vietnam_collected,lu_nghe_an_2023,NgheAn,2017-08-13T13:00:00,high_flood,high_flood,1,ok,LTNA,,high_flood,,38ae761bc9e1366bb5cb3ac8c4b9cb63c4e5f79f
img_000294,dataset/image_data/raw/vietnam_collected/ngap_hcm_2022/high_flood/high_flood_000294.jpg,image,vietnam_collected,ngap_hcm_2022,HoChiMinh,2017-08-13T14:00:00,high_flood,high_flood,1,ok,LTNA,,high_flood,,38ae761bc9e1366bb5cb3ac8c4b9cb63c4e5f79f
img_000295,dataset/image_data/raw/vietnam_collected/lu_mien_trung_2020/high_flood/high_flood_000295.jpg,image,vietnam_collected,lu_mien_trung_2020,QuangTri,2017-08-13T15:00:00,high_flood,high_flood,1,ok,LTNA,,high_flood,,38ae761bc9e1366bb5cb3ac8c4b9cb63c4e5f79f
img_000296,dataset/image_data/raw/vietnam_collected/bao_noru_2022/high_flood/high_flood_000296.jpg,image,vietnam_collected,bao_noru_2022,QuangNam,2017-08-13T16:00:00,high_flood,high_flood,1,ok,LTNA,NNQ,high_flood,,38ae761bc9e1366bb5cb3ac8c4b9cb63c4e5f79f
img_000297,dataset/image_data/raw/vietnam_collected/bao_yagi_2024/high_flood/high_flood_000297.jpg,image,vietnam_collected,bao_yagi_2024,QuangNinh,2017-08-13T17:00:00,high_flood,high_flood,1,ok,LTNA,,high_flood,,38ae761bc9e1366bb5cb3ac8c4b9cb63c4e5f79f
img_000298,dataset/image_data/raw/vietnam_collected/ngap_can_tho_2019/high_flood/high_flood_000298.jpg,image,vietnam_collected,ngap_can_tho_2019,CanTho,2017-08-13T18:00:00,high_flood,high_flood,1,ok,LTNA,,high_flood,,38ae761bc9e1366bb5cb3ac8c4b9cb63c4e5f79f
img_000299,dataset/image_data/raw/vietnam_collected/lu_nghe_an_2023/high_flood/high_flood_000299.jpg,image,vietnam_collected,lu_nghe_an_2023,NgheAn,2017-08-13T19:00:00,high_flood,high_flood,1,ok,LTNA,,high_flood,,38ae761bc9e1366bb5cb3ac8c4b9cb63c4e5f79f
img_000300,dataset/image_data/raw/vietnam_collected/ngap_hcm_2022/high_flood/high_flood_000300.jpg,image,vietnam_collected,ngap_hcm_2022,HoChiMinh,2017-08-13T20:00:00,high_flood,high_flood,1,ok,LTNA,NNQ,high_flood,,38ae761bc9e1366bb5cb3ac8c4b9cb63c4e5f79f
img_000301,dataset/image_data/raw/vietnam_collected/lu_mien_trung_2020/high_flood/high_flood_000301.jpg,image,vietnam_collected,lu_mien_trung_2020,QuangTri,2017-08-13T21:00:00,high_flood,high_flood,1,ok,LTNA,,high_flood,,38ae761bc9e1366bb5cb3ac8c4b9cb63c4e5f79f
img_000302,dataset/image_data/raw/vietnam_collected/bao_noru_2022/high_flood/high_flood_000302.jpg,image,vietnam_collected,bao_noru_2022,QuangNam,2017-08-13T22:00:00,high_flood,high_flood,1,ok,LTNA,,high_flood,,38ae761bc9e1366bb5cb3ac8c4b9cb63c4e5f79f
img_000303,dataset/image_data/raw/vietnam_collected/bao_yagi_2024/high_flood/high_flood_000303.jpg,image,vietnam_collected,bao_yagi_2024,QuangNinh,2017-08-13T23:00:00,high_flood,high_flood,1,ok,LTNA,,high_flood,,38ae761bc9e1366bb5cb3ac8c4b9cb63c4e5f79f
img_000304,dataset/image_data/raw/vietnam_collected/ngap_can_tho_2019/high_flood/high_flood_000304.jpg,image,vietnam_collected,ngap_can_tho_2019,CanTho,2017-08-14T00:00:00,high_flood,high_flood,1,ok,LTNA,NNQ,high_flood,,38ae761bc9e1366bb5cb3ac8c4b9cb63c4e5f79f
img_000305,dataset/image_data/raw/vietnam_collected/lu_nghe_an_2023/high_flood/high_flood_000305.jpg,image,vietnam_collected,lu_nghe_an_2023,NgheAn,2017-08-14T01:00:00,high_flood,high_flood,1,ok,LTNA,,high_flood,,38ae761bc9e1366bb5cb3ac8c4b9cb63c4e5f79f
img_000306,dataset/image_data/raw/vietnam_collected/ngap_hcm_2022/high_flood/high_flood_000306.jpg,image,vietnam_collected,ngap_hcm_2022,HoChiMinh,2017-08-14T02:00:00,high_flood,high_flood,1,ok,LTNA,,high_flood,,38ae761bc9e1366bb5cb3ac8c4b9cb63c4e5f79f
img_000307,dataset/image_data/raw/vietnam_collected/lu_mien_trung_2020/high_flood/high_flood_000307.jpg,image,vietnam_collected,lu_mien_trung_2020,QuangTri,2017-08-14T03:00:00,high_flood,high_flood,1,ok,LTNA,,high_flood,,38ae761bc9e1366bb5cb3ac8c4b9cb63c4e5f79f
img_000308,dataset/image_data/raw/vietnam_collected/bao_noru_2022/high_flood/high_flood_000308.jpg,image,vietnam_collected,bao_noru_2022,QuangNam,2017-08-14T04:00:00,high_flood,high_flood,1,ok,LTNA,NNQ,high_flood,,38ae761bc9e1366bb5cb3ac8c4b9cb63c4e5f79f
img_000309,dataset/image_data/raw/vietnam_collected/bao_yagi_2024/high_flood/high_flood_000309.jpg,image,vietnam_collected,bao_yagi_2024,QuangNinh,2017-08-14T05:00:00,high_flood,high_flood,1,ok,LTNA,,high_flood,,38ae761bc9e1366bb5cb3ac8c4b9cb63c4e5f79f
img_000310,dataset/image_data/raw/vietnam_collected/ngap_can_tho_2019/high_flood/high_flood_000310.jpg,image,vietnam_collected,ngap_can_tho_2019,CanTho,2017-08-14T06:00:00,high_flood,high_flood,1,ok,LTNA,,high_flood,,38ae761bc9e1366bb5cb3ac8c4b9cb63c4e5f79f
img_000311,dataset/image_data/raw/vietnam_collected/lu_nghe_an_2023/high_flood/high_flood_000311.jpg,image,vietnam_collected,lu_nghe_an_2023,NgheAn,2017-08-14T07:00:00,high_flood,high_flood,1,ok,LTNA,,high_flood,,38ae761bc9e1366bb5cb3ac8c4b9cb63c4e5f79f
img_000312,dataset/image_data/raw/vietnam_collected/ngap_hcm_2022/high_flood/high_flood_000312.jpg,image,vietnam_collected,ngap_hcm_2022,HoChiMinh,2017-08-14T08:00:00,high_flood,high_flood,1,ok,LTNA,NNQ,high_flood,,38ae761bc9e1366bb5cb3ac8c4b9cb63c4e5f79f
img_000313,dataset/image_data/raw/vietnam_collected/lu_mien_trung_2020/high_flood/high_flood_000313.jpg,image,vietnam_collected,lu_mien_trung_2020,QuangTri,2017-08-14T09:00:00,high_flood,high_flood,1,ok,LTNA,,high_flood,,38ae761bc9e1366bb5cb3ac8c4b9cb63c4e5f79f
img_000314,dataset/image_data/raw/vietnam_collected/bao_noru_2022/high_flood/high_flood_000314.jpg,image,vietnam_collected,bao_noru_2022,QuangNam,2017-08-14T10:00:00,high_flood,high_flood,1,ok,LTNA,,high_flood,,38ae761bc9e1366bb5cb3ac8c4b9cb63c4e5f79f
img_000315,dataset/image_data/raw/vietnam_collected/bao_yagi_2024/high_flood/high_flood_000315.jpg,image,vietnam_collected,bao_yagi_2024,QuangNinh,2017-08-14T11:00:00,high_flood,high_flood,1,ok,LTNA,,high_flood,,38ae761bc9e1366bb5cb3ac8c4b9cb63c4e5f79f
img_000316,dataset/image_data/raw/vietnam_collected/ngap_can_tho_2019/high_flood/high_flood_000316.jpg,image,vietnam_collected,ngap_can_tho_2019,CanTho,2017-08-14T12:00:00,high_flood,high_flood,1,ok,LTNA,NNQ,high_flood,,38ae761bc9e1366bb5cb3ac8c4b9cb63c4e5f79f
img_000317,dataset/image_data/raw/vietnam_collected/lu_nghe_an_2023/high_flood/high_flood_000317.jpg,image,vietnam_collected,lu_nghe_an_2023,NgheAn,2017-08-14T13:00:00,high_flood,high_flood,1,ok,LTNA,,high_flood,,38ae761bc9e1366bb5cb3ac8c4b9cb63c4e5f79f
img_000318,dataset/image_data/raw/vietnam_collected/ngap_hcm_2022/high_flood/high_flood_000318.jpg,image,vietnam_collected,ngap_hcm_2022,HoChiMinh,2017-08-14T14:00:00,high_flood,high_flood,1,ok,LTNA,,high_flood,,38ae761bc9e1366bb5cb3ac8c4b9cb63c4e5f79f
img_000319,dataset/image_data/raw/vietnam_collected/lu_mien_trung_2020/high_flood/high_flood_000319.jpg,image,vietnam_collected,lu_mien_trung_2020,QuangTri,2017-08-14T15:00:00,high_flood,high_flood,1,ok,LTNA,,high_flood,,38ae761bc9e1366bb5cb3ac8c4b9cb63c4e5f79f
img_000320,dataset/image_data/raw/vietnam_collected/bao_noru_2022/high_flood/high_flood_000320.jpg,image,vietnam_collected,bao_noru_2022,QuangNam,2017-08-14T16:00:00,high_flood,high_flood,1,ok,LTNA,NNQ,high_flood,,38ae761bc9e1366bb5cb3ac8c4b9cb63c4e5f79f
img_000321,dataset/image_data/raw/vietnam_collected/bao_yagi_2024/high_flood/high_flood_000321.jpg,image,vietnam_collected,bao_yagi_2024,QuangNinh,2017-08-14T17:00:00,high_flood,high_flood,1,ok,LTNA,,high_flood,,38ae761bc9e1366bb5cb3ac8c4b9cb63c4e5f79f
img_000322,dataset/image_data/raw/vietnam_collected/ngap_can_tho_2019/high_flood/high_flood_000322.jpg,image,vietnam_collected,ngap_can_tho_2019,CanTho,2017-08-14T18:00:00,high_flood,high_flood,1,ok,LTNA,,high_flood,,38ae761bc9e1366bb5cb3ac8c4b9cb63c4e5f79f
img_000323,dataset/image_data/raw/vietnam_collected/lu_nghe_an_2023/high_flood/high_flood_000323.jpg,image,vietnam_collected,lu_nghe_an_2023,NgheAn,2017-08-14T19:00:00,high_flood,high_flood,1,ok,LTNA,,high_flood,,38ae761bc9e1366bb5cb3ac8c4b9cb63c4e5f79f
img_000324,dataset/image_data/raw/vietnam_collected/ngap_hcm_2022/high_flood/high_flood_000324.jpg,image,vietnam_collected,ngap_hcm_2022,HoChiMinh,2017-08-14T20:00:00,high_flood,high_flood,1,ok,LTNA,NNQ,high_flood,,38ae761bc9e1366bb5cb3ac8c4b9cb63c4e5f79f
img_000325,dataset/image_data/raw/vietnam_collected/lu_mien_trung_2020/high_flood/high_flood_000325.jpg,image,vietnam_collected,lu_mien_trung_2020,QuangTri,2017-08-14T21:00:00,high_flood,high_flood,1,ok,LTNA,,high_flood,,38ae761bc9e1366bb5cb3ac8c4b9cb63c4e5f79f
img_000326,dataset/image_data/raw/vietnam_collected/bao_noru_2022/high_flood/high_flood_000326.jpg,image,vietnam_collected,bao_noru_2022,QuangNam,2017-08-14T22:00:00,high_flood,high_flood,1,ok,LTNA,,high_flood,,38ae761bc9e1366bb5cb3ac8c4b9cb63c4e5f79f
img_000327,dataset/image_data/raw/vietnam_collected/bao_yagi_2024/high_flood/high_flood_000327.jpg,image,vietnam_collected,bao_yagi_2024,QuangNinh,2017-08-14T23:00:00,high_flood,high_flood,1,ok,LTNA,,high_flood,,38ae761bc9e1366bb5cb3ac8c4b9cb63c4e5f79f
img_000328,dataset/image_data/raw/vietnam_collected/ngap_can_tho_2019/high_flood/high_flood_000328.jpg,image,vietnam_collected,ngap_can_tho_2019,CanTho,2017-08-15T00:00:00,high_flood,high_flood,1,ok,LTNA,NNQ,high_flood,,38ae761bc9e1366bb5cb3ac8c4b9cb63c4e5f79f
img_000329,dataset/image_data/raw/vietnam_collected/lu_nghe_an_2023/high_flood/high_flood_000329.jpg,image,vietnam_collected,lu_nghe_an_2023,NgheAn,2017-08-15T01:00:00,high_flood,high_flood,1,ok,LTNA,,high_flood,,38ae761bc9e1366bb5cb3ac8c4b9cb63c4e5f79f
img_000330,dataset/image_data/raw/vietnam_collected/ngap_hcm_2022/high_flood/high_flood_000330.jpg,image,vietnam_collected,ngap_hcm_2022,HoChiMinh,2017-08-15T02:00:00,high_flood,high_flood,1,ok,LTNA,,high_flood,,38ae761bc9e1366bb5cb3ac8c4b9cb63c4e5f79f
img_000331,dataset/image_data/raw/crisismmd/harvey_2017/high_flood/high_flood_000331.jpg,image,crisismmd,harvey_2017,Houston,2017-08-15T03:00:00,high_flood,high_flood,0,ok,LTNA,,high_flood,,d670b82f9480428fa7c17547b3382cac8e81273a
img_000332,dataset/image_data/raw/floodnet/kerala_flood_2018/high_flood/high_flood_000332.jpg,image,floodnet,kerala_flood_2018,Kerala,2017-08-15T04:00:00,high_flood,high_flood,0,ok,LTNA,,high_flood,,d670b82f9480428fa7c17547b3382cac8e81273a
img_000333,dataset/image_data/raw/crisismmd/pakistan_flood_2022/high_flood/high_flood_000333.jpg,image,crisismmd,pakistan_flood_2022,Sindh,2017-08-15T05:00:00,high_flood,high_flood,0,ok,LTNA,NNQ,high_flood,,d670b82f9480428fa7c17547b3382cac8e81273a
img_000334,dataset/image_data/raw/floodnet/idai_2019/high_flood/high_flood_000334.jpg,image,floodnet,idai_2019,Beira,2017-08-15T06:00:00,high_flood,high_flood,0,ok,LTNA,,high_flood,,d670b82f9480428fa7c17547b3382cac8e81273a
img_000335,dataset/image_data/raw/crisismmd/harvey_2017/high_flood/high_flood_000335.jpg,image,crisismmd,harvey_2017,Houston,2017-08-15T07:00:00,high_flood,high_flood,0,ok,LTNA,,high_flood,,d670b82f9480428fa7c17547b3382cac8e81273a
img_000336,dataset/image_data/raw/floodnet/kerala_flood_2018/high_flood/high_flood_000336.jpg,image,floodnet,kerala_flood_2018,Kerala,2017-08-15T08:00:00,high_flood,high_flood,0,ok,LTNA,NNQ,high_flood,,d670b82f9480428fa7c17547b3382cac8e81273a
img_000337,dataset/image_data/raw/crisismmd/pakistan_flood_2022/high_flood/high_flood_000337.jpg,image,crisismmd,pakistan_flood_2022,Sindh,2017-08-15T09:00:00,high_flood,high_flood,0,ok,LTNA,,high_flood,,d670b82f9480428fa7c17547b3382cac8e81273a
img_000338,dataset/image_data/raw/floodnet/idai_2019/high_flood/high_flood_000338.jpg,image,floodnet,idai_2019,Beira,2017-08-15T10:00:00,high_flood,high_flood,0,ok,LTNA,,high_flood,,d670b82f9480428fa7c17547b3382cac8e81273a
img_000339,dataset/image_data/raw/crisismmd/harvey_2017/high_flood/high_flood_000339.jpg,image,crisismmd,harvey_2017,Houston,2017-08-15T11:00:00,high_flood,high_flood,0,ok,LTNA,NNQ,high_flood,,d670b82f9480428fa7c17547b3382cac8e81273a
img_000340,dataset/image_data/raw/floodnet/kerala_flood_2018/high_flood/high_flood_000340.jpg,image,floodnet,kerala_flood_2018,Kerala,2017-08-15T12:00:00,high_flood,high_flood,0,ok,LTNA,,high_flood,,d670b82f9480428fa7c17547b3382cac8e81273a
img_000341,dataset/image_data/raw/crisismmd/pakistan_flood_2022/high_flood/high_flood_000341.jpg,image,crisismmd,pakistan_flood_2022,Sindh,2017-08-15T13:00:00,high_flood,high_flood,0,ok,LTNA,,high_flood,,d670b82f9480428fa7c17547b3382cac8e81273a
img_000342,dataset/image_data/raw/floodnet/idai_2019/high_flood/high_flood_000342.jpg,image,floodnet,idai_2019,Beira,2017-08-15T14:00:00,high_flood,high_flood,0,ok,LTNA,NNQ,high_flood,,d670b82f9480428fa7c17547b3382cac8e81273a
img_000343,dataset/image_data/raw/crisismmd/harvey_2017/high_flood/high_flood_000343.jpg,image,crisismmd,harvey_2017,Houston,2017-08-15T15:00:00,high_flood,high_flood,0,ok,LTNA,,high_flood,,d670b82f9480428fa7c17547b3382cac8e81273a
img_000344,dataset/image_data/raw/floodnet/kerala_flood_2018/high_flood/high_flood_000344.jpg,image,floodnet,kerala_flood_2018,Kerala,2017-08-15T16:00:00,high_flood,high_flood,0,ok,LTNA,,high_flood,,d670b82f9480428fa7c17547b3382cac8e81273a
img_000345,dataset/image_data/raw/crisismmd/pakistan_flood_2022/high_flood/high_flood_000345.jpg,image,crisismmd,pakistan_flood_2022,Sindh,2017-08-15T17:00:00,high_flood,high_flood,0,ok,LTNA,NNQ,high_flood,,d670b82f9480428fa7c17547b3382cac8e81273a
img_000346,dataset/image_data/raw/floodnet/idai_2019/high_flood/high_flood_000346.jpg,image,floodnet,idai_2019,Beira,2017-08-15T18:00:00,high_flood,high_flood,0,ok,LTNA,,high_flood,,d670b82f9480428fa7c17547b3382cac8e81273a
img_000347,dataset/image_data/raw/crisismmd/harvey_2017/high_flood/high_flood_000347.jpg,image,crisismmd,harvey_2017,Houston,2017-08-15T19:00:00,high_flood,high_flood,0,ok,LTNA,,high_flood,,d670b82f9480428fa7c17547b3382cac8e81273a
img_000348,dataset/image_data/raw/floodnet/kerala_flood_2018/high_flood/high_flood_000348.jpg,image,floodnet,kerala_flood_2018,Kerala,2017-08-15T20:00:00,high_flood,high_flood,0,ok,LTNA,NNQ,high_flood,,d670b82f9480428fa7c17547b3382cac8e81273a
img_000349,dataset/image_data/raw/crisismmd/pakistan_flood_2022/high_flood/high_flood_000349.jpg,image,crisismmd,pakistan_flood_2022,Sindh,2017-08-15T21:00:00,high_flood,high_flood,0,ok,LTNA,,high_flood,,d670b82f9480428fa7c17547b3382cac8e81273a
img_000350,dataset/image_data/raw/floodnet/idai_2019/high_flood/high_flood_000350.jpg,image,floodnet,idai_2019,Beira,2017-08-15T22:00:00,high_flood,high_flood,0,ok,LTNA,,high_flood,,d670b82f9480428fa7c17547b3382cac8e81273a
img_000351,dataset/image_data/raw/crisismmd/harvey_2017/high_flood/high_flood_000351.jpg,image,crisismmd,harvey_2017,Houston,2017-08-15T23:00:00,high_flood,high_flood,0,ok,LTNA,NNQ,high_flood,,d670b82f9480428fa7c17547b3382cac8e81273a
img_000352,dataset/image_data/raw/floodnet/kerala_flood_2018/high_flood/high_flood_000352.jpg,image,floodnet,kerala_flood_2018,Kerala,2017-08-16T00:00:00,high_flood,high_flood,0,ok,LTNA,,high_flood,,d670b82f9480428fa7c17547b3382cac8e81273a
img_000353,dataset/image_data/raw/crisismmd/pakistan_flood_2022/high_flood/high_flood_000353.jpg,image,crisismmd,pakistan_flood_2022,Sindh,2017-08-16T01:00:00,high_flood,high_flood,0,ok,LTNA,,high_flood,,d670b82f9480428fa7c17547b3382cac8e81273a
img_000354,dataset/image_data/raw/floodnet/idai_2019/high_flood/high_flood_000354.jpg,image,floodnet,idai_2019,Beira,2017-08-16T02:00:00,high_flood,high_flood,0,ok,LTNA,NNQ,high_flood,,d670b82f9480428fa7c17547b3382cac8e81273a
img_000355,dataset/image_data/raw/crisismmd/harvey_2017/high_flood/high_flood_000355.jpg,image,crisismmd,harvey_2017,Houston,2017-08-16T03:00:00,high_flood,high_flood,0,ok,LTNA,,high_flood,,d670b82f9480428fa7c17547b3382cac8e81273a
img_000356,dataset/image_data/raw/floodnet/kerala_flood_2018/high_flood/high_flood_000356.jpg,image,floodnet,kerala_flood_2018,Kerala,2017-08-16T04:00:00,high_flood,high_flood,0,ok,LTNA,,high_flood,,d670b82f9480428fa7c17547b3382cac8e81273a
img_000357,dataset/image_data/raw/crisismmd/pakistan_flood_2022/high_flood/high_flood_000357.jpg,image,crisismmd,pakistan_flood_2022,Sindh,2017-08-16T05:00:00,high_flood,high_flood,0,ok,LTNA,NNQ,high_flood,,d670b82f9480428fa7c17547b3382cac8e81273a
img_000358,dataset/image_data/raw/floodnet/idai_2019/high_flood/high_flood_000358.jpg,image,floodnet,idai_2019,Beira,2017-08-16T06:00:00,high_flood,high_flood,0,ok,LTNA,,high_flood,,d670b82f9480428fa7c17547b3382cac8e81273a
img_000359,dataset/image_data/raw/crisismmd/harvey_2017/high_flood/high_flood_000359.jpg,image,crisismmd,harvey_2017,Houston,2017-08-16T07:00:00,high_flood,high_flood,0,ok,LTNA,,high_flood,,d670b82f9480428fa7c17547b3382cac8e81273a
img_000360,dataset/image_data/raw/floodnet/kerala_flood_2018/high_flood/high_flood_000360.jpg,image,floodnet,kerala_flood_2018,Kerala,2017-08-16T08:00:00,high_flood,high_flood,0,ok,LTNA,NNQ,high_flood,,d670b82f9480428fa7c17547b3382cac8e81273a
