epoch,train_loss,val_accuracy,val_macro_f1,val_critical_error_count,val_critical_error_rate,selected_best,seconds
1,1.0582578515084076,0.6575875486381323,0.6349726586539982,21,0.08171206225680934,True,79.26119949999998
2,0.9008166653529449,0.6536964980544747,0.6112481946668995,17,0.06614785992217899,True,75.121038
3,0.8311109890749316,0.6770428015564203,0.6407840362820926,16,0.0622568093385214,True,73.68477570000005
4,1.2094091729419987,0.6653696498054474,0.6255463104147314,20,0.07782101167315175,False,97.54766609999979
5,1.0832478378854749,0.7003891050583657,0.6681378548971608,13,0.05058365758754864,True,111.74699460000011
6,0.9960750228121463,0.7120622568093385,0.6796779609279608,11,0.042801556420233464,True,65.65298170000005
7,0.90375287533809,0.7587548638132295,0.7354879411079233,5,0.019455252918287938,True,59.951188399999864
8,0.8679358184437876,0.7470817120622568,0.7261157132068347,7,0.027237354085603113,False,53.22567279999976
9,0.8408154696602096,0.7431906614785992,0.7207936559380561,9,0.03501945525291829,False,53.99960550000014
10,0.7814990479069863,0.7470817120622568,0.7167935919144772,10,0.038910505836575876,False,50.73761319999994
11,0.7440959200626467,0.7470817120622568,0.7235130815008808,7,0.027237354085603113,False,47.36070980000022
12,0.6859019690446236,0.754863813229572,0.7313415530146485,6,0.023346303501945526,False,51.356878399999914
13,0.6696487183677138,0.7626459143968871,0.7390827313615919,7,0.027237354085603113,False,49.68730740000001
14,0.6691475841956944,0.7665369649805448,0.7376786002179703,8,0.0311284046692607,True,51.48064129999966
15,0.6629212430863946,0.754863813229572,0.7332867182111349,9,0.03501945525291829,False,52.421557499999835
16,0.6314327535356565,0.7782101167315175,0.7576977419472133,7,0.027237354085603113,True,50.75734330000023
17,0.6456046726545233,0.7859922178988327,0.7665570004937705,8,0.0311284046692607,True,47.08165179999969
18,0.5925639953505001,0.7859922178988327,0.7696463720146844,6,0.023346303501945526,True,48.21826239999973
19,0.6077433993477497,0.7821011673151751,0.7603428897478948,9,0.03501945525291829,False,47.42287529999976
20,0.6004107428810194,0.7821011673151751,0.7618834587899613,7,0.027237354085603113,False,49.29219039999998
21,0.5678362380916878,0.7626459143968871,0.7425808095886864,10,0.038910505836575876,False,48.41628320000018
22,0.5567525787148985,0.7626459143968871,0.7415645043130323,8,0.0311284046692607,False,46.50685310000017
23,0.5616112803465384,0.7626459143968871,0.7424880838737052,6,0.023346303501945526,False,44.70071539999981
24,0.5454726510683562,0.7626459143968871,0.7385834535834536,9,0.03501945525291829,False,45.489465499999824
25,0.5492463542494682,0.7704280155642024,0.7486631397414452,8,0.0311284046692607,False,46.588312199999564
