error_pair,review_file,relative_path,true_label,pred_label,confidence
high_to_low,iimages (10)_a65a19b9d8.jpg,high/iimages (10).jpg,high,low,0.6318359375
high_to_low,images - 2025-01-28T1540_def8d89f01.jpg,high/images - 2025-01-28T154039.568.jpg,high,low,0.51318359375
high_to_low,download_a09bc33dd9.webp,high/download.webp,high,low,0.391357421875
high_to_low,iimages (5)_2e24d6ead1.jpg,high/iimages (5).jpg,high,low,0.355224609375
high_to_medium,img55_ef7e3ec4b2.webp,high/img55.webp,high,medium,0.7333984375
high_to_medium,images - 2025-01-28T1518_571260e8dc.jpg,high/images - 2025-01-28T151851.902.jpg,high,medium,0.7158203125
high_to_medium,AP23209060794692_7a98769d38.jpg,high/AP23209060794692.jpg,high,medium,0.6953125
high_to_medium,image_6483441_7_c62ccb31_dfb6d0bdf2.jpg,high/image_6483441_7_c62ccb313f.jpg,high,medium,0.6611328125
high_to_medium,OIP (29)_d55ffe2bba.webp,high/OIP (29).webp,high,medium,0.5810546875
high_to_medium,4231cd29f2fb53ce8f0359eb_141e988f67.webp,high/4231cd29f2fb53ce8f0359eba8f1caaa85b22b53819bf0b9990e4c4d228c8c89.webp,high,medium,0.5751953125
high_to_medium,images - 2025-01-28T1521_ccca6dd108.jpg,high/images - 2025-01-28T152121.677.jpg,high,medium,0.55029296875
high_to_medium,floods_cambodia_avid_w_bfdf09db61.jpg,high/floods_cambodia_avid_w.jpg,high,medium,0.53076171875
high_to_medium,image_0107_1b2c330235.jpg,high/image_0107.jpg,high,medium,0.490234375
high_to_medium,OIP (36)_d0aa4dbccd.webp,high/OIP (36).webp,high,medium,0.47509765625
high_to_medium,OIP (33)_1c18f33b5d.webp,high/OIP (33).webp,high,medium,0.468505859375
high_to_medium,flood_732_acfce7f9f9.jpg,high/flood_732.jpg,high,medium,0.43896484375
low_to_high,noise (2)_8c4beb6eb7.jpg,low/noise (2).jpg,low,high,0.466064453125
low_to_medium,a-1697518992_8b41966e60.jpg,low/a-1697518992.jpg,low,medium,0.91943359375
low_to_medium,611212110012634149_1_6b7f92245b.jpg,low/611212110012634149_1.jpg,low,medium,0.83935546875
low_to_medium,Mua-lon-nhieu-tuyen-duon_aadd18f8b2.jpg,low/Mua-lon-nhieu-tuyen-duong-bi-chia-cat-do-ngap.jpg,low,medium,0.83251953125
low_to_medium,AKR20240912005700084_14__c60fc1b4c0.jpg,low/AKR20240912005700084_14_i_P2.jpg,low,medium,0.7978515625
low_to_medium,images (12) 2_b7c27fa8be.png,low/images (12) 2.png,low,medium,0.736328125
low_to_medium,다운로드 (1)_3e9f79e562.jpg,low/다운로드 (1).jpg,low,medium,0.72900390625
low_to_medium,images - 2025-01-28T1517_eabbc28f90.jpg,low/images - 2025-01-28T151753.297.jpg,low,medium,0.67919921875
low_to_medium,10360-2-13961_33f40278e0.jpg,low/10360-2-13961.jpg,low,medium,0.63623046875
low_to_medium,images (59)_40b61dd020.jpg,low/images (59).jpg,low,medium,0.6181640625
low_to_medium,img1_d16a9917ba.jpeg,low/img1.jpeg,low,medium,0.6123046875
low_to_medium,images (37)_831f000265.jpg,low/images (37).jpg,low,medium,0.529296875
low_to_medium,화면 캡처 2025-03-05 165818_2b0a48c46b.jpg,low/화면 캡처 2025-03-05 165818.jpg,low,medium,0.51904296875
low_to_medium,images (87)_30f6270ecc.jpg,low/images (87).jpg,low,medium,0.50537109375
low_to_non_flood,다운로드 (22)_35cb0de200.jpg,low/다운로드 (22).jpg,low,non_flood,0.83203125
low_to_non_flood,0f569675-81fe-4a2b-a287-_76080a4bc3.jpg,low/0f569675-81fe-4a2b-a287-d2bd795d43ba.jpg,low,non_flood,0.78857421875
low_to_non_flood,images - 2025-01-28T1553_4b663de9ff.jpg,low/images - 2025-01-28T155350.781.jpg,low,non_flood,0.53662109375
low_to_non_flood,images - 2025-01-28T1540_64c4126dfb.jpg,low/images - 2025-01-28T154010.314.jpg,low,non_flood,0.529296875
low_to_non_flood,images (91)_5f22684b61.jpg,low/images (91).jpg,low,non_flood,0.48876953125
low_to_non_flood,image_994630979150899598_396bb8168b.jpg,low/image_9946309791508995980052.jpg,low,non_flood,0.373779296875
medium_to_high,image_038_e2298a5ec6.jpg,medium/image_038.jpg,medium,high,0.83154296875
medium_to_high,939cf7ba3afa4a60bbb76760_238d93d6f8.jpg,medium/939cf7ba3afa4a60bbb76760f3fd5aba.jpg,medium,high,0.76318359375
medium_to_high,1763565218045_mua1-19112_611a6c5750.jpeg,medium/1763565218045_mua1-191125.jpeg,medium,high,0.69287109375
medium_to_high,image_0144_ee3d87255d.jpg,medium/image_0144.jpg,medium,high,0.677734375
medium_to_high,img76_3f7d75528c.jpg,medium/img76.jpg,medium,high,0.5966796875
medium_to_high,vnapotalquangtritieptucm_5e3e9a35ec.webp,medium/vnapotalquangtritieptucmualonlulennhanhgayngaplutdienrong1917541315072353-16029002171551755047725.webp,medium,high,0.58642578125
medium_to_high,images (3)_7d5ce1281a.jpg,medium/images (3).jpg,medium,high,0.58544921875
medium_to_high,5836-1763455366236199350_d373303bbc.webp,medium/5836-17634553662361993507720-168-0-1016-1620-crop-17634553816821875286789.webp,medium,high,0.57666015625
medium_to_high,images (37)_c8d879c920.jpg,medium/images (37).jpg,medium,high,0.5419921875
medium_to_high,images (46)_7781cca2a9.jpg,medium/images (46).jpg,medium,high,0.53369140625
medium_to_high,noise (5)_53af8bfbd5.jpg,medium/noise (5).jpg,medium,high,0.5244140625
medium_to_high,flood_6166_bd6f903804.jpg,medium/flood_6166.jpg,medium,high,0.50634765625
medium_to_high,81329cb922f6cba892e7-jpg_24289afcb3.webp,medium/81329cb922f6cba892e7-jpg-31673361078756138245019-50182452114320146060691.webp,medium,high,0.49951171875
medium_to_high,flood_6286_2ec1dd0c49.jpg,medium/flood_6286.jpg,medium,high,0.475830078125
medium_to_low,images - 2025-01-28T1551_06ddd91d45.jpg,medium/images - 2025-01-28T155148.034.jpg,medium,low,0.76025390625
medium_to_low,images - 2025-01-28T1519_765086f556.jpg,medium/images - 2025-01-28T151947.364.jpg,medium,low,0.705078125
medium_to_low,flood_6330_e0a0c556f2.jpg,medium/flood_6330.jpg,medium,low,0.68505859375
medium_to_low,n3_6be49874f3.jpg,medium/n3.jpg,medium,low,0.630859375
medium_to_low,flood_6259_d01d78b4d8.jpg,medium/flood_6259.jpg,medium,low,0.5302734375
medium_to_low,image_186_3559b29516.jpg,medium/image_186.jpg,medium,low,0.41259765625
medium_to_non_flood,gia-lai-1_823fdcbaf4.jpg,medium/gia-lai-1.jpg,medium,non_flood,0.47119140625
non_flood_to_low,images - 2025-01-28T1849_449546734c.jpg,non_flood/images - 2025-01-28T184942.058.jpg,non_flood,low,0.9794921875
non_flood_to_low,다운로드 (5)_c92bd376ed.jpg,non_flood/다운로드 (5).jpg,non_flood,low,0.8837890625
non_flood_to_low,images - 2025-01-28T1647_4039660e9f.jpg,non_flood/images - 2025-01-28T164753.512.jpg,non_flood,low,0.8603515625
non_flood_to_low,images (9)_8c8250548d.jpg,non_flood/images (9).jpg,non_flood,low,0.7080078125
non_flood_to_low,화면 캡처 2025-03-05 164255_a863203553.jpg,non_flood/화면 캡처 2025-03-05 164255.jpg,non_flood,low,0.53955078125
non_flood_to_low,images - 2025-01-28T1844_51bb459f6f.jpg,non_flood/images - 2025-01-28T184427.744.jpg,non_flood,low,0.5146484375
non_flood_to_low,images (28)1_95936fdbc1.jpg,non_flood/images (28)1.jpg,non_flood,low,0.374755859375
