image_path,ground_truth,gt_idx,pred_onnx_fp32,confidence_onnx_fp32,latency_ms_onnx_fp32,margin_onnx_fp32,probabilities_onnx_fp32,pred_ptq_int8,confidence_ptq_int8,latency_ms_ptq_int8,margin_ptq_int8,probabilities_ptq_int8,pred_qat_int8,confidence_qat_int8,latency_ms_qat_int8,margin_qat_int8,probabilities_qat_int8
E:\RHNA\1Visual\NCKH\nckh2\products\fe\model\Dataset_Flood\low\다운로드 (54).jpg,low,0,low,0.6131573915481567,11.566200002562255,0.3904474675655365,"[0.6131573915481567, 0.08579949289560318, 0.07833322137594223, 0.22270992398262024]",low,0.5921568870544434,9.976700006518513,0.4235294461250305,"[0.5921568870544434, 0.16862745583057404, 0.11372549831867218, 0.11764706671237946]",medium,0.3924579322338104,43.28350001014769,0.06383523344993591,"[0.3286226987838745, 0.3924579322338104, 0.16155308485031128, 0.1173662543296814]"
E:\RHNA\1Visual\NCKH\nckh2\products\fe\model\Dataset_Flood\low\808137151_1065873222862956_2369990287917085533_n.jpg,low,0,medium,0.6701967716217041,13.988899998366833,0.4640020430088043,"[0.20619472861289978, 0.6701967716217041, 0.036695219576358795, 0.08691322058439255]",non_flood,0.34117648005485535,11.930300010135397,0.0,"[0.2862745225429535, 0.34117648005485535, 0.02352941408753395, 0.34117648005485535]",non_flood,0.819836437702179,41.952400002628565,0.7291082739830017,"[0.09072814881801605, 0.05925331637263298, 0.03018210642039776, 0.819836437702179]"
E:\RHNA\1Visual\NCKH\nckh2\products\fe\model\Dataset_Flood\low\SSI_20170716151354_O2.jpg,low,0,medium,0.7966292500495911,15.361700003268197,0.6160896420478821,"[0.18053960800170898, 0.7966292500495911, 0.010662669315934181, 0.012168490327894688]",medium,0.5176470875740051,18.106300005456433,0.10196077823638916,"[0.41568630933761597, 0.5176470875740051, 0.011764707043766975, 0.05098039656877518]",low,0.37414634227752686,38.984700018772855,0.08233126997947693,"[0.37414634227752686, 0.2918150722980499, 0.19058044254779816, 0.14345820248126984]"
E:\RHNA\1Visual\NCKH\nckh2\products\fe\model\Dataset_Flood\low\화면 캡처 2025-03-05 161811.jpg,low,0,low,0.3782104551792145,12.013999978080392,0.11128401756286621,"[0.3782104551792145, 0.26692643761634827, 0.09464026242494583, 0.2602228820323944]",low,0.34117648005485535,9.70439999946393,0.0156862735748291,"[0.34117648005485535, 0.22745099663734436, 0.10196079313755035, 0.32549020648002625]",medium,0.45053574442863464,52.148700022371486,0.1562969982624054,"[0.29423874616622925, 0.45053574442863464, 0.22148634493350983, 0.0337391272187233]"
E:\RHNA\1Visual\NCKH\nckh2\products\fe\model\Dataset_Flood\low\images - 2025-01-28T163030.279.jpg,low,0,low,0.9183318614959717,10.93140000011772,0.8799411058425903,"[0.9183318614959717, 0.03087760880589485, 0.012399832718074322, 0.03839075192809105]",low,0.7843137979507446,13.621099991723895,0.6862745881080627,"[0.7843137979507446, 0.09803922474384308, 0.07450980693101883, 0.04313725605607033]",high,0.4302160143852234,46.74910000176169,0.16850683093070984,"[0.16495691239833832, 0.26170918345451355, 0.4302160143852234, 0.14311791956424713]"
E:\RHNA\1Visual\NCKH\nckh2\products\fe\model\Dataset_Flood\low\images - 2025-01-28T154416.248.jpg,low,0,low,0.6116239428520203,13.199200009694323,0.3406652510166168,"[0.6116239428520203, 0.27095869183540344, 0.08516678214073181, 0.03225066885352135]",low,0.6980392336845398,10.948200011625886,0.5215686559677124,"[0.6980392336845398, 0.1764705926179886, 0.05882353335618973, 0.062745101749897]",non_flood,0.3269985020160675,48.58010000316426,0.053187936544418335,"[0.27381056547164917, 0.27381056547164917, 0.12538039684295654, 0.3269985020160675]"
E:\RHNA\1Visual\NCKH\nckh2\products\fe\model\Dataset_Flood\low\images - 2025-01-28T154231.729.jpg,low,0,low,0.5600684881210327,13.885399996070191,0.30250558257102966,"[0.5600684881210327, 0.25756290555000305, 0.038890816271305084, 0.1434778869152069]",non_flood,0.4705882668495178,17.82939999247901,0.07843136787414551,"[0.3921568989753723, 0.125490203499794, 0.007843137718737125, 0.4705882668495178]",non_flood,0.4752846658229828,49.052300018956885,0.048020511865615845,"[0.42726415395736694, 0.07501702755689621, 0.022434163838624954, 0.4752846658229828]"
E:\RHNA\1Visual\NCKH\nckh2\products\fe\model\Dataset_Flood\low\화면 캡처 2025-03-05 162152.jpg,low,0,non_flood,0.7368943095207214,17.749199992977083,0.4917265772819519,"[0.24516773223876953, 0.010535177774727345, 0.007402773480862379, 0.7368943095207214]",non_flood,0.6196078658103943,17.588899994734675,0.3176470696926117,"[0.3019607961177826, 0.03529411926865578, 0.03921568766236305, 0.6196078658103943]",high,0.34137144684791565,69.87639999715611,0.0,"[0.34137144684791565, 0.2151685208082199, 0.34137144684791565, 0.10208861529827118]"
E:\RHNA\1Visual\NCKH\nckh2\products\fe\model\Dataset_Flood\low\images (93).jpg,low,0,low,0.7503064274787903,11.129300022730604,0.5270659923553467,"[0.7503064274787903, 0.2232404351234436, 0.007798767648637295, 0.01865442283451557]",medium,0.5647059082984924,10.50449998001568,0.16862744092941284,"[0.3960784673690796, 0.5647059082984924, 0.019607843831181526, 0.01568627543747425]",low,0.47553420066833496,44.53849999117665,0.1649692952632904,"[0.47553420066833496, 0.16983509063720703, 0.044065747410058975, 0.31056490540504456]"
E:\RHNA\1Visual\NCKH\nckh2\products\fe\model\Dataset_Flood\low\images (99).jpg,low,0,low,0.438313752412796,16.360500012524426,0.015569299459457397,"[0.438313752412796, 0.4227444529533386, 0.11140532791614532, 0.02753647044301033]",medium,0.6117647290229797,11.320499994326383,0.3490196168422699,"[0.26274511218070984, 0.6117647290229797, 0.10196079313755035, 0.01568627543747425]",low,0.40734803676605225,58.605600002920255,0.13169971108436584,"[0.40734803676605225, 0.2756483256816864, 0.20749253034591675, 0.10951115190982819]"
E:\RHNA\1Visual\NCKH\nckh2\products\fe\model\Dataset_Flood\low\화면 캡처 2025-03-05 165853.jpg,low,0,low,0.4571909010410309,17.185700009576976,0.07977688312530518,"[0.4571909010410309, 0.09782324731349945, 0.06757178902626038, 0.3774140179157257]",non_flood,0.6784313917160034,11.881499987794086,0.4745098054409027,"[0.2039215862751007, 0.06666667014360428, 0.0470588281750679, 0.6784313917160034]",non_flood,0.38857001066207886,61.74029997782782,0.0,"[0.38857001066207886, 0.16573359072208405, 0.05712643265724182, 0.38857001066207886]"
E:\RHNA\1Visual\NCKH\nckh2\products\fe\model\Dataset_Flood\low\images (38).jpg,low,0,medium,0.5172597765922546,21.647399989888072,0.07808557152748108,"[0.43917420506477356, 0.5172597765922546, 0.015665309503674507, 0.02790071815252304]",low,0.4941176772117615,11.39500000863336,0.0627450942993164,"[0.4941176772117615, 0.43137258291244507, 0.02352941408753395, 0.0470588281750679]",non_flood,0.33726659417152405,42.25790000054985,0.05485808849334717,"[0.23647332191467285, 0.2824085056781769, 0.14385156333446503, 0.33726659417152405]"
E:\RHNA\1Visual\NCKH\nckh2\products\fe\model\Dataset_Flood\low\images - 2025-01-28T151232.035.jpg,low,0,low,0.5574045777320862,12.312800012296066,0.27283811569213867,"[0.5574045777320862, 0.2845664620399475, 0.09771274030208588, 0.06031620875000954]",low,0.4784314036369324,12.114100012695417,0.2549019753932953,"[0.4784314036369324, 0.22352942824363708, 0.125490203499794, 0.16470588743686676]",non_flood,0.6236646175384521,53.27369997394271,0.4086947441101074,"[0.21496988832950592, 0.12620918452739716, 0.03515627235174179, 0.6236646175384521]"
E:\RHNA\1Visual\NCKH\nckh2\products\fe\model\Dataset_Flood\low\images (33).jpg,low,0,medium,0.5204843878746033,18.732199998339638,0.08465033769607544,"[0.43583405017852783, 0.5204843878746033, 0.01257211621850729, 0.03110942430794239]",low,0.458823561668396,12.373599980492145,0.019607841968536377,"[0.458823561668396, 0.4392157196998596, 0.08235294371843338, 0.019607843831181526]",low,0.5911951661109924,43.47460001008585,0.38005223870277405,"[0.5911951661109924, 0.21114292740821838, 0.14287830889225006, 0.05478356033563614]"
E:\RHNA\1Visual\NCKH\nckh2\products\fe\model\Dataset_Flood\low\noise.jpg,low,0,medium,0.5506919622421265,19.2090000200551,0.24966949224472046,"[0.1356927752494812, 0.5506919622421265, 0.301022469997406, 0.012592763639986515]",medium,0.5058823823928833,22.38680000300519,0.25882354378700256,"[0.22745099663734436, 0.5058823823928833, 0.24705883860588074, 0.019607843831181526]",low,0.3367561101913452,83.48030000342987,0.0,"[0.3367561101913452, 0.3367561101913452, 0.28198105096817017, 0.04450675845146179]"
E:\RHNA\1Visual\NCKH\nckh2\products\fe\model\Dataset_Flood\low\images - 2025-01-28T151759.595.jpg,low,0,low,0.7692956328392029,26.47029998479411,0.6334541440010071,"[0.7692956328392029, 0.048315487802028656, 0.046547405421733856, 0.1358414739370346]",non_flood,0.4549019932746887,17.3066999996081,0.019607841968536377,"[0.43529415130615234, 0.02352941408753395, 0.08235294371843338, 0.4549019932746887]",non_flood,0.4708021581172943,67.16579999192618,0.25521746277809143,"[0.21558469533920288, 0.1870429962873459, 0.12657010555267334, 0.4708021581172943]"
E:\RHNA\1Visual\NCKH\nckh2\products\fe\model\Dataset_Flood\low\images - 2025-01-28T164448.787.jpg,low,0,low,0.8732543587684631,9.613900008844212,0.8105822205543518,"[0.8732543587684631, 0.05668450519442558, 0.0073889330960810184, 0.06267211586236954]",low,0.7372549176216125,13.588500005425885,0.5254901647567749,"[0.7372549176216125, 0.03921568766236305, 0.007843137718737125, 0.21176472306251526]",non_flood,0.6654815077781677,56.403900001896545,0.3915398120880127,"[0.27394169569015503, 0.048097383230924606, 0.012479441240429878, 0.6654815077781677]"
E:\RHNA\1Visual\NCKH\nckh2\products\fe\model\Dataset_Flood\low\images - 2025-01-28T164633.825.jpg,low,0,low,0.9217808842658997,20.09629999520257,0.8674208521842957,"[0.9217808842658997, 0.05436001718044281, 0.0022807952482253313, 0.021578336134552956]",low,0.7921569347381592,12.094100005924702,0.64705890417099,"[0.7921569347381592, 0.14509804546833038, 0.007843137718737125, 0.05098039656877518]",high,0.4759259521961212,55.27159999473952,0.21566173434257507,"[0.1528015434741974, 0.26026421785354614, 0.4759259521961212, 0.11100835353136063]"
E:\RHNA\1Visual\NCKH\nckh2\products\fe\model\Dataset_Flood\low\다운로드 (24).jpg,low,0,non_flood,0.7445239424705505,12.35659999656491,0.5312042236328125,"[0.21331971883773804, 0.03140748664736748, 0.01074886228889227, 0.7445239424705505]",non_flood,0.5529412031173706,9.72830000682734,0.2705882489681244,"[0.2823529541492462, 0.11764706671237946, 0.04313725605607033, 0.5529412031173706]",low,0.3845522403717041,38.47930001211353,0.06254935264587402,"[0.3845522403717041, 0.3220028877258301, 0.18245422840118408, 0.11099063605070114]"
E:\RHNA\1Visual\NCKH\nckh2\products\fe\model\Dataset_Flood\low\화면 캡처 2025-03-05 165641.jpg,low,0,non_flood,0.5316320061683655,10.626600007526577,0.0929601788520813,"[0.4386718273162842, 0.02248801290988922, 0.007208146154880524, 0.5316320061683655]",non_flood,0.7176470756530762,9.198899992043152,0.4588235318660736,"[0.25882354378700256, 0.01568627543747425, 0.003921568859368563, 0.7176470756530762]",medium,0.34473133087158203,65.68090000655502,0.012024551630020142,"[0.3327067792415619, 0.34473133087158203, 0.2785903513431549, 0.04397158324718475]"
E:\RHNA\1Visual\NCKH\nckh2\products\fe\model\Dataset_Flood\low\images (23) 2.jpg,low,0,low,0.4907572567462921,24.627900013001636,0.11251550912857056,"[0.4907572567462921, 0.37824174761772156, 0.1161699891090393, 0.014830945059657097]",low,0.5137255191802979,23.521499999333173,0.18431374430656433,"[0.5137255191802979, 0.3294117748737335, 0.11764706671237946, 0.03921568766236305]",high,0.43817993998527527,75.28759998967871,0.14166796207427979,"[0.19364792108535767, 0.2965119779109955, 0.43817993998527527, 0.07166014611721039]"
E:\RHNA\1Visual\NCKH\nckh2\products\fe\model\Dataset_Flood\low\images - 2025-01-28T151814.128.jpg,low,0,low,0.5324286222457886,21.904299996094778,0.08685305714607239,"[0.5324286222457886, 0.019800670444965363, 0.00219512777402997, 0.4455755650997162]",non_flood,0.4941176772117615,18.929399986518547,0.023529410362243652,"[0.4705882668495178, 0.0313725508749485, 0.003921568859368563, 0.4941176772117615]",non_flood,0.5007981657981873,64.55540002207272,0.17373371124267578,"[0.3270644545555115, 0.13463421165943146, 0.037503112107515335, 0.5007981657981873]"
E:\RHNA\1Visual\NCKH\nckh2\products\fe\model\Dataset_Flood\low\803005566_1065370432913235_8636202584573284675_n.jpg,low,0,medium,0.7760429382324219,12.04850000794977,0.6514027714729309,"[0.12464018166065216, 0.7760429382324219, 0.025900360196828842, 0.07341651618480682]",medium,0.5529412031173706,11.542799999006093,0.29411765933036804,"[0.15294118225574493, 0.5529412031173706, 0.0313725508749485, 0.25882354378700256]",low,0.42638006806373596,61.663500004215166,0.08180630207061768,"[0.42638006806373596, 0.18186041712760925, 0.04718584194779396, 0.3445737659931183]"
E:\RHNA\1Visual\NCKH\nckh2\products\fe\model\Dataset_Flood\low\image_297.jpg,low,0,medium,0.7150513529777527,12.029700010316446,0.5611956715583801,"[0.15385566651821136, 0.7150513529777527, 0.10677537322044373, 0.024317564442753792]",medium,0.45098042488098145,11.049099994124845,0.07450979948043823,"[0.3764706254005432, 0.45098042488098145, 0.11372549831867218, 0.05490196496248245]",high,0.3908931016921997,51.43140000291169,0.026793867349624634,"[0.18546269834041595, 0.3640992343425751, 0.3908931016921997, 0.05954494699835777]"
E:\RHNA\1Visual\NCKH\nckh2\products\fe\model\Dataset_Flood\low\images - 2025-01-28T162855.395.jpg,low,0,low,0.9246793389320374,18.226999993203208,0.8827422857284546,"[0.9246793389320374, 0.041937053203582764, 0.011775990016758442, 0.0216076597571373]",low,0.8392157554626465,25.89379998971708,0.7686275243759155,"[0.8392157554626465, 0.07058823853731155, 0.0313725508749485, 0.05490196496248245]",medium,0.34074142575263977,69.09499998437241,0.05542328953742981,"[0.28531813621520996, 0.34074142575263977, 0.25649091601371765, 0.11744958162307739]"
E:\RHNA\1Visual\NCKH\nckh2\products\fe\model\Dataset_Flood\low\images (32).jpg,low,0,medium,0.47939395904541016,16.487799992319196,0.16660812497138977,"[0.3127858340740204, 0.47939395904541016, 0.07628124207258224, 0.131538987159729]",medium,0.5686274766921997,12.402899999869987,0.27450981736183167,"[0.29411765933036804, 0.5686274766921997, 0.08235294371843338, 0.05098039656877518]",high,0.31972700357437134,49.634299997705966,0.0,"[0.22417549788951874, 0.31972700357437134, 0.31972700357437134, 0.13637053966522217]"
E:\RHNA\1Visual\NCKH\nckh2\products\fe\model\Dataset_Flood\low\images - 2025-01-28T151448.228.jpg,low,0,non_flood,0.440720796585083,12.291799997910857,0.1829814910888672,"[0.2577393054962158, 0.15948525071144104, 0.1420547068119049, 0.440720796585083]",non_flood,0.3529411852359772,9.611699992092326,0.05882352590560913,"[0.1882353127002716, 0.1568627506494522, 0.29411765933036804, 0.3529411852359772]",low,0.27940672636032104,54.63750002672896,0.01915198564529419,"[0.27940672636032104, 0.24241551756858826, 0.26025474071502686, 0.21792298555374146]"
E:\RHNA\1Visual\NCKH\nckh2\products\fe\model\Dataset_Flood\low\images - 2025-01-28T154421.186.jpg,low,0,low,0.5380392074584961,15.276599995559081,0.08896175026893616,"[0.5380392074584961, 0.011413026601076126, 0.0014703520573675632, 0.44907745718955994]",low,0.5568627715110779,14.405100024305284,0.14901959896087646,"[0.5568627715110779, 0.027450982481241226, 0.003921568859368563, 0.4078431725502014]",non_flood,0.4728999733924866,44.842900009825826,0.03241506218910217,"[0.4404849112033844, 0.07203710079193115, 0.014577933587133884, 0.4728999733924866]"
E:\RHNA\1Visual\NCKH\nckh2\products\fe\model\Dataset_Flood\low\images - 2025-01-28T164917.120.jpg,low,0,low,0.7330392599105835,17.896700010169297,0.5892655849456787,"[0.7330392599105835, 0.14377368986606598, 0.039592765271663666, 0.08359434455633163]",low,0.5882353186607361,14.5419999898877,0.3019607961177826,"[0.5882353186607361, 0.2862745225429535, 0.09803922474384308, 0.02352941408753395]",medium,0.33072900772094727,67.58979998994619,0.01153615117073059,"[0.2579517364501953, 0.33072900772094727, 0.3191928565502167, 0.09212640672922134]"
E:\RHNA\1Visual\NCKH\nckh2\products\fe\model\Dataset_Flood\low\images - 2025-01-28T164148.602.jpg,low,0,low,0.5650250315666199,25.315299979411066,0.36113178730010986,"[0.5650250315666199, 0.1842251420021057, 0.04685657471418381, 0.20389324426651]",low,0.4392157196998596,28.74439998413436,0.1568627655506134,"[0.4392157196998596, 0.2823529541492462, 0.1882353127002716, 0.09019608050584793]",high,0.34672442078590393,62.58569998317398,0.06652337312698364,"[0.17661243677139282, 0.2802010476589203, 0.34672442078590393, 0.196462020277977]"
E:\RHNA\1Visual\NCKH\nckh2\products\fe\model\Dataset_Flood\low\화면 캡처 2025-03-05 163923.jpg,low,0,non_flood,0.4391787648200989,14.38479998614639,0.0016308724880218506,"[0.437547892332077, 0.09988867491483688, 0.023384643718600273, 0.4391787648200989]",non_flood,0.7490196228027344,12.182200007373467,0.5529412031173706,"[0.19607844948768616, 0.03529411926865578, 0.011764707043766975, 0.7490196228027344]",low,0.37169349193573,49.51360000995919,0.06045779585838318,"[0.37169349193573, 0.3112356960773468, 0.15853537619113922, 0.15853537619113922]"
E:\RHNA\1Visual\NCKH\nckh2\products\fe\model\Dataset_Flood\low\img_india_20151202_title-759x500.jpg,low,0,medium,0.5241528153419495,17.988799983868375,0.25059565901756287,"[0.16513754427433014, 0.5241528153419495, 0.2735571563243866, 0.03715244308114052]",high,0.46274513006210327,20.248599990736693,0.07450979948043823,"[0.09803922474384308, 0.38823533058166504, 0.46274513006210327, 0.05098039656877518]",high,0.2929973900318146,99.31180000421591,0.02960306406021118,"[0.24533990025520325, 0.2633943259716034, 0.2929973900318146, 0.19826839864253998]"
E:\RHNA\1Visual\NCKH\nckh2\products\fe\model\Dataset_Flood\low\다운로드 (17).jpg,low,0,low,0.46238917112350464,10.209999978542328,0.17806637287139893,"[0.46238917112350464, 0.14829722046852112, 0.10499082505702972, 0.2843227982521057]",non_flood,0.5568627715110779,11.748899996746331,0.29411765933036804,"[0.26274511218070984, 0.09803922474384308, 0.0784313753247261, 0.5568627715110779]",medium,0.38077598810195923,41.903700010152534,0.1137961745262146,"[0.26697981357574463, 0.38077598810195923, 0.15127688646316528, 0.20096732676029205]"
E:\RHNA\1Visual\NCKH\nckh2\products\fe\model\Dataset_Flood\low\images.jpg,low,0,low,0.47656676173210144,12.36560000688769,0.00879397988319397,"[0.47656676173210144, 0.46777278184890747, 0.0025869670789688826, 0.05307356268167496]",medium,0.5333333611488342,15.202000009594485,0.1254901885986328,"[0.4078431725502014, 0.5333333611488342, 0.011764707043766975, 0.0470588281750679]",non_flood,0.5332280397415161,66.86739998986013,0.3620290160179138,"[0.1243739053606987, 0.1711990386247635, 0.1711990386247635, 0.5332280397415161]"
E:\RHNA\1Visual\NCKH\nckh2\products\fe\model\Dataset_Flood\low\images - 2025-01-28T152051.161.jpg,low,0,medium,0.48449811339378357,17.766599979950115,0.18021070957183838,"[0.3042874038219452, 0.48449811339378357, 0.017514070495963097, 0.19370044767856598]",non_flood,0.48235297203063965,13.415499997790903,0.24705883860588074,"[0.2352941334247589, 0.2352941334247589, 0.04313725605607033, 0.48235297203063965]",non_flood,0.591087281703949,58.9693000074476,0.36444783210754395,"[0.22663944959640503, 0.1533646583557129, 0.028908584266901016, 0.591087281703949]"
E:\RHNA\1Visual\NCKH\nckh2\products\fe\model\Dataset_Flood\low\images - 2025-01-28T152202.438.jpg,low,0,non_flood,0.6480584144592285,19.97329998994246,0.3282475471496582,"[0.3198108673095703, 0.028292404487729073, 0.00383831188082695, 0.6480584144592285]",non_flood,0.729411780834198,28.038899996317923,0.529411792755127,"[0.20000001788139343, 0.05098039656877518, 0.01568627543747425, 0.729411780834198]",low,0.46594753861427307,91.05909999925643,0.0757887065410614,"[0.46594753861427307, 0.11667869985103607, 0.02721497230231762, 0.39015883207321167]"
E:\RHNA\1Visual\NCKH\nckh2\products\fe\model\Dataset_Flood\low\flood_6194.jpg,low,0,medium,0.4199292063713074,13.273999997181818,0.01693865656852722,"[0.40299054980278015, 0.4199292063713074, 0.1434984803199768, 0.03358179330825806]",low,0.3921568989753723,11.431899998569861,0.04705885052680969,"[0.3921568989753723, 0.3450980484485626, 0.21176472306251526, 0.0470588281750679]",non_flood,0.4326286017894745,47.665599995525554,0.20429430902004242,"[0.22833429276943207, 0.15451154112815857, 0.1845255345106125, 0.4326286017894745]"
E:\RHNA\1Visual\NCKH\nckh2\products\fe\model\Dataset_Flood\low\images - 2025-01-28T164431.273.jpg,low,0,low,0.7346147298812866,15.4206000152044,0.585639476776123,"[0.7346147298812866, 0.14897528290748596, 0.05850578472018242, 0.05790430307388306]",low,0.5568627715110779,11.255200020968914,0.35686275362968445,"[0.5568627715110779, 0.20000001788139343, 0.10196079313755035, 0.13333334028720856]",medium,0.32064905762672424,57.098899997072294,0.03239685297012329,"[0.20941153168678284, 0.32064905762672424, 0.1816871166229248, 0.28825220465660095]"
E:\RHNA\1Visual\NCKH\nckh2\products\fe\model\Dataset_Flood\low\image_203.jpeg,low,0,medium,0.8388938307762146,18.738299986580387,0.7466767430305481,"[0.09221706539392471, 0.8388938307762146, 0.06699564307928085, 0.0018934642430394888]",medium,0.7568628191947937,13.455600012093782,0.6392157673835754,"[0.11764706671237946, 0.7568628191947937, 0.11764706671237946, 0.007843137718737125]",high,0.27722328901290894,37.54050002316944,0.019002318382263184,"[0.25822097063064575, 0.22403456270694733, 0.27722328901290894, 0.2405211478471756]"
E:\RHNA\1Visual\NCKH\nckh2\products\fe\model\Dataset_Flood\medium\images - 2025-01-28T164558.649.jpg,medium,1,low,0.43394792079925537,12.077499995939434,0.1413346529006958,"[0.43394792079925537, 0.24520783126354218, 0.028231047093868256, 0.29261326789855957]",low,0.5254902243614197,8.976199984317645,0.2549019753932953,"[0.5254902243614197, 0.2705882489681244, 0.062745101749897, 0.13725490868091583]",medium,0.30259063839912415,40.09249998489395,0.030572324991226196,"[0.22777315974235535, 0.30259063839912415, 0.1976178139448166, 0.27201831340789795]"
E:\RHNA\1Visual\NCKH\nckh2\products\fe\model\Dataset_Flood\medium\38.jpg,medium,1,medium,0.6203584671020508,10.700399987399578,0.32980895042419434,"[0.0821615681052208, 0.6203584671020508, 0.29054951667785645, 0.006930442992597818]",low,0.5176470875740051,13.609199988422915,0.20000001788139343,"[0.5176470875740051, 0.3176470696926117, 0.1098039299249649, 0.05098039656877518]",low,0.5464346408843994,51.75499999313615,0.3049449622631073,"[0.5464346408843994, 0.24148967862129211, 0.1577136218547821, 0.05436205491423607]"
E:\RHNA\1Visual\NCKH\nckh2\products\fe\model\Dataset_Flood\medium\z5675153483527cd80a92c47aaeb3ab9a8fbe5fd9bdaba-1722134771986321631296.webp,medium,1,medium,0.7103907465934753,11.23639999423176,0.5412207841873169,"[0.16916999220848083, 0.7103907465934753, 0.09461182355880737, 0.0258274357765913]",low,0.5098039507865906,10.843000025488436,0.15294119715690613,"[0.5098039507865906, 0.35686275362968445, 0.05490196496248245, 0.07058823853731155]",non_flood,0.4322812557220459,36.2553000159096,0.08293852210044861,"[0.3493427336215973, 0.13394781947135925, 0.08442813158035278, 0.4322812557220459]"
E:\RHNA\1Visual\NCKH\nckh2\products\fe\model\Dataset_Flood\medium\img0412-173554575-1648898672886468709355.jpg,medium,1,medium,0.6046767830848694,16.693000012310222,0.2656860649585724,"[0.053754426538944244, 0.6046767830848694, 0.338990718126297, 0.002578004729002714]",medium,0.5607843399047852,19.207200006349012,0.16862744092941284,"[0.03921568766236305, 0.5607843399047852, 0.3921568989753723, 0.003921568859368563]",low,0.4421566426753998,57.983199978480116,0.17318373918533325,"[0.4421566426753998, 0.26897290349006653, 0.18201127648353577, 0.10685911774635315]"
E:\RHNA\1Visual\NCKH\nckh2\products\fe\model\Dataset_Flood\medium\images - 2025-01-28T164335.071.jpg,medium,1,medium,0.41728007793426514,15.194799983873963,0.09860050678253174,"[0.3186795711517334, 0.41728007793426514, 0.25954654812812805, 0.004493743181228638]",medium,0.41960787773132324,15.389300009701401,0.1254902184009552,"[0.29411765933036804, 0.41960787773132324, 0.2823529541492462, 0.003921568859368563]",low,0.4889555275440216,36.75710002426058,0.20188894867897034,"[0.4889555275440216, 0.28706657886505127, 0.14112383127212524, 0.0828540250658989]"
E:\RHNA\1Visual\NCKH\nckh2\products\fe\model\Dataset_Flood\medium\11111_20240910092935.jpg,medium,1,medium,0.7116610407829285,19.944400002714247,0.44539403915405273,"[0.019898977130651474, 0.7116610407829285, 0.26626700162887573, 0.002172968117520213]",medium,0.5176470875740051,17.91409999714233,0.08627450466156006,"[0.03921568766236305, 0.5176470875740051, 0.43137258291244507, 0.003921568859368563]",non_flood,0.3476942479610443,51.039200014201924,0.10390958189964294,"[0.21150951087474823, 0.24378466606140137, 0.1970115453004837, 0.3476942479610443]"
E:\RHNA\1Visual\NCKH\nckh2\products\fe\model\Dataset_Flood\medium\803102991_1065370649579880_774651092268573661_n.jpg,medium,1,medium,0.7876155376434326,9.12819997756742,0.6102501749992371,"[0.17736537754535675, 0.7876155376434326, 0.02680155448615551, 0.00821754615753889]",medium,0.5490196347236633,9.27030001184903,0.16470587253570557,"[0.38431376218795776, 0.5490196347236633, 0.0313725508749485, 0.0313725508749485]",non_flood,0.49543842673301697,36.07840000768192,0.18316054344177246,"[0.1429949402809143, 0.3122778832912445, 0.049288686364889145, 0.49543842673301697]"
E:\RHNA\1Visual\NCKH\nckh2\products\fe\model\Dataset_Flood\medium\images - 2025-01-28T184948.206.jpg,medium,1,high,0.573131263256073,14.990999974543229,0.22073230147361755,"[0.06753266602754593, 0.35239896178245544, 0.573131263256073, 0.0069370511919260025]",high,0.5411764979362488,14.64259999920614,0.1607843041419983,"[0.07450980693101883, 0.3803921937942505, 0.5411764979362488, 0.003921568859368563]",low,0.3648841679096222,47.62060000211932,0.05935022234916687,"[0.3648841679096222, 0.3055339455604553, 0.17937947809696198, 0.15020249783992767]"
E:\RHNA\1Visual\NCKH\nckh2\products\fe\model\Dataset_Flood\medium\805785436_1065873412862937_6378472947375029280_n.jpg,medium,1,medium,0.6186947226524353,18.462800013367087,0.362326443195343,"[0.0815209448337555, 0.6186947226524353, 0.2563682794570923, 0.0434161014854908]",medium,0.44705885648727417,21.94700000109151,0.054901957511901855,"[0.09019608050584793, 0.44705885648727417, 0.3921568989753723, 0.06666667014360428]",non_flood,0.7328020930290222,98.47510000690818,0.5946719646453857,"[0.1381300985813141, 0.0968494564294815, 0.03221844881772995, 0.7328020930290222]"
E:\RHNA\1Visual\NCKH\nckh2\products\fe\model\Dataset_Flood\medium\803102985_1065370659579879_8461065299246796518_n.jpg,medium,1,medium,0.5154169201850891,15.782999980729073,0.15118315815925598,"[0.36423376202583313, 0.5154169201850891, 0.04130597785115242, 0.07904336601495743]",low,0.5098039507865906,15.471500024432316,0.15294119715690613,"[0.5098039507865906, 0.35686275362968445, 0.05098039656877518, 0.0784313753247261]",high,0.33583271503448486,51.24139998224564,0.03393092751502991,"[0.30190178751945496, 0.19716793298721313, 0.33583271503448486, 0.16509759426116943]"
E:\RHNA\1Visual\NCKH\nckh2\products\fe\model\Dataset_Flood\medium\mua-lu-thai-nguyen-1760069078776-17600690791511790978445.jpg,medium,1,medium,0.8612375855445862,14.06640000641346,0.7596035599708557,"[0.03247172012925148, 0.8612375855445862, 0.10163403302431107, 0.004656731616705656]",medium,0.7058823704719543,11.902199999894947,0.5568627715110779,"[0.07450980693101883, 0.7058823704719543, 0.14901961386203766, 0.06666667014360428]",high,0.29953476786613464,42.41699998965487,0.010448038578033447,"[0.2790030837059021, 0.2890867292881012, 0.29953476786613464, 0.13237549364566803]"
E:\RHNA\1Visual\NCKH\nckh2\products\fe\model\Dataset_Flood\medium\flood_172.jpg,medium,1,medium,0.484822541475296,15.482299990253523,0.262767493724823,"[0.14614112675189972, 0.484822541475296, 0.22205503284931183, 0.1469813585281372]",high,0.4235294461250305,30.05729999858886,0.10196080803871155,"[0.20000001788139343, 0.32156863808631897, 0.4235294461250305, 0.05098039656877518]",non_flood,0.6263077259063721,50.921999994898215,0.4638047218322754,"[0.16250301897525787, 0.08886615931987762, 0.12232311815023422, 0.6263077259063721]"
E:\RHNA\1Visual\NCKH\nckh2\products\fe\model\Dataset_Flood\medium\images - 2025-01-28T153853.563.jpg,medium,1,low,0.6645614504814148,9.648700011894107,0.3557417094707489,"[0.6645614504814148, 0.024105919525027275, 0.002512772334739566, 0.3088197410106659]",low,0.5882353186607361,8.47930001327768,0.21176469326019287,"[0.5882353186607361, 0.027450982481241226, 0.003921568859368563, 0.3764706254005432]",non_flood,0.5619323253631592,34.527999989222735,0.27569857239723206,"[0.2862337529659271, 0.11782650649547577, 0.034007444977760315, 0.5619323253631592]"
E:\RHNA\1Visual\NCKH\nckh2\products\fe\model\Dataset_Flood\medium\1582606863.jpg,medium,1,medium,0.785478413105011,10.96689997939393,0.6207020878791809,"[0.04825226217508316, 0.785478413105011, 0.16477632522583008, 0.00149296666495502]",medium,0.6039215922355652,10.027400014223531,0.3333333432674408,"[0.12156863510608673, 0.6039215922355652, 0.2705882489681244, 0.003921568859368563]",high,0.4593696892261505,38.069100002758205,0.17992573976516724,"[0.2103496640920639, 0.2794439494609833, 0.4593696892261505, 0.050836678594350815]"
E:\RHNA\1Visual\NCKH\nckh2\products\fe\model\Dataset_Flood\medium\noise2.jpeg,medium,1,medium,0.7232688665390015,14.016300003277138,0.48098066449165344,"[0.03126182034611702, 0.7232688665390015, 0.24228820204734802, 0.003181220730766654]",medium,0.7647059559822083,10.589199984678999,0.5725491046905518,"[0.0313725508749485, 0.7647059559822083, 0.19215688109397888, 0.007843137718737125]",high,0.459417462348938,54.88949999562465,0.13729846477508545,"[0.10342003405094147, 0.32211899757385254, 0.459417462348938, 0.11504347622394562]"
E:\RHNA\1Visual\NCKH\nckh2\products\fe\model\Dataset_Flood\medium\image_0166.jpg,medium,1,medium,0.5100129842758179,14.812100009294227,0.1639362871646881,"[0.34607669711112976, 0.5100129842758179, 0.11932940781116486, 0.024580854922533035]",medium,0.4274510145187378,9.317099989857525,0.07058826088905334,"[0.35686275362968445, 0.4274510145187378, 0.1764705926179886, 0.03921568766236305]",high,0.3341972231864929,45.43470000498928,0.04424503445625305,"[0.26065680384635925, 0.28995218873023987, 0.3341972231864929, 0.11519387364387512]"
E:\RHNA\1Visual\NCKH\nckh2\products\fe\model\Dataset_Flood\medium\image_358.jpg,medium,1,medium,0.6823788285255432,11.4307000185363,0.4105743169784546,"[0.2718045115470886, 0.6823788285255432, 0.04227213189005852, 0.003544563427567482]",medium,0.545098066329956,9.755100007168949,0.22745099663734436,"[0.3176470696926117, 0.545098066329956, 0.10588236153125763, 0.027450982481241226]",high,0.3913057744503021,49.052199989091605,0.08610722422599792,"[0.3051985502243042, 0.22973626852035522, 0.3913057744503021, 0.07375948131084442]"
E:\RHNA\1Visual\NCKH\nckh2\products\fe\model\Dataset_Flood\medium\images (61).jpg,medium,1,low,0.48870113492012024,13.782499998342246,0.1285673975944519,"[0.48870113492012024, 0.36013373732566833, 0.14827369153499603, 0.0028914983849972486]",medium,0.4431372880935669,12.53869998618029,0.09019610285758972,"[0.3529411852359772, 0.4431372880935669, 0.20000001788139343, 0.0]",low,0.6082815527915955,50.46930001117289,0.4447515606880188,"[0.6082815527915955, 0.14187991619110107, 0.08630845695734024, 0.16352999210357666]"
E:\RHNA\1Visual\NCKH\nckh2\products\fe\model\Dataset_Flood\medium\nguoi-dan-di-chuyen-bang-do-1726905142020203369784.webp,medium,1,high,0.6074429750442505,17.007799993734807,0.2638399302959442,"[0.04488297179341316, 0.3436030447483063, 0.6074429750442505, 0.0040709939785301685]",high,0.6784313917160034,11.986499972408637,0.4000000059604645,"[0.03529411926865578, 0.27843138575553894, 0.6784313917160034, 0.003921568859368563]",non_flood,0.2629873752593994,42.850400001043454,0.0,"[0.25381413102149963, 0.2629873752593994, 0.22021116316318512, 0.2629873752593994]"
E:\RHNA\1Visual\NCKH\nckh2\products\fe\model\Dataset_Flood\medium\807659213_1065873136196298_5615785750511825525_n.jpg,medium,1,medium,0.529599666595459,13.294899981701747,0.13890907168388367,"[0.3906905949115753, 0.529599666595459, 0.014281327836215496, 0.06542845815420151]",low,0.5843137502670288,11.344099999405444,0.2705882489681244,"[0.5843137502670288, 0.3137255012989044, 0.019607843831181526, 0.08235294371843338]",non_flood,0.6195513606071472,43.41410001507029,0.41344815492630005,"[0.20610322058200836, 0.11270931363105774, 0.0616360604763031, 0.6195513606071472]"
E:\RHNA\1Visual\NCKH\nckh2\products\fe\model\Dataset_Flood\medium\images - 2025-01-28T152117.659.jpg,medium,1,low,0.43522965908050537,11.161799979163334,0.09737655520439148,"[0.43522965908050537, 0.3378531038761139, 0.20700158178806305, 0.019915573298931122]",medium,0.4078431725502014,13.557199999922886,0.05098041892051697,"[0.20784315466880798, 0.4078431725502014, 0.35686275362968445, 0.02352941408753395]",medium,0.4441957473754883,47.588399989763275,0.04487943649291992,"[0.13763967156410217, 0.4441957473754883, 0.39931631088256836, 0.018848346546292305]"
E:\RHNA\1Visual\NCKH\nckh2\products\fe\model\Dataset_Flood\medium\hoi_an_ngap_lut_tro_lai_nguoi_dan_lo_chay_lu_lan_2_.webp,medium,1,medium,0.7774522304534912,11.02760000503622,0.667598307132721,"[0.10985391587018967, 0.7774522304534912, 0.10588966310024261, 0.006804158911108971]",medium,0.6784313917160034,10.462100006407127,0.4470588266849518,"[0.23137256503105164, 0.6784313917160034, 0.06666667014360428, 0.01568627543747425]",non_flood,0.39283397793769836,33.66899999673478,0.16220051050186157,"[0.16170787811279297, 0.2148246467113495, 0.2306334674358368, 0.39283397793769836]"
E:\RHNA\1Visual\NCKH\nckh2\products\fe\model\Dataset_Flood\medium\images (35).jpg,medium,1,medium,0.6254028081893921,13.193499995395541,0.3471132218837738,"[0.2782895863056183, 0.6254028081893921, 0.0935334786772728, 0.0027741100639104843]",medium,0.5254902243614197,10.924400005023926,0.1568627655506134,"[0.3686274588108063, 0.5254902243614197, 0.09803922474384308, 0.003921568859368563]",low,0.5178945064544678,48.032699996838346,0.3047061562538147,"[0.5178945064544678, 0.21318833529949188, 0.1392303854227066, 0.12968680262565613]"
E:\RHNA\1Visual\NCKH\nckh2\products\fe\model\Dataset_Flood\medium\noise4.jpg,medium,1,medium,0.745360791683197,15.870300005190074,0.5712729096412659,"[0.07883234322071075, 0.745360791683197, 0.17408786714076996, 0.0017190176295116544]",medium,0.46274513006210327,10.259700007736683,0.023529410362243652,"[0.0941176563501358, 0.46274513006210327, 0.4392157196998596, 0.0]",low,0.3443855941295624,40.83300000638701,0.0757824182510376,"[0.3443855941295624, 0.25019171833992004, 0.2686031758785248, 0.1368194967508316]"
E:\RHNA\1Visual\NCKH\nckh2\products\fe\model\Dataset_Flood\medium\다운로드 (11) 1.jpg,medium,1,medium,0.5449379682540894,12.164099985966459,0.24501603841781616,"[0.2999219298362732, 0.5449379682540894, 0.14939171075820923, 0.005748406518250704]",medium,0.5529412031173706,10.342699999455363,0.2705882489681244,"[0.2823529541492462, 0.5529412031173706, 0.15294118225574493, 0.007843137718737125]",high,0.533859372138977,45.86999997263774,0.18520310521125793,"[0.09712015092372894, 0.3486562669277191, 0.533859372138977, 0.020364245399832726]"
E:\RHNA\1Visual\NCKH\nckh2\products\fe\model\Dataset_Flood\medium\images (27).jpg,medium,1,medium,0.6893448829650879,14.928100019460544,0.5165652632713318,"[0.1727796047925949, 0.6893448829650879, 0.13558098673820496, 0.0022945126984268427]",medium,0.5490196347236633,10.889199998928234,0.2666666805744171,"[0.1568627506494522, 0.5490196347236633, 0.2823529541492462, 0.007843137718737125]",low,0.3046557903289795,48.29329997301102,0.0,"[0.3046557903289795, 0.3046557903289795, 0.27387481927871704, 0.11681359261274338]"
E:\RHNA\1Visual\NCKH\nckh2\products\fe\model\Dataset_Flood\medium\image_251.png,medium,1,high,0.48912402987480164,9.69710000208579,0.16329950094223022,"[0.3258245289325714, 0.15170162916183472, 0.48912402987480164, 0.033349860459566116]",high,0.6431372761726379,12.365199974738061,0.4000000059604645,"[0.24313727021217346, 0.09019608050584793, 0.6431372761726379, 0.019607843831181526]",low,0.36443084478378296,51.53810000047088,0.05927649140357971,"[0.36443084478378296, 0.30515435338020325, 0.1856316328048706, 0.14478319883346558]"
E:\RHNA\1Visual\NCKH\nckh2\products\fe\model\Dataset_Flood\medium\AKR20200101044751104_09_i.jpg,medium,1,medium,0.730274498462677,13.878800004022196,0.6166356205940247,"[0.10546725243330002, 0.730274498462677, 0.11363889276981354, 0.05061937868595123]",medium,0.4431372880935669,14.596599998185411,0.16078433394432068,"[0.2823529541492462, 0.4431372880935669, 0.06666667014360428, 0.20784315466880798]",low,0.540653645992279,55.26580000878312,0.2930833101272583,"[0.540653645992279, 0.1560450941324234, 0.055730871856212616, 0.24757035076618195]"
E:\RHNA\1Visual\NCKH\nckh2\products\fe\model\Dataset_Flood\medium\image_012.jpg,medium,1,medium,0.7769206166267395,9.52959997812286,0.5895590782165527,"[0.035538025200366974, 0.7769206166267395, 0.18736152350902557, 0.00017981303972192109]",high,0.46666669845581055,8.39169998653233,0.07843136787414551,"[0.12941177189350128, 0.38823533058166504, 0.46666669845581055, 0.011764707043766975]",high,0.44409269094467163,34.43250001873821,0.16417834162712097,"[0.21070373058319092, 0.27991434931755066, 0.44409269094467163, 0.0652892142534256]"
E:\RHNA\1Visual\NCKH\nckh2\products\fe\model\Dataset_Flood\medium\images - 2025-01-28T155421.285.jpg,medium,1,medium,0.5538394451141357,10.299200017470866,0.17078560590744019,"[0.38305383920669556, 0.5538394451141357, 0.055254820734262466, 0.007851874455809593]",low,0.43137258291244507,9.33120000991039,0.0156862735748291,"[0.43137258291244507, 0.41568630933761597, 0.09019608050584793, 0.05882353335618973]",medium,0.3951393961906433,36.722399992868304,0.12775251269340515,"[0.26738688349723816, 0.3951393961906433, 0.20127376914024353, 0.1361999213695526]"
E:\RHNA\1Visual\NCKH\nckh2\products\fe\model\Dataset_Flood\medium\images - 2025-01-28T185102.902.jpg,medium,1,low,0.6836962103843689,8.886399999028072,0.4844776391983032,"[0.6836962103843689, 0.09948279708623886, 0.01760239154100418, 0.19921857118606567]",low,0.6941176652908325,9.022200014442205,0.5019607543945312,"[0.6941176652908325, 0.19215688109397888, 0.03921568766236305, 0.07058823853731155]",medium,0.31707894802093506,36.926800006767735,0.01106002926826477,"[0.3060189187526703, 0.31707894802093506, 0.2751002311706543, 0.10180186480283737]"
E:\RHNA\1Visual\NCKH\nckh2\products\fe\model\Dataset_Flood\medium\다운로드 (14).jpg,medium,1,medium,0.6112439632415771,10.57129999389872,0.296490341424942,"[0.06950122117996216, 0.6112439632415771, 0.31475362181663513, 0.004501239862293005]",medium,0.458823561668396,9.28820000262931,0.054901957511901855,"[0.12156863510608673, 0.458823561668396, 0.40392160415649414, 0.011764707043766975]",high,0.4393228590488434,75.30910000787117,0.21554318070411682,"[0.16844871640205383, 0.22377967834472656, 0.4393228590488434, 0.16844871640205383]"
E:\RHNA\1Visual\NCKH\nckh2\products\fe\model\Dataset_Flood\medium\img14.jpg,medium,1,high,0.43847864866256714,42.65349998604506,0.032442688941955566,"[0.15189293026924133, 0.4060359597206116, 0.43847864866256714, 0.0035924857947975397]",high,0.4941176772117615,64.02459999662824,0.19215688109397888,"[0.19607844948768616, 0.3019607961177826, 0.4941176772117615, 0.003921568859368563]",low,0.32750722765922546,151.6991000098642,0.02244904637336731,"[0.32750722765922546, 0.30505818128585815, 0.20642980933189392, 0.16100472211837769]"
E:\RHNA\1Visual\NCKH\nckh2\products\fe\model\Dataset_Flood\medium\flood_6358.jpg,medium,1,medium,0.783963680267334,31.591200007824227,0.5997132062911987,"[0.18425048887729645, 0.783963680267334, 0.02965661510825157, 0.0021292525343596935]",medium,0.6274510025978088,40.87120000622235,0.3333333432674408,"[0.29411765933036804, 0.6274510025978088, 0.06666667014360428, 0.007843137718737125]",low,0.5591921210289001,121.07930000638589,0.3031328320503235,"[0.5591921210289001, 0.25605928897857666, 0.07934320718050003, 0.10540535300970078]"
E:\RHNA\1Visual\NCKH\nckh2\products\fe\model\Dataset_Flood\medium\image_0428.jpg,medium,1,medium,0.6998318433761597,32.258099992759526,0.47779136896133423,"[0.22204045951366425, 0.6998318433761597, 0.0742848664522171, 0.003842859761789441]",medium,0.5568627715110779,54.56710001453757,0.18431374430656433,"[0.37254902720451355, 0.5568627715110779, 0.05882353335618973, 0.007843137718737125]",high,0.3603847324848175,145.72010000119917,0.036411553621292114,"[0.3239731788635254, 0.2712773084640503, 0.3603847324848175, 0.0443648099899292]"
E:\RHNA\1Visual\NCKH\nckh2\products\fe\model\Dataset_Flood\medium\img12.jpg,medium,1,medium,0.5416889190673828,35.62669997336343,0.20256072282791138,"[0.33912819623947144, 0.5416889190673828, 0.11658293008804321, 0.002599867293611169]",low,0.5215686559677124,35.804999992251396,0.12156862020492554,"[0.5215686559677124, 0.40000003576278687, 0.07450980693101883, 0.003921568859368563]",high,0.3978967070579529,122.54070001654327,0.0763414204120636,"[0.169711634516716, 0.3215552866458893, 0.3978967070579529, 0.11083634197711945]"
E:\RHNA\1Visual\NCKH\nckh2\products\fe\model\Dataset_Flood\medium\image_242.jpg,medium,1,medium,0.7599269151687622,35.03229998750612,0.5492687821388245,"[0.028641341254115105, 0.7599269151687622, 0.21065813302993774, 0.0007736405823379755]",high,0.5529412031173706,42.990799993276596,0.14901959896087646,"[0.03529411926865578, 0.40392160415649414, 0.5529412031173706, 0.003921568859368563]",medium,0.383525013923645,129.6738999953959,0.13305005431175232,"[0.2024182230234146, 0.383525013923645, 0.2504749596118927, 0.16358178853988647]"
E:\RHNA\1Visual\NCKH\nckh2\products\fe\model\Dataset_Flood\medium\AA.34456276.1.jpg,medium,1,medium,0.4755951464176178,43.287299980875105,0.18675711750984192,"[0.10704455524682999, 0.4755951464176178, 0.2888380289077759, 0.12852227687835693]",medium,0.33725491166114807,37.8740000014659,0.0156862735748291,"[0.14901961386203766, 0.33725491166114807, 0.32156863808631897, 0.1882353127002716]",low,0.3672051727771759,129.36859999899752,0.09079381823539734,"[0.3672051727771759, 0.21558675169944763, 0.27641135454177856, 0.14079676568508148]"
E:\RHNA\1Visual\NCKH\nckh2\products\fe\model\Dataset_Flood\medium\images (5).jpg,medium,1,medium,0.6191818714141846,36.046699999133125,0.35773205757141113,"[0.26144981384277344, 0.6191818714141846, 0.11699902266263962, 0.0023693067487329245]",medium,0.48235297203063965,40.7069000066258,0.14509806036949158,"[0.33725491166114807, 0.48235297203063965, 0.1725490242242813, 0.003921568859368563]",low,0.41594362258911133,144.2252999986522,0.0676552951335907,"[0.41594362258911133, 0.34828832745552063, 0.1485525667667389, 0.08721545338630676]"
E:\RHNA\1Visual\NCKH\nckh2\products\fe\model\Dataset_Flood\high\flood_208.jpg,high,2,high,0.5818616151809692,35.04250000696629,0.3941006660461426,"[0.09228098392486572, 0.13809648156166077, 0.5818616151809692, 0.18776093423366547]",high,0.4784314036369324,40.12790002161637,0.07843136787414551,"[0.03921568766236305, 0.0784313753247261, 0.4784314036369324, 0.40000003576278687]",non_flood,0.4260147213935852,119.72409998998046,0.18462499976158142,"[0.16924959421157837, 0.16334600746631622, 0.24138972163200378, 0.4260147213935852]"
E:\RHNA\1Visual\NCKH\nckh2\products\fe\model\Dataset_Flood\high\images (22).jpg,high,2,low,0.3496858477592468,34.1933999734465,0.028728187084197998,"[0.3496858477592468, 0.2096538543701172, 0.32095766067504883, 0.11970263719558716]",high,0.41568630933761597,40.704800019739196,0.14901962876319885,"[0.2666666805744171, 0.2549019753932953, 0.41568630933761597, 0.05490196496248245]",low,0.43623122572898865,135.15669998014346,0.16127201914787292,"[0.43623122572898865, 0.2749592065811157, 0.17957212030887604, 0.10923738777637482]"
E:\RHNA\1Visual\NCKH\nckh2\products\fe\model\Dataset_Flood\high\nha-diva-my-linh-cach-tam-lut-lich-su-40km-bi-ngap-nang-co-len-thuong-qua-thai-nguyen-oi-_9_5_n-1759912630-809-width780height971.jpg,high,2,high,0.8288694620132446,31.867499987129122,0.6697918772697449,"[0.008442406542599201, 0.15907756984233856, 0.8288694620132446, 0.003610552055761218]",high,0.6745098233222961,35.67219999968074,0.4313725531101227,"[0.0470588281750679, 0.24313727021217346, 0.6745098233222961, 0.0313725508749485]",medium,0.36808377504348755,128.37550000404008,0.05987066030502319,"[0.13621078431606293, 0.36808377504348755, 0.30821311473846436, 0.18749234080314636]"
E:\RHNA\1Visual\NCKH\nckh2\products\fe\model\Dataset_Flood\high\a81349fcba3a042928236465e17d5847.jpg,high,2,medium,0.6420639157295227,38.469000020995736,0.308080792427063,"[0.023260168731212616, 0.6420639157295227, 0.3339831233024597, 0.0006927779177203774]",medium,0.4705882668495178,45.03180002211593,0.019607841968536377,"[0.07058823853731155, 0.4705882668495178, 0.45098042488098145, 0.003921568859368563]",high,0.5889453887939453,145.3820999886375,0.33774733543395996,"[0.14233456552028656, 0.25119805335998535, 0.5889453887939453, 0.01752195879817009]"
E:\RHNA\1Visual\NCKH\nckh2\products\fe\model\Dataset_Flood\high\ngap_2_0.webp,high,2,high,0.7026126980781555,34.713300003204495,0.47528547048568726,"[0.023723969236016273, 0.04633616656064987, 0.7026126980781555, 0.22732721269130707]",high,0.5960784554481506,36.123600002611056,0.29019609093666077,"[0.04313725605607033, 0.05098039656877518, 0.5960784554481506, 0.30588236451148987]",low,0.31324970722198486,121.64490000577644,0.050951629877090454,"[0.31324970722198486, 0.2531488537788391, 0.2622980773448944, 0.17130330204963684]"
E:\RHNA\1Visual\NCKH\nckh2\products\fe\model\Dataset_Flood\high\img48.webp,high,2,non_flood,0.4088551104068756,52.92590000317432,0.03670632839202881,"[0.06760358810424805, 0.15139248967170715, 0.3721487820148468, 0.4088551104068756]",non_flood,0.615686297416687,82.406000001356,0.46274513006210327,"[0.0784313753247261, 0.14901961386203766, 0.15294118225574493, 0.615686297416687]",medium,0.3586574196815491,142.64520001597703,0.024584263563156128,"[0.33407315611839294, 0.3586574196815491, 0.19613489508628845, 0.11113453656435013]"
E:\RHNA\1Visual\NCKH\nckh2\products\fe\model\Dataset_Flood\high\Flooded-Home-Car.jpg,high,2,medium,0.5971003770828247,30.03090000129305,0.25684261322021484,"[0.05600006505846977, 0.5971003770828247, 0.34025776386260986, 0.006641810759902]",high,0.5176470875740051,13.058499986073002,0.21176472306251526,"[0.0941176563501358, 0.30588236451148987, 0.5176470875740051, 0.0784313753247261]",medium,0.3669281303882599,61.819099995773286,0.12729236483573914,"[0.16215911507606506, 0.3669281303882599, 0.23127704858779907, 0.23963576555252075]"
E:\RHNA\1Visual\NCKH\nckh2\products\fe\model\Dataset_Flood\high\img.webp,high,2,medium,0.5624350309371948,10.476600000401959,0.2955390512943268,"[0.165254607796669, 0.5624350309371948, 0.26689597964286804, 0.0054144118912518024]",medium,0.6313725709915161,8.668599999509752,0.3843137323856354,"[0.10588236153125763, 0.6313725709915161, 0.24705883860588074, 0.011764707043766975]",high,0.39002349972724915,33.87980000115931,0.0516359806060791,"[0.1549507975578308, 0.33838751912117004, 0.39002349972724915, 0.11663822829723358]"
E:\RHNA\1Visual\NCKH\nckh2\products\fe\model\Dataset_Flood\high\flood_157.jpg,high,2,high,0.5283076763153076,9.640100004617125,0.14084801077842712,"[0.0773388221859932, 0.3874596655368805, 0.5283076763153076, 0.006893795914947987]",high,0.686274528503418,10.122799983946607,0.47843137383461,"[0.06666667014360428, 0.20784315466880798, 0.686274528503418, 0.03529411926865578]",low,0.45468005537986755,33.784200000809506,0.12436079978942871,"[0.45468005537986755, 0.33031925559043884, 0.17433710396289825, 0.04066362977027893]"
E:\RHNA\1Visual\NCKH\nckh2\products\fe\model\Dataset_Flood\high\OIP (32).webp,high,2,high,0.44632819294929504,10.015500010922551,0.09673306345939636,"[0.2009318768978119, 0.3495951294898987, 0.44632819294929504, 0.003144875168800354]",high,0.4274510145187378,10.18760001170449,0.039215683937072754,"[0.1764705926179886, 0.38823533058166504, 0.4274510145187378, 0.003921568859368563]",medium,0.4980742931365967,65.65560001763515,0.24436816573143005,"[0.2537061274051666, 0.4980742931365967, 0.1543346345424652, 0.0938849002122879]"
E:\RHNA\1Visual\NCKH\nckh2\products\fe\model\Dataset_Flood\high\flood_177.jpg,high,2,high,0.7103773951530457,14.671999990241602,0.5065024495124817,"[0.07916885614395142, 0.20387493073940277, 0.7103773951530457, 0.006578776054084301]",high,0.6313725709915161,22.03019999433309,0.37254902720451355,"[0.09803922474384308, 0.25882354378700256, 0.6313725709915161, 0.007843137718737125]",low,0.3648154139518738,52.42490000091493,0.04829862713813782,"[0.3648154139518738, 0.31651678681373596, 0.2650337219238281, 0.053634099662303925]"
E:\RHNA\1Visual\NCKH\nckh2\products\fe\model\Dataset_Flood\high\OIP (31).webp,high,2,medium,0.5297613739967346,41.306600003736094,0.15543100237846375,"[0.09140085428953171, 0.5297613739967346, 0.3743303716182709, 0.004507454577833414]",high,0.5058823823928833,60.14720001257956,0.16862747073173523,"[0.14509804546833038, 0.33725491166114807, 0.5058823823928833, 0.007843137718737125]",medium,0.500670313835144,146.57660000375472,0.23642468452453613,"[0.2642456293106079, 0.500670313835144, 0.1852749139070511, 0.049809180200099945]"
E:\RHNA\1Visual\NCKH\nckh2\products\fe\model\Dataset_Flood\high\texas14n_7_web_adya.jpg,high,2,high,0.6689222455024719,45.66549998708069,0.39479172229766846,"[0.04287261143326759, 0.27413052320480347, 0.6689222455024719, 0.014074631966650486]",high,0.6666666865348816,42.44049999397248,0.4901961088180542,"[0.09803922474384308, 0.1764705926179886, 0.6666666865348816, 0.05490196496248245]",non_flood,0.4267241954803467,134.41930001135916,0.1933663934469223,"[0.18200717866420746, 0.15791088342666626, 0.23335780203342438, 0.4267241954803467]"
E:\RHNA\1Visual\NCKH\nckh2\products\fe\model\Dataset_Flood\high\flood_4762.jpg,high,2,high,0.607853353023529,34.990400017704815,0.3741024136543274,"[0.15552553534507751, 0.23375093936920166, 0.607853353023529, 0.0028701184783130884]",high,0.7490196228027344,40.43009999440983,0.5764706134796143,"[0.07450980693101883, 0.1725490242242813, 0.7490196228027344, 0.0]",low,0.6064019203186035,136.70590001856908,0.3973822593688965,"[0.6064019203186035, 0.20901964604854584, 0.1465534120798111, 0.03802502900362015]"
E:\RHNA\1Visual\NCKH\nckh2\products\fe\model\Dataset_Flood\high\img28.jpg,high,2,high,0.6450119018554688,43.730200006393716,0.32420575618743896,"[0.03076694719493389, 0.3208061456680298, 0.6450119018554688, 0.003415040671825409]",high,0.7254902124404907,40.859000000637025,0.47843137383461,"[0.019607843831181526, 0.24705883860588074, 0.7254902124404907, 0.0]",medium,0.4304219186306,127.01170000946149,0.05698442459106445,"[0.3734374940395355, 0.4304219186306, 0.17100051045417786, 0.025139998644590378]"
E:\RHNA\1Visual\NCKH\nckh2\products\fe\model\Dataset_Flood\high\anh-nha-dan-ngap-den-noc-tai-tan-ky-1759228506727711366464.webp,high,2,high,0.5175663232803345,29.869899997720495,0.09476268291473389,"[0.05385099723935127, 0.4228036403656006, 0.5175663232803345, 0.005779055878520012]",high,0.5254902243614197,39.438200008589774,0.08235293626785278,"[0.02352941408753395, 0.4431372880935669, 0.5254902243614197, 0.003921568859368563]",non_flood,0.3815042972564697,122.52519998583011,0.09432938694953918,"[0.16860085725784302, 0.16271990537643433, 0.28717491030693054, 0.3815042972564697]"
E:\RHNA\1Visual\NCKH\nckh2\products\fe\model\Dataset_Flood\high\img53.png,high,2,medium,0.8399787545204163,29.6216000278946,0.6962012052536011,"[0.015724215656518936, 0.8399787545204163, 0.14377754926681519, 0.0005195190315134823]",medium,0.6509804129600525,36.79849999025464,0.3294117748737335,"[0.02352941408753395, 0.6509804129600525, 0.32156863808631897, 0.0]",high,0.46168583631515503,108.76090000965632,0.13797634840011597,"[0.15358681976795197, 0.32370948791503906, 0.46168583631515503, 0.06101787090301514]"
E:\RHNA\1Visual\NCKH\nckh2\products\fe\model\Dataset_Flood\high\images (1).jpg,high,2,high,0.5497961640357971,38.84920000564307,0.34799250960350037,"[0.20180365443229675, 0.19012703001499176, 0.5497961640357971, 0.058273203670978546]",high,0.6980392336845398,41.518200014252216,0.5568627715110779,"[0.1411764770746231, 0.10588236153125763, 0.6980392336845398, 0.0470588281750679]",non_flood,0.47904518246650696,130.42669999413192,0.2818489372730255,"[0.19031782448291779, 0.13344070315361023, 0.19719624519348145, 0.47904518246650696]"
E:\RHNA\1Visual\NCKH\nckh2\products\fe\model\Dataset_Flood\high\OIP (40).webp,high,2,low,0.4910290241241455,36.37519999756478,0.2822328209877014,"[0.4910290241241455, 0.2087962031364441, 0.18243378400802612, 0.11774105578660965]",low,0.4784314036369324,40.722599980654195,0.14509806036949158,"[0.4784314036369324, 0.3333333432674408, 0.0784313753247261, 0.10588236153125763]",medium,0.3788805902004242,135.68440001108684,0.025970458984375,"[0.238810732960701, 0.3788805902004242, 0.3529101312160492, 0.029398560523986816]"
E:\RHNA\1Visual\NCKH\nckh2\products\fe\model\Dataset_Flood\high\OIP (39).webp,high,2,low,0.4402034282684326,35.971000004792586,0.1706085503101349,"[0.4402034282684326, 0.10359112918376923, 0.26959487795829773, 0.1866106241941452]",high,0.35686275362968445,42.869600001722574,0.10588234663009644,"[0.250980406999588, 0.16078431904315948, 0.35686275362968445, 0.22745099663734436]",high,0.3740231692790985,139.24560000305064,0.0130462646484375,"[0.21193012595176697, 0.360976904630661, 0.3740231692790985, 0.05306977033615112]"
E:\RHNA\1Visual\NCKH\nckh2\products\fe\model\Dataset_Flood\high\1790569740867_6460767276583596373_6460767276583596373_148fba99df2beb60bd9753db9b918adb.jpg,high,2,medium,0.532611072063446,53.149000013945624,0.2761376202106476,"[0.25647345185279846, 0.532611072063446, 0.20158571004867554, 0.009329776279628277]",high,0.364705890417099,47.705199976917356,0.08627450466156006,"[0.2666666805744171, 0.27843138575553894, 0.364705890417099, 0.08627451211214066]",medium,0.568217933177948,146.18150002206676,0.36528122425079346,"[0.20293670892715454, 0.568217933177948, 0.08655693382024765, 0.14228840172290802]"
E:\RHNA\1Visual\NCKH\nckh2\products\fe\model\Dataset_Flood\high\R (1).jpg,high,2,medium,0.7167146801948547,49.05849997885525,0.4521683156490326,"[0.017197001725435257, 0.7167146801948547, 0.26454636454582214, 0.0015419276896864176]",medium,0.5843137502670288,48.42289999942295,0.22745099663734436,"[0.05098039656877518, 0.5843137502670288, 0.35686275362968445, 0.003921568859368563]",low,0.3227933645248413,157.2157999908086,0.05250394344329834,"[0.3227933645248413, 0.20345863699913025, 0.27028942108154297, 0.20345863699913025]"
E:\RHNA\1Visual\NCKH\nckh2\products\fe\model\Dataset_Flood\high\images (6).jpg,high,2,medium,0.4967039227485657,38.44490001210943,0.22561365365982056,"[0.21006882190704346, 0.4967039227485657, 0.2710902690887451, 0.022137057036161423]",medium,0.6274510025978088,44.840200018370524,0.4117647111415863,"[0.13333334028720856, 0.6274510025978088, 0.21568629145622253, 0.019607843831181526]",high,0.4064141809940338,114.851299993461,0.08943188190460205,"[0.24723003804683685, 0.31698229908943176, 0.4064141809940338, 0.029373405501246452]"
E:\RHNA\1Visual\NCKH\nckh2\products\fe\model\Dataset_Flood\high\flood_4856.jpg,high,2,high,0.5528199076652527,30.1047999819275,0.27783387899398804,"[0.14779622852802277, 0.27498602867126465, 0.5528199076652527, 0.024397781118750572]",high,0.4235294461250305,31.3490999978967,0.20784315466880798,"[0.21568629145622253, 0.1882353127002716, 0.4235294461250305, 0.16470588743686676]",low,0.43950745463371277,126.2812000059057,0.2234426736831665,"[0.43950745463371277, 0.15696828067302704, 0.21606478095054626, 0.1874595284461975]"
E:\RHNA\1Visual\NCKH\nckh2\products\fe\model\Dataset_Flood\high\images (5).jpg,high,2,medium,0.47612908482551575,44.64989999542013,0.16783657670021057,"[0.2005433887243271, 0.47612908482551575, 0.3082925081253052, 0.015034953132271767]",non_flood,0.4235294461250305,43.12009998830035,0.21568629145622253,"[0.18039216101169586, 0.20784315466880798, 0.18039216101169586, 0.4235294461250305]",high,0.3456963002681732,126.6347000200767,0.06632611155509949,"[0.24238380789756775, 0.13254965841770172, 0.3456963002681732, 0.27937018871307373]"
E:\RHNA\1Visual\NCKH\nckh2\products\fe\model\Dataset_Flood\non_flood\화면 캡처 2025-03-05 172713.jpg,non_flood,3,non_flood,0.751192569732666,39.30090001085773,0.5157358050346375,"[0.23545677959918976, 0.01139749214053154, 0.001953132450580597, 0.751192569732666]",low,0.4705882668495178,36.22179999365471,0.05882352590560913,"[0.4705882668495178, 0.08235294371843338, 0.0313725508749485, 0.4117647409439087]",medium,0.41334080696105957,162.97409997787327,0.1336372196674347,"[0.2797035872936249, 0.41334080696105957, 0.21054509282112122, 0.09641055017709732]"
E:\RHNA\1Visual\NCKH\nckh2\products\fe\model\Dataset_Flood\non_flood\화면 캡처 2025-03-05 153248.jpg,non_flood,3,non_flood,0.7842787504196167,49.79399999137968,0.5786533355712891,"[0.20562542974948883, 0.008205671794712543, 0.0018901440780609846, 0.7842787504196167]",non_flood,0.8392157554626465,49.02799997944385,0.69019615650177,"[0.14901961386203766, 0.007843137718737125, 0.003921568859368563, 0.8392157554626465]",low,0.4036264419555664,149.54419998684898,0.11039698123931885,"[0.4036264419555664, 0.20559684932231903, 0.0975472554564476, 0.29322946071624756]"
E:\RHNA\1Visual\NCKH\nckh2\products\fe\model\Dataset_Flood\non_flood\다운로드 (44).jpg,non_flood,3,non_flood,0.9224438071250916,28.51959998952225,0.8705463409423828,"[0.05189748480916023, 0.016628319397568703, 0.009030302986502647, 0.9224438071250916]",non_flood,0.9764706492424011,37.81690000323579,0.960784375667572,"[0.01568627543747425, 0.003921568859368563, 0.0, 0.9764706492424011]",low,0.37171345949172974,132.97450001118705,0.12895247340202332,"[0.37171345949172974, 0.24276098608970642, 0.189341202378273, 0.19618427753448486]"
E:\RHNA\1Visual\NCKH\nckh2\products\fe\model\Dataset_Flood\non_flood\화면 캡처 2025-03-05 174829.jpg,non_flood,3,non_flood,0.9630875587463379,47.80090000713244,0.9333491325378418,"[0.029738420620560646, 0.006092359311878681, 0.0010817322181537747, 0.9630875587463379]",non_flood,0.9098039865493774,46.700900013092905,0.8392157554626465,"[0.07058823853731155, 0.01568627543747425, 0.003921568859368563, 0.9098039865493774]",low,0.3676612675189972,155.86500000790693,0.10987681150436401,"[0.3676612675189972, 0.2577844560146332, 0.18727712333202362, 0.18727712333202362]"
E:\RHNA\1Visual\NCKH\nckh2\products\fe\model\Dataset_Flood\non_flood\IMG_5052.jpg,non_flood,3,non_flood,0.4811793863773346,39.11569999763742,0.21521538496017456,"[0.23920242488384247, 0.26596400141716003, 0.013654197566211224, 0.4811793863773346]",low,0.458823561668396,46.69420002028346,0.1882353127002716,"[0.458823561668396, 0.22352942824363708, 0.04313725605607033, 0.2705882489681244]",non_flood,0.5118515491485596,125.9816000238061,0.16548675298690796,"[0.3463647961616516, 0.10732551664113998, 0.03445810079574585, 0.5118515491485596]"
E:\RHNA\1Visual\NCKH\nckh2\products\fe\model\Dataset_Flood\non_flood\화면 캡처 2025-03-05 153348.jpg,non_flood,3,non_flood,0.7820534706115723,42.91920000105165,0.5842724442481995,"[0.1977810263633728, 0.01539270393550396, 0.0047727772034704685, 0.7820534706115723]",non_flood,0.45098042488098145,46.2456000095699,0.019607841968536377,"[0.43137258291244507, 0.07450980693101883, 0.03921568766236305, 0.45098042488098145]",low,0.4485630393028259,140.14649999444373,0.20326247811317444,"[0.4485630393028259, 0.2453005611896515, 0.17199167609214783, 0.13414472341537476]"
E:\RHNA\1Visual\NCKH\nckh2\products\fe\model\Dataset_Flood\non_flood\화면 캡처 2025-03-05 153859.jpg,non_flood,3,non_flood,0.9187889099121094,42.6549999974668,0.8737725019454956,"[0.019571106880903244, 0.04501637816429138, 0.016623690724372864, 0.9187889099121094]",non_flood,0.8274510502815247,61.35350000113249,0.7529412508010864,"[0.03921568766236305, 0.07450980693101883, 0.05882353335618973, 0.8274510502815247]",high,0.5238376259803772,160.02849998767488,0.2923343777656555,"[0.09874117374420166, 0.23150323331356049, 0.5238376259803772, 0.1459178924560547]"
E:\RHNA\1Visual\NCKH\nckh2\products\fe\model\Dataset_Flood\non_flood\화면 캡처 2025-03-05 174553.jpg,non_flood,3,non_flood,0.946790874004364,32.78209999552928,0.8973131775856018,"[0.049477674067020416, 0.0036882860586047173, 4.314157195040025e-05, 0.946790874004364]",non_flood,0.7490196228027344,34.22470000805333,0.5215686559677124,"[0.22745099663734436, 0.019607843831181526, 0.0, 0.7490196228027344]",low,0.5354353785514832,132.40959998802282,0.3573146462440491,"[0.5354353785514832, 0.16591142117977142, 0.12053252011537552, 0.17812074720859528]"
E:\RHNA\1Visual\NCKH\nckh2\products\fe\model\Dataset_Flood\non_flood\화면 캡처 2025-03-05 153735.jpg,non_flood,3,non_flood,0.8472585082054138,50.91520000132732,0.7135588526725769,"[0.13369964063167572, 0.018249189481139183, 0.0007926385151222348, 0.8472585082054138]",non_flood,0.7647059559822083,39.300199976423755,0.5647059679031372,"[0.20000001788139343, 0.027450982481241226, 0.003921568859368563, 0.7647059559822083]",low,0.5065661668777466,185.36810000659898,0.1637779176235199,"[0.5065661668777466, 0.11403373628854752, 0.03661184757947922, 0.3427882492542267]"
E:\RHNA\1Visual\NCKH\nckh2\products\fe\model\Dataset_Flood\non_flood\23031215004403700.jpg,non_flood,3,non_flood,0.8848474025726318,42.9559999902267,0.7996028661727905,"[0.02586008422076702, 0.08524452149868011, 0.004047986585646868, 0.8848474025726318]",non_flood,0.8784314393997192,44.97869999613613,0.8117647767066956,"[0.06666667014360428, 0.0470588281750679, 0.007843137718737125, 0.8784314393997192]",medium,0.3119990825653076,153.66260000155307,0.031522899866104126,"[0.20376235246658325, 0.3119990825653076, 0.20376235246658325, 0.2804761826992035]"
E:\RHNA\1Visual\NCKH\nckh2\products\fe\model\Dataset_Flood\non_flood\화면 캡처 2025-03-05 172356.jpg,non_flood,3,non_flood,0.9308108687400818,45.16690000309609,0.8654599189758301,"[0.06535093486309052, 0.0035012192092835903, 0.0003370096383150667, 0.9308108687400818]",non_flood,0.8549020290374756,45.66649999469519,0.73333340883255,"[0.12156863510608673, 0.019607843831181526, 0.0, 0.8549020290374756]",low,0.3704749643802643,126.29730001208372,0.012922525405883789,"[0.3704749643802643, 0.21750645339488983, 0.05446614697575569, 0.3575524389743805]"
E:\RHNA\1Visual\NCKH\nckh2\products\fe\model\Dataset_Flood\non_flood\화면 캡처 2025-03-05 175812.jpg,non_flood,3,non_flood,0.9570407867431641,47.679000010248274,0.9169673323631287,"[0.0400734581053257, 0.0021378244273364544, 0.0007479398627765477, 0.9570407867431641]",non_flood,0.8941177129745483,42.32980002416298,0.8117647767066956,"[0.08235294371843338, 0.019607843831181526, 0.003921568859368563, 0.8941177129745483]",medium,0.36731430888175964,156.22639999492094,0.10977312922477722,"[0.2575411796569824, 0.36731430888175964, 0.17427553236484528, 0.20086899399757385]"
E:\RHNA\1Visual\NCKH\nckh2\products\fe\model\Dataset_Flood\non_flood\화면 캡처 2025-03-05 152934.jpg,non_flood,3,non_flood,0.9368841648101807,50.7594000082463,0.8792027235031128,"[0.05768141895532608, 0.003947204444557428, 0.0014871859457343817, 0.9368841648101807]",non_flood,0.874509871006012,42.118199984543025,0.760784387588501,"[0.11372549831867218, 0.003921568859368563, 0.003921568859368563, 0.874509871006012]",low,0.45195525884628296,137.04750000033528,0.20479963719844818,"[0.45195525884628296, 0.24715562164783478, 0.14510546624660492, 0.15578368306159973]"
E:\RHNA\1Visual\NCKH\nckh2\products\fe\model\Dataset_Flood\non_flood\1789568749531_282700609501588260_7406490438318140161_bea2323eb3bd6a9504e98226ccf20a6e.jpg,non_flood,3,non_flood,0.41971084475517273,40.65509999054484,0.04486650228500366,"[0.37484434247016907, 0.1379161775112152, 0.06752867251634598, 0.41971084475517273]",non_flood,0.4705882668495178,43.62979999859817,0.1098039448261261,"[0.3607843220233917, 0.10196079313755035, 0.05882353335618973, 0.4705882668495178]",low,0.34875401854515076,132.19619999290444,0.023905426263809204,"[0.34875401854515076, 0.17764626443386078, 0.14875119924545288, 0.32484859228134155]"
E:\RHNA\1Visual\NCKH\nckh2\products\fe\model\Dataset_Flood\non_flood\화면 캡처 2025-03-05 153513.jpg,non_flood,3,non_flood,0.9384998083114624,34.54699998837896,0.8854682445526123,"[0.0530315600335598, 0.007274246774613857, 0.0011944288853555918, 0.9384998083114624]",non_flood,0.8862745761871338,42.90020000189543,0.7843137979507446,"[0.10196079313755035, 0.007843137718737125, 0.0, 0.8862745761871338]",low,0.5026187300682068,137.08310000947677,0.29571858048439026,"[0.5026187300682068, 0.20690014958381653, 0.11723437160253525, 0.17324680089950562]"
E:\RHNA\1Visual\NCKH\nckh2\products\fe\model\Dataset_Flood\non_flood\heavy+rain+and+flooding+safety.jpg,non_flood,3,low,0.5661334991455078,39.226100023370236,0.30590909719467163,"[0.5661334991455078, 0.2602244019508362, 0.11365396529436111, 0.05998824164271355]",low,0.729411780834198,39.62970001157373,0.5372549295425415,"[0.729411780834198, 0.19215688109397888, 0.05882353335618973, 0.011764707043766975]",medium,0.39176395535469055,168.86419997899793,0.05186641216278076,"[0.3398975431919098, 0.39176395535469055, 0.19955439865589142, 0.06878406554460526]"
E:\RHNA\1Visual\NCKH\nckh2\products\fe\model\Dataset_Flood\non_flood\화면 캡처 2025-03-05 181547.jpg,non_flood,3,non_flood,0.7852970957756042,40.17649998422712,0.6823809146881104,"[0.08961643278598785, 0.10291621088981628, 0.022170260548591614, 0.7852970957756042]",non_flood,0.8705883026123047,42.1615999948699,0.8156863451004028,"[0.05098039656877518, 0.05490196496248245, 0.01568627543747425, 0.8705883026123047]",high,0.6375397443771362,159.5060000254307,0.50385981798172,"[0.13367994129657745, 0.12451682239770889, 0.6375397443771362, 0.10426352173089981]"
E:\RHNA\1Visual\NCKH\nckh2\products\fe\model\Dataset_Flood\non_flood\1210_5594_1621.jpg,non_flood,3,non_flood,0.9549580216407776,48.34449998452328,0.9314525127410889,"[0.013666890561580658, 0.02350551076233387, 0.007869681343436241, 0.9549580216407776]",non_flood,0.8823530077934265,49.034499999834225,0.8196079134941101,"[0.02352941408753395, 0.062745101749897, 0.027450982481241226, 0.8823530077934265]",high,0.32043707370758057,144.89500000490807,0.05212068557739258,"[0.20197345316410065, 0.2092730849981308, 0.32043707370758057, 0.268316388130188]"
E:\RHNA\1Visual\NCKH\nckh2\products\fe\model\Dataset_Flood\non_flood\화면 캡처 2025-03-05 153209.jpg,non_flood,3,non_flood,0.8237307071685791,42.86620000493713,0.6554076075553894,"[0.1683230996131897, 0.007494483143091202, 0.0004517695924732834, 0.8237307071685791]",low,0.6235294342041016,49.26480000722222,0.3176470696926117,"[0.6235294342041016, 0.05882353335618973, 0.007843137718737125, 0.30588236451148987]",non_flood,0.400634229183197,133.30700001097284,0.0881599485874176,"[0.3124742805957794, 0.15361441671848297, 0.13327708840370178, 0.400634229183197]"
E:\RHNA\1Visual\NCKH\nckh2\products\fe\model\Dataset_Flood\non_flood\images (41).jpg,non_flood,3,non_flood,0.6210681796073914,43.01279998617247,0.3609567880630493,"[0.26011139154434204, 0.06980771571397781, 0.04901270940899849, 0.6210681796073914]",non_flood,0.49803924560546875,36.84889999567531,0.27450981736183167,"[0.22352942824363708, 0.05882353335618973, 0.21568629145622253, 0.49803924560546875]",high,0.3491281270980835,135.13589999638498,0.035274237394332886,"[0.3138538897037506, 0.23625150322914124, 0.3491281270980835, 0.10076642036437988]"
E:\RHNA\1Visual\NCKH\nckh2\products\fe\model\Dataset_Flood\non_flood\다운로드 (6).jpg,non_flood,3,non_flood,0.8229868412017822,43.55619999114424,0.6648695468902588,"[0.15811732411384583, 0.016444936394691467, 0.0024507842026650906, 0.8229868412017822]",non_flood,0.9215686917304993,47.3026999970898,0.8588235974311829,"[0.062745101749897, 0.007843137718737125, 0.003921568859368563, 0.9215686917304993]",low,0.4288291037082672,139.03839999693446,0.04332685470581055,"[0.4288291037082672, 0.1328781247138977, 0.05279058590531349, 0.38550224900245667]"
E:\RHNA\1Visual\NCKH\nckh2\products\fe\model\Dataset_Flood\non_flood\화면 캡처 2025-03-05 172439.jpg,non_flood,3,non_flood,0.7007942795753479,52.902800001902506,0.44722703099250793,"[0.25356724858283997, 0.04414370283484459, 0.001494753174483776, 0.7007942795753479]",low,0.5176470875740051,54.88290000357665,0.21176472306251526,"[0.5176470875740051, 0.13725490868091583, 0.03529411926865578, 0.30588236451148987]",non_flood,0.5104160904884338,139.10900001064874,0.2504233717918396,"[0.25999271869659424, 0.18229301273822784, 0.04729810357093811, 0.5104160904884338]"
E:\RHNA\1Visual\NCKH\nckh2\products\fe\model\Dataset_Flood\non_flood\images (20).jpg,non_flood,3,non_flood,0.8861101269721985,40.17690001637675,0.8268061280250549,"[0.059304025024175644, 0.0382530577480793, 0.016332799568772316, 0.8861101269721985]",non_flood,0.9058824181556702,55.150499974843115,0.8509804606437683,"[0.05490196496248245, 0.027450982481241226, 0.007843137718737125, 0.9058824181556702]",medium,0.45908084511756897,161.76760001690127,0.1371978521347046,"[0.13250130414962769, 0.45908084511756897, 0.3218829929828644, 0.08653479814529419]"
E:\RHNA\1Visual\NCKH\nckh2\products\fe\model\Dataset_Flood\non_flood\화면 캡처 2025-03-05 153800.jpg,non_flood,3,non_flood,0.9515349864959717,49.609400011831895,0.9080850481987,"[0.04344996064901352, 0.0045575471594929695, 0.00045748043339699507, 0.9515349864959717]",non_flood,0.9254902601242065,48.226899991277605,0.8627451658248901,"[0.062745101749897, 0.003921568859368563, 0.003921568859368563, 0.9254902601242065]",high,0.32631245255470276,164.1851000022143,0.053076356649398804,"[0.15482184290885925, 0.24562960863113403, 0.32631245255470276, 0.27323609590530396]"
E:\RHNA\1Visual\NCKH\nckh2\products\fe\model\Dataset_Flood\non_flood\다운로드 (39) 3.jpg,non_flood,3,non_flood,0.769281804561615,32.22809999715537,0.5539171695709229,"[0.21536463499069214, 0.009056339971721172, 0.006297262851148844, 0.769281804561615]",non_flood,0.6392157077789307,35.06250001373701,0.30980393290519714,"[0.3294117748737335, 0.019607843831181526, 0.007843137718737125, 0.6392157077789307]",low,0.29769977927207947,139.2143999983091,0.020405888557434082,"[0.29769977927207947, 0.20873120427131653, 0.21627508103847504, 0.2772938907146454]"
E:\RHNA\1Visual\NCKH\nckh2\products\fe\model\Dataset_Flood\non_flood\images - 2025-01-28T185039.760.jpg,non_flood,3,non_flood,0.500496506690979,48.14319999422878,0.13068914413452148,"[0.3698073625564575, 0.12126240879297256, 0.008433744311332703, 0.500496506690979]",non_flood,0.4117647409439087,48.00070001510903,0.08235296607017517,"[0.3294117748737335, 0.23137256503105164, 0.027450982481241226, 0.4117647409439087]",low,0.5067138075828552,142.23759999731556,0.2746848165988922,"[0.5067138075828552, 0.232028990983963, 0.19428831338882446, 0.06696891039609909]"
E:\RHNA\1Visual\NCKH\nckh2\products\fe\model\Dataset_Flood\non_flood\화면 캡처 2025-03-05 164447.jpg,non_flood,3,low,0.7980915904045105,47.643300000345334,0.706419050693512,"[0.7980915904045105, 0.04828643053770065, 0.06194940209388733, 0.09167251735925674]",low,0.501960813999176,45.01289999461733,0.2549019753932953,"[0.501960813999176, 0.14901961386203766, 0.24705883860588074, 0.09803922474384308]",medium,0.35012534260749817,171.46949999732897,0.035374999046325684,"[0.3147503435611725, 0.35012534260749817, 0.2055591642856598, 0.12956519424915314]"
