profile_id,unresponsive,respiratory_distress_or_cyanosis,heavy_bleeding,active_convulsions,high_risk_trauma,urgency_label,label_basis,source_ids,active_source_mapped_signs,feature_semantics,generation_method,builder_sha256,llm_generated_row,random_sampling,clinical_ground_truth,dataset_version
src-v5-001,0,0,0,0,0,0,urgency_label=1 iff at least one of the five selected WHO-IITT RED signs is present; otherwise 0 means no selected mapped RED sign is present.,S2,,Each flag is group-level: 1 means at least one person in the rescue report has the observable sign.,deterministic_exhaustive_2pow5_boolean_enumeration,88abf0e54a8a8735d225abcab356a66e5c2845570912cbf05f0e79bd7b73bb0f,false,false,false,5.0.0
src-v5-002,0,0,0,0,1,1,urgency_label=1 iff at least one of the five selected WHO-IITT RED signs is present; otherwise 0 means no selected mapped RED sign is present.,S2;S7,high_risk_trauma,Each flag is group-level: 1 means at least one person in the rescue report has the observable sign.,deterministic_exhaustive_2pow5_boolean_enumeration,88abf0e54a8a8735d225abcab356a66e5c2845570912cbf05f0e79bd7b73bb0f,false,false,false,5.0.0
src-v5-003,0,0,0,1,0,1,urgency_label=1 iff at least one of the five selected WHO-IITT RED signs is present; otherwise 0 means no selected mapped RED sign is present.,S2,active_convulsions,Each flag is group-level: 1 means at least one person in the rescue report has the observable sign.,deterministic_exhaustive_2pow5_boolean_enumeration,88abf0e54a8a8735d225abcab356a66e5c2845570912cbf05f0e79bd7b73bb0f,false,false,false,5.0.0
src-v5-004,0,0,0,1,1,1,urgency_label=1 iff at least one of the five selected WHO-IITT RED signs is present; otherwise 0 means no selected mapped RED sign is present.,S2;S7,active_convulsions;high_risk_trauma,Each flag is group-level: 1 means at least one person in the rescue report has the observable sign.,deterministic_exhaustive_2pow5_boolean_enumeration,88abf0e54a8a8735d225abcab356a66e5c2845570912cbf05f0e79bd7b73bb0f,false,false,false,5.0.0
src-v5-005,0,0,1,0,0,1,urgency_label=1 iff at least one of the five selected WHO-IITT RED signs is present; otherwise 0 means no selected mapped RED sign is present.,S2,heavy_bleeding,Each flag is group-level: 1 means at least one person in the rescue report has the observable sign.,deterministic_exhaustive_2pow5_boolean_enumeration,88abf0e54a8a8735d225abcab356a66e5c2845570912cbf05f0e79bd7b73bb0f,false,false,false,5.0.0
src-v5-006,0,0,1,0,1,1,urgency_label=1 iff at least one of the five selected WHO-IITT RED signs is present; otherwise 0 means no selected mapped RED sign is present.,S2;S7,heavy_bleeding;high_risk_trauma,Each flag is group-level: 1 means at least one person in the rescue report has the observable sign.,deterministic_exhaustive_2pow5_boolean_enumeration,88abf0e54a8a8735d225abcab356a66e5c2845570912cbf05f0e79bd7b73bb0f,false,false,false,5.0.0
src-v5-007,0,0,1,1,0,1,urgency_label=1 iff at least one of the five selected WHO-IITT RED signs is present; otherwise 0 means no selected mapped RED sign is present.,S2,heavy_bleeding;active_convulsions,Each flag is group-level: 1 means at least one person in the rescue report has the observable sign.,deterministic_exhaustive_2pow5_boolean_enumeration,88abf0e54a8a8735d225abcab356a66e5c2845570912cbf05f0e79bd7b73bb0f,false,false,false,5.0.0
src-v5-008,0,0,1,1,1,1,urgency_label=1 iff at least one of the five selected WHO-IITT RED signs is present; otherwise 0 means no selected mapped RED sign is present.,S2;S7,heavy_bleeding;active_convulsions;high_risk_trauma,Each flag is group-level: 1 means at least one person in the rescue report has the observable sign.,deterministic_exhaustive_2pow5_boolean_enumeration,88abf0e54a8a8735d225abcab356a66e5c2845570912cbf05f0e79bd7b73bb0f,false,false,false,5.0.0
src-v5-009,0,1,0,0,0,1,urgency_label=1 iff at least one of the five selected WHO-IITT RED signs is present; otherwise 0 means no selected mapped RED sign is present.,S2;S7,respiratory_distress_or_cyanosis,Each flag is group-level: 1 means at least one person in the rescue report has the observable sign.,deterministic_exhaustive_2pow5_boolean_enumeration,88abf0e54a8a8735d225abcab356a66e5c2845570912cbf05f0e79bd7b73bb0f,false,false,false,5.0.0
src-v5-010,0,1,0,0,1,1,urgency_label=1 iff at least one of the five selected WHO-IITT RED signs is present; otherwise 0 means no selected mapped RED sign is present.,S2;S7,respiratory_distress_or_cyanosis;high_risk_trauma,Each flag is group-level: 1 means at least one person in the rescue report has the observable sign.,deterministic_exhaustive_2pow5_boolean_enumeration,88abf0e54a8a8735d225abcab356a66e5c2845570912cbf05f0e79bd7b73bb0f,false,false,false,5.0.0
src-v5-011,0,1,0,1,0,1,urgency_label=1 iff at least one of the five selected WHO-IITT RED signs is present; otherwise 0 means no selected mapped RED sign is present.,S2;S7,respiratory_distress_or_cyanosis;active_convulsions,Each flag is group-level: 1 means at least one person in the rescue report has the observable sign.,deterministic_exhaustive_2pow5_boolean_enumeration,88abf0e54a8a8735d225abcab356a66e5c2845570912cbf05f0e79bd7b73bb0f,false,false,false,5.0.0
src-v5-012,0,1,0,1,1,1,urgency_label=1 iff at least one of the five selected WHO-IITT RED signs is present; otherwise 0 means no selected mapped RED sign is present.,S2;S7,respiratory_distress_or_cyanosis;active_convulsions;high_risk_trauma,Each flag is group-level: 1 means at least one person in the rescue report has the observable sign.,deterministic_exhaustive_2pow5_boolean_enumeration,88abf0e54a8a8735d225abcab356a66e5c2845570912cbf05f0e79bd7b73bb0f,false,false,false,5.0.0
src-v5-013,0,1,1,0,0,1,urgency_label=1 iff at least one of the five selected WHO-IITT RED signs is present; otherwise 0 means no selected mapped RED sign is present.,S2;S7,respiratory_distress_or_cyanosis;heavy_bleeding,Each flag is group-level: 1 means at least one person in the rescue report has the observable sign.,deterministic_exhaustive_2pow5_boolean_enumeration,88abf0e54a8a8735d225abcab356a66e5c2845570912cbf05f0e79bd7b73bb0f,false,false,false,5.0.0
src-v5-014,0,1,1,0,1,1,urgency_label=1 iff at least one of the five selected WHO-IITT RED signs is present; otherwise 0 means no selected mapped RED sign is present.,S2;S7,respiratory_distress_or_cyanosis;heavy_bleeding;high_risk_trauma,Each flag is group-level: 1 means at least one person in the rescue report has the observable sign.,deterministic_exhaustive_2pow5_boolean_enumeration,88abf0e54a8a8735d225abcab356a66e5c2845570912cbf05f0e79bd7b73bb0f,false,false,false,5.0.0
src-v5-015,0,1,1,1,0,1,urgency_label=1 iff at least one of the five selected WHO-IITT RED signs is present; otherwise 0 means no selected mapped RED sign is present.,S2;S7,respiratory_distress_or_cyanosis;heavy_bleeding;active_convulsions,Each flag is group-level: 1 means at least one person in the rescue report has the observable sign.,deterministic_exhaustive_2pow5_boolean_enumeration,88abf0e54a8a8735d225abcab356a66e5c2845570912cbf05f0e79bd7b73bb0f,false,false,false,5.0.0
src-v5-016,0,1,1,1,1,1,urgency_label=1 iff at least one of the five selected WHO-IITT RED signs is present; otherwise 0 means no selected mapped RED sign is present.,S2;S7,respiratory_distress_or_cyanosis;heavy_bleeding;active_convulsions;high_risk_trauma,Each flag is group-level: 1 means at least one person in the rescue report has the observable sign.,deterministic_exhaustive_2pow5_boolean_enumeration,88abf0e54a8a8735d225abcab356a66e5c2845570912cbf05f0e79bd7b73bb0f,false,false,false,5.0.0
src-v5-017,1,0,0,0,0,1,urgency_label=1 iff at least one of the five selected WHO-IITT RED signs is present; otherwise 0 means no selected mapped RED sign is present.,S2,unresponsive,Each flag is group-level: 1 means at least one person in the rescue report has the observable sign.,deterministic_exhaustive_2pow5_boolean_enumeration,88abf0e54a8a8735d225abcab356a66e5c2845570912cbf05f0e79bd7b73bb0f,false,false,false,5.0.0
src-v5-018,1,0,0,0,1,1,urgency_label=1 iff at least one of the five selected WHO-IITT RED signs is present; otherwise 0 means no selected mapped RED sign is present.,S2;S7,unresponsive;high_risk_trauma,Each flag is group-level: 1 means at least one person in the rescue report has the observable sign.,deterministic_exhaustive_2pow5_boolean_enumeration,88abf0e54a8a8735d225abcab356a66e5c2845570912cbf05f0e79bd7b73bb0f,false,false,false,5.0.0
src-v5-019,1,0,0,1,0,1,urgency_label=1 iff at least one of the five selected WHO-IITT RED signs is present; otherwise 0 means no selected mapped RED sign is present.,S2,unresponsive;active_convulsions,Each flag is group-level: 1 means at least one person in the rescue report has the observable sign.,deterministic_exhaustive_2pow5_boolean_enumeration,88abf0e54a8a8735d225abcab356a66e5c2845570912cbf05f0e79bd7b73bb0f,false,false,false,5.0.0
src-v5-020,1,0,0,1,1,1,urgency_label=1 iff at least one of the five selected WHO-IITT RED signs is present; otherwise 0 means no selected mapped RED sign is present.,S2;S7,unresponsive;active_convulsions;high_risk_trauma,Each flag is group-level: 1 means at least one person in the rescue report has the observable sign.,deterministic_exhaustive_2pow5_boolean_enumeration,88abf0e54a8a8735d225abcab356a66e5c2845570912cbf05f0e79bd7b73bb0f,false,false,false,5.0.0
src-v5-021,1,0,1,0,0,1,urgency_label=1 iff at least one of the five selected WHO-IITT RED signs is present; otherwise 0 means no selected mapped RED sign is present.,S2,unresponsive;heavy_bleeding,Each flag is group-level: 1 means at least one person in the rescue report has the observable sign.,deterministic_exhaustive_2pow5_boolean_enumeration,88abf0e54a8a8735d225abcab356a66e5c2845570912cbf05f0e79bd7b73bb0f,false,false,false,5.0.0
src-v5-022,1,0,1,0,1,1,urgency_label=1 iff at least one of the five selected WHO-IITT RED signs is present; otherwise 0 means no selected mapped RED sign is present.,S2;S7,unresponsive;heavy_bleeding;high_risk_trauma,Each flag is group-level: 1 means at least one person in the rescue report has the observable sign.,deterministic_exhaustive_2pow5_boolean_enumeration,88abf0e54a8a8735d225abcab356a66e5c2845570912cbf05f0e79bd7b73bb0f,false,false,false,5.0.0
src-v5-023,1,0,1,1,0,1,urgency_label=1 iff at least one of the five selected WHO-IITT RED signs is present; otherwise 0 means no selected mapped RED sign is present.,S2,unresponsive;heavy_bleeding;active_convulsions,Each flag is group-level: 1 means at least one person in the rescue report has the observable sign.,deterministic_exhaustive_2pow5_boolean_enumeration,88abf0e54a8a8735d225abcab356a66e5c2845570912cbf05f0e79bd7b73bb0f,false,false,false,5.0.0
src-v5-024,1,0,1,1,1,1,urgency_label=1 iff at least one of the five selected WHO-IITT RED signs is present; otherwise 0 means no selected mapped RED sign is present.,S2;S7,unresponsive;heavy_bleeding;active_convulsions;high_risk_trauma,Each flag is group-level: 1 means at least one person in the rescue report has the observable sign.,deterministic_exhaustive_2pow5_boolean_enumeration,88abf0e54a8a8735d225abcab356a66e5c2845570912cbf05f0e79bd7b73bb0f,false,false,false,5.0.0
src-v5-025,1,1,0,0,0,1,urgency_label=1 iff at least one of the five selected WHO-IITT RED signs is present; otherwise 0 means no selected mapped RED sign is present.,S2;S7,unresponsive;respiratory_distress_or_cyanosis,Each flag is group-level: 1 means at least one person in the rescue report has the observable sign.,deterministic_exhaustive_2pow5_boolean_enumeration,88abf0e54a8a8735d225abcab356a66e5c2845570912cbf05f0e79bd7b73bb0f,false,false,false,5.0.0
src-v5-026,1,1,0,0,1,1,urgency_label=1 iff at least one of the five selected WHO-IITT RED signs is present; otherwise 0 means no selected mapped RED sign is present.,S2;S7,unresponsive;respiratory_distress_or_cyanosis;high_risk_trauma,Each flag is group-level: 1 means at least one person in the rescue report has the observable sign.,deterministic_exhaustive_2pow5_boolean_enumeration,88abf0e54a8a8735d225abcab356a66e5c2845570912cbf05f0e79bd7b73bb0f,false,false,false,5.0.0
src-v5-027,1,1,0,1,0,1,urgency_label=1 iff at least one of the five selected WHO-IITT RED signs is present; otherwise 0 means no selected mapped RED sign is present.,S2;S7,unresponsive;respiratory_distress_or_cyanosis;active_convulsions,Each flag is group-level: 1 means at least one person in the rescue report has the observable sign.,deterministic_exhaustive_2pow5_boolean_enumeration,88abf0e54a8a8735d225abcab356a66e5c2845570912cbf05f0e79bd7b73bb0f,false,false,false,5.0.0
src-v5-028,1,1,0,1,1,1,urgency_label=1 iff at least one of the five selected WHO-IITT RED signs is present; otherwise 0 means no selected mapped RED sign is present.,S2;S7,unresponsive;respiratory_distress_or_cyanosis;active_convulsions;high_risk_trauma,Each flag is group-level: 1 means at least one person in the rescue report has the observable sign.,deterministic_exhaustive_2pow5_boolean_enumeration,88abf0e54a8a8735d225abcab356a66e5c2845570912cbf05f0e79bd7b73bb0f,false,false,false,5.0.0
src-v5-029,1,1,1,0,0,1,urgency_label=1 iff at least one of the five selected WHO-IITT RED signs is present; otherwise 0 means no selected mapped RED sign is present.,S2;S7,unresponsive;respiratory_distress_or_cyanosis;heavy_bleeding,Each flag is group-level: 1 means at least one person in the rescue report has the observable sign.,deterministic_exhaustive_2pow5_boolean_enumeration,88abf0e54a8a8735d225abcab356a66e5c2845570912cbf05f0e79bd7b73bb0f,false,false,false,5.0.0
src-v5-030,1,1,1,0,1,1,urgency_label=1 iff at least one of the five selected WHO-IITT RED signs is present; otherwise 0 means no selected mapped RED sign is present.,S2;S7,unresponsive;respiratory_distress_or_cyanosis;heavy_bleeding;high_risk_trauma,Each flag is group-level: 1 means at least one person in the rescue report has the observable sign.,deterministic_exhaustive_2pow5_boolean_enumeration,88abf0e54a8a8735d225abcab356a66e5c2845570912cbf05f0e79bd7b73bb0f,false,false,false,5.0.0
src-v5-031,1,1,1,1,0,1,urgency_label=1 iff at least one of the five selected WHO-IITT RED signs is present; otherwise 0 means no selected mapped RED sign is present.,S2;S7,unresponsive;respiratory_distress_or_cyanosis;heavy_bleeding;active_convulsions,Each flag is group-level: 1 means at least one person in the rescue report has the observable sign.,deterministic_exhaustive_2pow5_boolean_enumeration,88abf0e54a8a8735d225abcab356a66e5c2845570912cbf05f0e79bd7b73bb0f,false,false,false,5.0.0
src-v5-032,1,1,1,1,1,1,urgency_label=1 iff at least one of the five selected WHO-IITT RED signs is present; otherwise 0 means no selected mapped RED sign is present.,S2;S7,unresponsive;respiratory_distress_or_cyanosis;heavy_bleeding;active_convulsions;high_risk_trauma,Each flag is group-level: 1 means at least one person in the rescue report has the observable sign.,deterministic_exhaustive_2pow5_boolean_enumeration,88abf0e54a8a8735d225abcab356a66e5c2845570912cbf05f0e79bd7b73bb0f,false,false,false,5.0.0
