method,scenario,metric,direction,mean_stress_minus_baseline,bootstrap_ci95_low,bootstrap_ci95_high,paired_runs,bootstrap_resamples
product_cij_louvain,gps_noise_100m,ari_original,higher,-0.011587864765788556,-0.019484257117603473,-0.0042808634959465375,40,5000
product_cij_louvain,gps_noise_100m,pair_f1_original,higher,-0.01073783716003148,-0.017903518078607975,-0.004004491924676198,40,5000
product_cij_louvain,gps_noise_100m,ari_all,higher,-0.011587864765788556,-0.01951338599164816,-0.0042027999534987055,40,5000
product_cij_louvain,gps_noise_100m,pair_f1_all,higher,-0.01073783716003148,-0.0181375444564124,-0.00395096082393422,40,5000
product_cij_louvain,gps_noise_100m,fake_absorption_rate_all,lower,0.0,0.0,0.0,40,5000
product_cij_louvain,gps_noise_100m,fake_rejection_rate_all,descriptive,0.0,0.0,0.0,40,5000
product_cij_louvain,gps_noise_100m,genuine_rejection_rate_all,lower,0.0,0.0,0.0,40,5000
product_cij_louvain,gps_noise_100m,false_destination_rate_all,lower,-0.20894607843137272,-0.636029411764706,0.1324142156862735,40,5000
product_cij_louvain,gps_noise_100m,retained_edge_fraction,descriptive,0.00023531968978287958,0.00017707274270473906,0.00029306135874927915,40,5000
product_cij_louvain,gps_noise_100m,mean_degree,descriptive,0.07687595895792612,0.05819183941369192,0.09570725549668715,40,5000
product_cij_louvain,gps_noise_300m,ari_original,higher,-0.1256014118221726,-0.1455068042124393,-0.10539265392715942,40,5000
product_cij_louvain,gps_noise_300m,pair_f1_original,higher,-0.11551054432108723,-0.13365987598090892,-0.09758414930587646,40,5000
product_cij_louvain,gps_noise_300m,ari_all,higher,-0.1256014118221726,-0.1456039801099557,-0.10588804128043723,40,5000
product_cij_louvain,gps_noise_300m,pair_f1_all,higher,-0.11551054432108723,-0.13426776620837003,-0.09818884738020205,40,5000
product_cij_louvain,gps_noise_300m,fake_absorption_rate_all,lower,0.0,0.0,0.0,40,5000
product_cij_louvain,gps_noise_300m,fake_rejection_rate_all,descriptive,0.0,0.0,0.0,40,5000
product_cij_louvain,gps_noise_300m,genuine_rejection_rate_all,lower,0.0,0.0,0.0,40,5000
product_cij_louvain,gps_noise_300m,false_destination_rate_all,lower,1.7274264800387087,1.0014523074749462,2.3925127764499847,40,5000
product_cij_louvain,gps_noise_300m,retained_edge_fraction,descriptive,0.0006285281433211852,0.0005069725126881019,0.0007483934900338053,40,5000
product_cij_louvain,gps_noise_300m,mean_degree,descriptive,0.20690044689872344,0.16569242042563534,0.24617699822612618,40,5000
product_cij_louvain,time_noise_15min,ari_original,higher,-0.034975884619382766,-0.04723377274498115,-0.02327113090898923,40,5000
product_cij_louvain,time_noise_15min,pair_f1_original,higher,-0.03223785273145625,-0.04374664222858445,-0.021528846281338238,40,5000
product_cij_louvain,time_noise_15min,ari_all,higher,-0.034975884619382766,-0.04757759698397403,-0.023280445058894206,40,5000
product_cij_louvain,time_noise_15min,pair_f1_all,higher,-0.03223785273145625,-0.04340264830392267,-0.021359901150149956,40,5000
product_cij_louvain,time_noise_15min,fake_absorption_rate_all,lower,0.0,0.0,0.0,40,5000
product_cij_louvain,time_noise_15min,fake_rejection_rate_all,descriptive,0.0,0.0,0.0,40,5000
product_cij_louvain,time_noise_15min,genuine_rejection_rate_all,lower,0.0,0.0,0.0,40,5000
product_cij_louvain,time_noise_15min,false_destination_rate_all,lower,0.5349479704162365,-0.042608359133127195,1.0828587246302028,40,5000
product_cij_louvain,time_noise_15min,retained_edge_fraction,descriptive,6.496455640454917e-05,-2.967997199815728e-05,0.00015642072362462268,40,5000
product_cij_louvain,time_noise_15min,mean_degree,descriptive,0.021596368545867283,-0.011039570725885468,0.052380468343252495,40,5000
product_cij_louvain,time_noise_60min,ari_original,higher,-0.16302288567180334,-0.18780401757267473,-0.13757275256890006,40,5000
product_cij_louvain,time_noise_60min,pair_f1_original,higher,-0.15018300485205235,-0.17307830724021367,-0.12690920244486628,40,5000
product_cij_louvain,time_noise_60min,ari_all,higher,-0.16302288567180334,-0.18807385181604638,-0.1384478177206588,40,5000
product_cij_louvain,time_noise_60min,pair_f1_all,higher,-0.15018300485205235,-0.17372148257271602,-0.12715422439179194,40,5000
product_cij_louvain,time_noise_60min,fake_absorption_rate_all,lower,0.0,0.0,0.0,40,5000
product_cij_louvain,time_noise_60min,fake_rejection_rate_all,descriptive,0.0,0.0,0.0,40,5000
product_cij_louvain,time_noise_60min,genuine_rejection_rate_all,lower,0.0,0.0,0.0,40,5000
product_cij_louvain,time_noise_60min,false_destination_rate_all,lower,2.836031561747505,2.126050113027667,3.560617536488278,40,5000
product_cij_louvain,time_noise_60min,retained_edge_fraction,descriptive,-0.00018984335399854823,-0.00033840181373345356,-3.8489745097395435e-05,40,5000
product_cij_louvain,time_noise_60min,mean_degree,descriptive,-0.06270726869158558,-0.11192058511381014,-0.013707870265622686,40,5000
product_cij_louvain,exact_transport_copy_2x,ari_original,higher,0.026941890777175535,0.015448784194240776,0.038506657714005486,40,5000
product_cij_louvain,exact_transport_copy_2x,pair_f1_original,higher,0.024658592591703537,0.013691738035182352,0.03510599310597154,40,5000
product_cij_louvain,exact_transport_copy_2x,ari_all,higher,0.028667358194952412,0.017190457532515406,0.040402299794816014,40,5000
product_cij_louvain,exact_transport_copy_2x,pair_f1_all,higher,0.026384537349229853,0.015882032046766085,0.03705505655810751,40,5000
product_cij_louvain,exact_transport_copy_2x,fake_absorption_rate_all,lower,0.0,0.0,0.0,40,5000
product_cij_louvain,exact_transport_copy_2x,fake_rejection_rate_all,descriptive,0.0,0.0,0.0,40,5000
product_cij_louvain,exact_transport_copy_2x,genuine_rejection_rate_all,lower,0.0,0.0,0.0,40,5000
product_cij_louvain,exact_transport_copy_2x,false_destination_rate_all,lower,0.46497063737775735,-0.5300361427465732,1.500855194051304,40,5000
product_cij_louvain,exact_transport_copy_2x,retained_edge_fraction,descriptive,-0.014370374210141723,-0.01460793704792911,-0.014142363861566169,40,5000
product_cij_louvain,exact_transport_copy_2x,mean_degree,descriptive,0.4654851958552129,0.42678187327971767,0.5058357939998943,40,5000
product_cij_louvain,exact_transport_copy_5x,ari_original,higher,-0.6107969632103082,-0.6317899170802675,-0.5880567073734004,40,5000
product_cij_louvain,exact_transport_copy_5x,pair_f1_original,higher,-0.6030505344143333,-0.6225021819017775,-0.58260669471501,40,5000
product_cij_louvain,exact_transport_copy_5x,ari_all,higher,-0.562253524949144,-0.5828795111045207,-0.5400770650563389,40,5000
product_cij_louvain,exact_transport_copy_5x,pair_f1_all,higher,-0.5527626986230141,-0.5726157815432412,-0.5322399072803821,40,5000
product_cij_louvain,exact_transport_copy_5x,fake_absorption_rate_all,lower,0.0,0.0,0.0,40,5000
product_cij_louvain,exact_transport_copy_5x,fake_rejection_rate_all,descriptive,0.0,0.0,0.0,40,5000
product_cij_louvain,exact_transport_copy_5x,genuine_rejection_rate_all,lower,0.0,0.0,0.0,40,5000
product_cij_louvain,exact_transport_copy_5x,false_destination_rate_all,lower,1.976994563946287,1.0631040726580467,2.8824011422233125,40,5000
product_cij_louvain,exact_transport_copy_5x,retained_edge_fraction,descriptive,-0.023956445864888327,-0.024371170401178918,-0.02360116591956507,40,5000
product_cij_louvain,exact_transport_copy_5x,mean_degree,descriptive,0.24195156044031937,0.1986301262249817,0.28543648319520337,40,5000
additive_cij_louvain,gps_noise_100m,ari_original,higher,-0.022004745541367065,-0.03521791907312884,-0.009817241312836305,40,5000
additive_cij_louvain,gps_noise_100m,pair_f1_original,higher,-0.020330036663187348,-0.03251609637683438,-0.008912775359400885,40,5000
additive_cij_louvain,gps_noise_100m,ari_all,higher,-0.022004745541367065,-0.03530502186378408,-0.009855331550552661,40,5000
additive_cij_louvain,gps_noise_100m,pair_f1_all,higher,-0.020330036663187348,-0.03265462238009587,-0.00926159809369811,40,5000
additive_cij_louvain,gps_noise_100m,fake_absorption_rate_all,lower,0.0,0.0,0.0,40,5000
additive_cij_louvain,gps_noise_100m,fake_rejection_rate_all,descriptive,0.0,0.0,0.0,40,5000
additive_cij_louvain,gps_noise_100m,genuine_rejection_rate_all,lower,0.0,0.0,0.0,40,5000
additive_cij_louvain,gps_noise_100m,false_destination_rate_all,lower,0.2804247373713318,-0.14085151604501447,0.638531415855816,40,5000
additive_cij_louvain,gps_noise_100m,retained_edge_fraction,descriptive,0.00018220948743059964,0.00010592729673885639,0.00025929486367053264,40,5000
additive_cij_louvain,gps_noise_100m,mean_degree,descriptive,0.06068606522758533,0.03617186727762755,0.08650373703119348,40,5000
additive_cij_louvain,gps_noise_300m,ari_original,higher,-0.1564926822231336,-0.1819082905422609,-0.13239242451548813,40,5000
additive_cij_louvain,gps_noise_300m,pair_f1_original,higher,-0.14385974597245768,-0.166831579723902,-0.12163066439765803,40,5000
additive_cij_louvain,gps_noise_300m,ari_all,higher,-0.1564926822231336,-0.18140414162759202,-0.13257499208596227,40,5000
additive_cij_louvain,gps_noise_300m,pair_f1_all,higher,-0.14385974597245768,-0.16690267571682763,-0.1212916894696903,40,5000
additive_cij_louvain,gps_noise_300m,fake_absorption_rate_all,lower,0.0,0.0,0.0,40,5000
additive_cij_louvain,gps_noise_300m,fake_rejection_rate_all,descriptive,0.0,0.0,0.0,40,5000
additive_cij_louvain,gps_noise_300m,genuine_rejection_rate_all,lower,0.0,0.0,0.0,40,5000
additive_cij_louvain,gps_noise_300m,false_destination_rate_all,lower,2.017084448489247,1.3463204964003141,2.703737700798942,40,5000
additive_cij_louvain,gps_noise_300m,retained_edge_fraction,descriptive,0.00015541920121525378,-6.50904335062159e-05,0.00041508499917435775,40,5000
additive_cij_louvain,gps_noise_300m,mean_degree,descriptive,0.05003083435156337,-0.020538186188473542,0.13489712516383356,40,5000
additive_cij_louvain,time_noise_15min,ari_original,higher,-0.03755188988345583,-0.051364746415020236,-0.024359708403766004,40,5000
additive_cij_louvain,time_noise_15min,pair_f1_original,higher,-0.03465906761057012,-0.04797610520724336,-0.022331775483907988,40,5000
additive_cij_louvain,time_noise_15min,ari_all,higher,-0.03755188988345583,-0.051181185770442644,-0.023798770343086098,40,5000
additive_cij_louvain,time_noise_15min,pair_f1_all,higher,-0.03465906761057012,-0.047796752569233325,-0.02224722154801068,40,5000
additive_cij_louvain,time_noise_15min,fake_absorption_rate_all,lower,0.0,0.0,0.0,40,5000
additive_cij_louvain,time_noise_15min,fake_rejection_rate_all,descriptive,0.0,0.0,0.0,40,5000
additive_cij_louvain,time_noise_15min,genuine_rejection_rate_all,lower,0.0,0.0,0.0,40,5000
additive_cij_louvain,time_noise_15min,false_destination_rate_all,lower,0.8343945034154012,0.31101574401690524,1.4068261953904355,40,5000
additive_cij_louvain,time_noise_15min,retained_edge_fraction,descriptive,5.884222380050843e-05,-7.478396953976129e-05,0.00019710415145601245,40,5000
additive_cij_louvain,time_noise_15min,mean_degree,descriptive,0.018649838498453364,-0.02649079889621226,0.061980054612566976,40,5000
additive_cij_louvain,time_noise_60min,ari_original,higher,-0.15448415852585515,-0.1772670570955797,-0.1319357061042898,40,5000
additive_cij_louvain,time_noise_60min,pair_f1_original,higher,-0.14247411486846775,-0.16321575837793284,-0.12164641825413432,40,5000
additive_cij_louvain,time_noise_60min,ari_all,higher,-0.15448415852585515,-0.1765367708086308,-0.13194733424161031,40,5000
additive_cij_louvain,time_noise_60min,pair_f1_all,higher,-0.14247411486846775,-0.16320844737033247,-0.12191592172431574,40,5000
additive_cij_louvain,time_noise_60min,fake_absorption_rate_all,lower,0.0,0.0,0.0,40,5000
additive_cij_louvain,time_noise_60min,fake_rejection_rate_all,descriptive,0.0,0.0,0.0,40,5000
additive_cij_louvain,time_noise_60min,genuine_rejection_rate_all,lower,0.0,0.0,0.0,40,5000
additive_cij_louvain,time_noise_60min,false_destination_rate_all,lower,2.559445016198112,1.7333413898622876,3.394465970851903,40,5000
additive_cij_louvain,time_noise_60min,retained_edge_fraction,descriptive,-0.0004833241742795479,-0.0006929641223863784,-0.00024079943425229605,40,5000
additive_cij_louvain,time_noise_60min,mean_degree,descriptive,-0.1601284368897627,-0.2285065237003842,-0.0822530720989008,40,5000
additive_cij_louvain,exact_transport_copy_2x,ari_original,higher,0.013111878214907937,0.0035687037320582845,0.02243040329198762,40,5000
additive_cij_louvain,exact_transport_copy_2x,pair_f1_original,higher,0.011889578068250261,0.003091391637808799,0.020463065889053573,40,5000
additive_cij_louvain,exact_transport_copy_2x,ari_all,higher,0.014894604520127544,0.0057060299929783944,0.02395741447867951,40,5000
additive_cij_louvain,exact_transport_copy_2x,pair_f1_all,higher,0.013673110537002472,0.004829395060661136,0.022588730390741562,40,5000
additive_cij_louvain,exact_transport_copy_2x,fake_absorption_rate_all,lower,0.0,0.0,0.0,40,5000
additive_cij_louvain,exact_transport_copy_2x,fake_rejection_rate_all,descriptive,0.0,0.0,0.0,40,5000
additive_cij_louvain,exact_transport_copy_2x,genuine_rejection_rate_all,lower,0.0,0.0,0.0,40,5000
additive_cij_louvain,exact_transport_copy_2x,false_destination_rate_all,lower,0.6282202189869771,-0.1914612772072985,1.4869045462084345,40,5000
additive_cij_louvain,exact_transport_copy_2x,retained_edge_fraction,descriptive,-0.013358481864955238,-0.013681988535742203,-0.012945135506705572,40,5000
additive_cij_louvain,exact_transport_copy_2x,mean_degree,descriptive,0.7463817788125774,0.6520617048641734,0.8578646919799584,40,5000
additive_cij_louvain,exact_transport_copy_5x,ari_original,higher,-0.6219603608745865,-0.6428264650425636,-0.6007517535852949,40,5000
additive_cij_louvain,exact_transport_copy_5x,pair_f1_original,higher,-0.6133120082414694,-0.6331382201815043,-0.5928512424579607,40,5000
additive_cij_louvain,exact_transport_copy_5x,ari_all,higher,-0.57348100793449,-0.5948067628180408,-0.5528731432649129,40,5000
additive_cij_louvain,exact_transport_copy_5x,pair_f1_all,higher,-0.5630916761409898,-0.5831059098557501,-0.5429123650732189,40,5000
additive_cij_louvain,exact_transport_copy_5x,fake_absorption_rate_all,lower,0.0,0.0,0.0,40,5000
additive_cij_louvain,exact_transport_copy_5x,fake_rejection_rate_all,descriptive,0.0,0.0,0.0,40,5000
additive_cij_louvain,exact_transport_copy_5x,genuine_rejection_rate_all,lower,0.0,0.0,0.0,40,5000
additive_cij_louvain,exact_transport_copy_5x,false_destination_rate_all,lower,2.4967315327468684,1.4947955195903246,3.521020712198737,40,5000
additive_cij_louvain,exact_transport_copy_5x,retained_edge_fraction,descriptive,-0.02281670780953828,-0.023242152456239066,-0.022296351313782513,40,5000
additive_cij_louvain,exact_transport_copy_5x,mean_degree,descriptive,0.5960413116291887,0.4619564175228244,0.7661833579625534,40,5000
additive_cij_louvain_matched_density,gps_noise_100m,ari_original,higher,-0.018624922208315332,-0.02912632418949803,-0.008863049808132848,40,5000
additive_cij_louvain_matched_density,gps_noise_100m,pair_f1_original,higher,-0.017149066223164998,-0.026587928928554418,-0.008133042645806637,40,5000
additive_cij_louvain_matched_density,gps_noise_100m,ari_all,higher,-0.018624922208315332,-0.02906284983514638,-0.00874419017852422,40,5000
additive_cij_louvain_matched_density,gps_noise_100m,pair_f1_all,higher,-0.017149066223164998,-0.026855164237550997,-0.008008771737134936,40,5000
additive_cij_louvain_matched_density,gps_noise_100m,fake_absorption_rate_all,lower,0.0,0.0,0.0,40,5000
additive_cij_louvain_matched_density,gps_noise_100m,fake_rejection_rate_all,descriptive,0.0,0.0,0.0,40,5000
additive_cij_louvain_matched_density,gps_noise_100m,genuine_rejection_rate_all,lower,0.0,0.0,0.0,40,5000
additive_cij_louvain_matched_density,gps_noise_100m,false_destination_rate_all,lower,0.23414387684898502,-0.10955962977296195,0.5257506127450975,40,5000
additive_cij_louvain_matched_density,gps_noise_100m,retained_edge_fraction,descriptive,0.00012253721572491952,7.66268682537154e-05,0.00016821716569919988,40,5000
additive_cij_louvain_matched_density,gps_noise_100m,mean_degree,descriptive,0.040277999089130566,0.024282528042667853,0.05502700103274468,40,5000
additive_cij_louvain_matched_density,gps_noise_300m,ari_original,higher,-0.09824747594328835,-0.11683031926170866,-0.08072126424473632,40,5000
additive_cij_louvain_matched_density,gps_noise_300m,pair_f1_original,higher,-0.09019493460788756,-0.10748938936008065,-0.07391984465009424,40,5000
additive_cij_louvain_matched_density,gps_noise_300m,ari_all,higher,-0.09824747594328835,-0.11691132994832384,-0.08113656755988607,40,5000
additive_cij_louvain_matched_density,gps_noise_300m,pair_f1_all,higher,-0.09019493460788756,-0.10768807470150239,-0.07421953147189389,40,5000
additive_cij_louvain_matched_density,gps_noise_300m,fake_absorption_rate_all,lower,0.0,0.0,0.0,40,5000
additive_cij_louvain_matched_density,gps_noise_300m,fake_rejection_rate_all,descriptive,0.0,0.0,0.0,40,5000
additive_cij_louvain_matched_density,gps_noise_300m,genuine_rejection_rate_all,lower,0.0,0.0,0.0,40,5000
additive_cij_louvain_matched_density,gps_noise_300m,false_destination_rate_all,lower,1.810938352153522,1.1641350264802275,2.490971465647355,40,5000
additive_cij_louvain_matched_density,gps_noise_300m,retained_edge_fraction,descriptive,0.000751533357101428,0.0006697831125858435,0.0008318844334836021,40,5000
additive_cij_louvain_matched_density,gps_noise_300m,mean_degree,descriptive,0.24704656619861556,0.22227341245136997,0.27364450925721395,40,5000
additive_cij_louvain_matched_density,time_noise_15min,ari_original,higher,-0.04374162801902631,-0.057707390403176975,-0.029938103923917464,40,5000
additive_cij_louvain_matched_density,time_noise_15min,pair_f1_original,higher,-0.04026311687588584,-0.05343523285250247,-0.027589045278561757,40,5000
additive_cij_louvain_matched_density,time_noise_15min,ari_all,higher,-0.04374162801902631,-0.05836002429331129,-0.02982718333575961,40,5000
additive_cij_louvain_matched_density,time_noise_15min,pair_f1_all,higher,-0.04026311687588584,-0.05367923893390089,-0.02742989498849898,40,5000
additive_cij_louvain_matched_density,time_noise_15min,fake_absorption_rate_all,lower,0.0,0.0,0.0,40,5000
additive_cij_louvain_matched_density,time_noise_15min,fake_rejection_rate_all,descriptive,0.0,0.0,0.0,40,5000
additive_cij_louvain_matched_density,time_noise_15min,genuine_rejection_rate_all,lower,0.0,0.0,0.0,40,5000
additive_cij_louvain_matched_density,time_noise_15min,false_destination_rate_all,lower,0.8868264411027565,0.4616429631062952,1.3168893050641308,40,5000
additive_cij_louvain_matched_density,time_noise_15min,retained_edge_fraction,descriptive,0.00010630327189404248,2.6356460923629623e-05,0.0001787452273412264,40,5000
additive_cij_louvain_matched_density,time_noise_15min,mean_degree,descriptive,0.0353970136710056,0.009044932761759432,0.06081146349885865,40,5000
additive_cij_louvain_matched_density,time_noise_60min,ari_original,higher,-0.18987344117344476,-0.21484322777184647,-0.16588605059875117,40,5000
additive_cij_louvain_matched_density,time_noise_60min,pair_f1_original,higher,-0.17449823810049792,-0.19738871998494303,-0.15142747548397079,40,5000
additive_cij_louvain_matched_density,time_noise_60min,ari_all,higher,-0.18987344117344476,-0.21439114791613187,-0.16484365275153678,40,5000
additive_cij_louvain_matched_density,time_noise_60min,pair_f1_all,higher,-0.17449823810049792,-0.1975885356091843,-0.15246928497653095,40,5000
additive_cij_louvain_matched_density,time_noise_60min,fake_absorption_rate_all,lower,0.0,0.0,0.0,40,5000
additive_cij_louvain_matched_density,time_noise_60min,fake_rejection_rate_all,descriptive,0.0,0.0,0.0,40,5000
additive_cij_louvain_matched_density,time_noise_60min,genuine_rejection_rate_all,lower,0.0,0.0,0.0,40,5000
additive_cij_louvain_matched_density,time_noise_60min,false_destination_rate_all,lower,3.9137650597596414,3.2082456783090474,4.630449632120973,40,5000
additive_cij_louvain_matched_density,time_noise_60min,retained_edge_fraction,descriptive,0.0001204465879296064,-1.2291997170238048e-05,0.00025428848563507255,40,5000
additive_cij_louvain_matched_density,time_noise_60min,mean_degree,descriptive,0.037896129469458376,-0.0065291825128088255,0.08127098274957296,40,5000
additive_cij_louvain_matched_density,exact_transport_copy_2x,ari_original,higher,0.020939398655056337,0.006012242598784465,0.03522363821384188,40,5000
additive_cij_louvain_matched_density,exact_transport_copy_2x,pair_f1_original,higher,0.019021048189733707,0.0052428277848892,0.03201099496898341,40,5000
additive_cij_louvain_matched_density,exact_transport_copy_2x,ari_all,higher,0.023079292801131614,0.008104920992891113,0.03763613914789438,40,5000
additive_cij_louvain_matched_density,exact_transport_copy_2x,pair_f1_all,higher,0.02116153034326035,0.0072501414916816154,0.034314753055541075,40,5000
additive_cij_louvain_matched_density,exact_transport_copy_2x,fake_absorption_rate_all,lower,0.0,0.0,0.0,40,5000
additive_cij_louvain_matched_density,exact_transport_copy_2x,fake_rejection_rate_all,descriptive,0.0,0.0,0.0,40,5000
additive_cij_louvain_matched_density,exact_transport_copy_2x,genuine_rejection_rate_all,lower,0.0,0.0,0.0,40,5000
additive_cij_louvain_matched_density,exact_transport_copy_2x,false_destination_rate_all,lower,0.42128759398496207,-0.501976794007077,1.3761834503538253,40,5000
additive_cij_louvain_matched_density,exact_transport_copy_2x,retained_edge_fraction,descriptive,-0.014490849462635208,-0.014718555683860891,-0.014268495988751866,40,5000
additive_cij_louvain_matched_density,exact_transport_copy_2x,mean_degree,descriptive,0.41695295924048315,0.383979609333188,0.45172735435473954,40,5000
additive_cij_louvain_matched_density,exact_transport_copy_5x,ari_original,higher,-0.6056588517852184,-0.626143993153025,-0.5845991934056595,40,5000
additive_cij_louvain_matched_density,exact_transport_copy_5x,pair_f1_original,higher,-0.5986030518912969,-0.6178757245868055,-0.5790802443010276,40,5000
additive_cij_louvain_matched_density,exact_transport_copy_5x,ari_all,higher,-0.5567361374554516,-0.5767335429697217,-0.5356664362081954,40,5000
additive_cij_louvain_matched_density,exact_transport_copy_5x,pair_f1_all,higher,-0.5479136454266715,-0.5669064205283626,-0.5281219006425919,40,5000
additive_cij_louvain_matched_density,exact_transport_copy_5x,fake_absorption_rate_all,lower,0.0,0.0,0.0,40,5000
additive_cij_louvain_matched_density,exact_transport_copy_5x,fake_rejection_rate_all,descriptive,0.0,0.0,0.0,40,5000
additive_cij_louvain_matched_density,exact_transport_copy_5x,genuine_rejection_rate_all,lower,0.0,0.0,0.0,40,5000
additive_cij_louvain_matched_density,exact_transport_copy_5x,false_destination_rate_all,lower,2.0618545725935613,1.0147324601111454,3.083288383129633,40,5000
additive_cij_louvain_matched_density,exact_transport_copy_5x,retained_edge_fraction,descriptive,-0.02405732675639232,-0.024429891948890895,-0.023688609336142863,40,5000
additive_cij_louvain_matched_density,exact_transport_copy_5x,mean_degree,descriptive,0.19901551577293364,0.15797837881976812,0.24099307403461134,40,5000
product_cij_leiden,gps_noise_100m,ari_original,higher,-0.011783124634507956,-0.018807534148247193,-0.004766480418852016,40,5000
product_cij_leiden,gps_noise_100m,pair_f1_original,higher,-0.010941918775207931,-0.017321535800777714,-0.004450166378124938,40,5000
product_cij_leiden,gps_noise_100m,ari_all,higher,-0.011783124634507956,-0.019082457623297067,-0.004646057863022002,40,5000
product_cij_leiden,gps_noise_100m,pair_f1_all,higher,-0.010941918775207931,-0.017438157436903055,-0.004377080114910061,40,5000
product_cij_leiden,gps_noise_100m,fake_absorption_rate_all,lower,0.0,0.0,0.0,40,5000
product_cij_leiden,gps_noise_100m,fake_rejection_rate_all,descriptive,0.0,0.0,0.0,40,5000
product_cij_leiden,gps_noise_100m,genuine_rejection_rate_all,lower,0.0,0.0,0.0,40,5000
product_cij_leiden,gps_noise_100m,false_destination_rate_all,lower,-0.18701625386996906,-0.6286917892156864,0.16335381191950457,40,5000
product_cij_leiden,gps_noise_100m,retained_edge_fraction,descriptive,0.00023531968978287958,0.00017963607484665172,0.00029200519546000356,40,5000
product_cij_leiden,gps_noise_100m,mean_degree,descriptive,0.07687595895792612,0.058635923352730636,0.09579681723036651,40,5000
product_cij_leiden,gps_noise_300m,ari_original,higher,-0.12530345392950548,-0.1460647976357247,-0.10589517448281624,40,5000
product_cij_leiden,gps_noise_300m,pair_f1_original,higher,-0.11530424079255257,-0.13400339245476775,-0.09727644257469488,40,5000
product_cij_leiden,gps_noise_300m,ari_all,higher,-0.12530345392950548,-0.14590404977994123,-0.10557887964458217,40,5000
product_cij_leiden,gps_noise_300m,pair_f1_all,higher,-0.11530424079255257,-0.13359646573034706,-0.09740288305262573,40,5000
product_cij_leiden,gps_noise_300m,fake_absorption_rate_all,lower,0.0,0.0,0.0,40,5000
product_cij_leiden,gps_noise_300m,fake_rejection_rate_all,descriptive,0.0,0.0,0.0,40,5000
product_cij_leiden,gps_noise_300m,genuine_rejection_rate_all,lower,0.0,0.0,0.0,40,5000
product_cij_leiden,gps_noise_300m,false_destination_rate_all,lower,1.760715656032993,0.8372449346641485,2.5621449545573953,40,5000
product_cij_leiden,gps_noise_300m,retained_edge_fraction,descriptive,0.0006285281433211852,0.0005041369029605889,0.0007467381343728078,40,5000
product_cij_leiden,gps_noise_300m,mean_degree,descriptive,0.20690044689872344,0.16464544638912956,0.24915966681199944,40,5000
product_cij_leiden,time_noise_15min,ari_original,higher,-0.0314809733699017,-0.0452968858750483,-0.01869680669262505,40,5000
product_cij_leiden,time_noise_15min,pair_f1_original,higher,-0.02906417029364049,-0.04188915442014258,-0.017861942288953873,40,5000
product_cij_leiden,time_noise_15min,ari_all,higher,-0.0314809733699017,-0.045738240307047345,-0.01916406157232626,40,5000
product_cij_leiden,time_noise_15min,pair_f1_all,higher,-0.02906417029364049,-0.04178837675047042,-0.017493066170068593,40,5000
product_cij_leiden,time_noise_15min,fake_absorption_rate_all,lower,0.0,0.0,0.0,40,5000
product_cij_leiden,time_noise_15min,fake_rejection_rate_all,descriptive,0.0,0.0,0.0,40,5000
product_cij_leiden,time_noise_15min,genuine_rejection_rate_all,lower,0.0,0.0,0.0,40,5000
product_cij_leiden,time_noise_15min,false_destination_rate_all,lower,0.602220932232542,-0.02205909227726181,1.237722523219814,40,5000
product_cij_leiden,time_noise_15min,retained_edge_fraction,descriptive,6.496455640454917e-05,-3.274889470822035e-05,0.00015401908356559485,40,5000
product_cij_leiden,time_noise_15min,mean_degree,descriptive,0.021596368545867283,-0.01175801653357992,0.05065403298149133,40,5000
product_cij_leiden,time_noise_60min,ari_original,higher,-0.156056884444348,-0.17648888816429398,-0.13595979636483443,40,5000
product_cij_leiden,time_noise_60min,pair_f1_original,higher,-0.14410832557233721,-0.16244217704581645,-0.12515411104317672,40,5000
product_cij_leiden,time_noise_60min,ari_all,higher,-0.156056884444348,-0.1767983008821968,-0.13580623716353152,40,5000
product_cij_leiden,time_noise_60min,pair_f1_all,higher,-0.14410832557233721,-0.1627214105046255,-0.12549733598199295,40,5000
product_cij_leiden,time_noise_60min,fake_absorption_rate_all,lower,0.0,0.0,0.0,40,5000
product_cij_leiden,time_noise_60min,fake_rejection_rate_all,descriptive,0.0,0.0,0.0,40,5000
product_cij_leiden,time_noise_60min,genuine_rejection_rate_all,lower,0.0,0.0,0.0,40,5000
product_cij_leiden,time_noise_60min,false_destination_rate_all,lower,2.6194082727557957,2.016280552791291,3.2664466714486062,40,5000
product_cij_leiden,time_noise_60min,retained_edge_fraction,descriptive,-0.00018984335399854823,-0.00033654711227985585,-3.974965867353544e-05,40,5000
product_cij_leiden,time_noise_60min,mean_degree,descriptive,-0.06270726869158558,-0.11169858350524228,-0.013475707402922733,40,5000
product_cij_leiden,exact_transport_copy_2x,ari_original,higher,0.012419334568109865,0.0016880268545889606,0.02369355827232094,40,5000
product_cij_leiden,exact_transport_copy_2x,pair_f1_original,higher,0.011141029723225598,0.0011130769521334495,0.021852776208857474,40,5000
product_cij_leiden,exact_transport_copy_2x,ari_all,higher,0.014324302334041463,0.003784733458796884,0.02564757235362724,40,5000
product_cij_leiden,exact_transport_copy_2x,pair_f1_all,higher,0.01304634341327221,0.0033956590959790243,0.02337029505818682,40,5000
product_cij_leiden,exact_transport_copy_2x,fake_absorption_rate_all,lower,0.0,0.0,0.0,40,5000
product_cij_leiden,exact_transport_copy_2x,fake_rejection_rate_all,descriptive,0.0,0.0,0.0,40,5000
product_cij_leiden,exact_transport_copy_2x,genuine_rejection_rate_all,lower,0.0,0.0,0.0,40,5000
product_cij_leiden,exact_transport_copy_2x,false_destination_rate_all,lower,0.5154785043481361,-0.43057313236299394,1.572508511218612,40,5000
product_cij_leiden,exact_transport_copy_2x,retained_edge_fraction,descriptive,-0.014370374210141723,-0.014609803780037693,-0.014142814732843158,40,5000
product_cij_leiden,exact_transport_copy_2x,mean_degree,descriptive,0.4654851958552129,0.42710693913502734,0.5056943240720848,40,5000
product_cij_leiden,exact_transport_copy_5x,ari_original,higher,-0.6200647208353616,-0.6403289739788234,-0.5994981659842787,40,5000
product_cij_leiden,exact_transport_copy_5x,pair_f1_original,higher,-0.6115693570438486,-0.6319044774891464,-0.5922855319691541,40,5000
product_cij_leiden,exact_transport_copy_5x,ari_all,higher,-0.5715212825741973,-0.5924095702425847,-0.5503459065450509,40,5000
product_cij_leiden,exact_transport_copy_5x,pair_f1_all,higher,-0.5612815212525295,-0.5816860622327561,-0.5412054771895103,40,5000
product_cij_leiden,exact_transport_copy_5x,fake_absorption_rate_all,lower,0.0,0.0,0.0,40,5000
product_cij_leiden,exact_transport_copy_5x,fake_rejection_rate_all,descriptive,0.0,0.0,0.0,40,5000
product_cij_leiden,exact_transport_copy_5x,genuine_rejection_rate_all,lower,0.0,0.0,0.0,40,5000
product_cij_leiden,exact_transport_copy_5x,false_destination_rate_all,lower,2.0577479179194547,1.2237381147691797,2.8754477832158436,40,5000
product_cij_leiden,exact_transport_copy_5x,retained_edge_fraction,descriptive,-0.023956445864888327,-0.02435093700811071,-0.02359425723579049,40,5000
product_cij_leiden,exact_transport_copy_5x,mean_degree,descriptive,0.24195156044031937,0.19825762903447333,0.28506195793327094,40,5000
geo_time_dbscan,gps_noise_100m,ari_original,higher,-0.030024074887768537,-0.04788639260421411,-0.014771736333047947,40,5000
geo_time_dbscan,gps_noise_100m,pair_f1_original,higher,-0.02638703828257486,-0.041820229114790636,-0.012522877093597985,40,5000
geo_time_dbscan,gps_noise_100m,ari_all,higher,-0.030024074887768537,-0.04743874929488864,-0.014654112334871608,40,5000
geo_time_dbscan,gps_noise_100m,pair_f1_all,higher,-0.02638703828257486,-0.04223054711019987,-0.01278089267909583,40,5000
geo_time_dbscan,gps_noise_100m,fake_absorption_rate_all,lower,0.0,0.0,0.0,40,5000
geo_time_dbscan,gps_noise_100m,fake_rejection_rate_all,descriptive,0.0,0.0,0.0,40,5000
geo_time_dbscan,gps_noise_100m,genuine_rejection_rate_all,lower,0.0,0.0,0.0,40,5000
geo_time_dbscan,gps_noise_100m,false_destination_rate_all,lower,1.0335393772893775,0.517878735847486,1.6159782925407928,40,5000
geo_time_dbscan,gps_noise_100m,retained_edge_fraction,descriptive,,,,0,5000
geo_time_dbscan,gps_noise_100m,mean_degree,descriptive,,,,0,5000
geo_time_dbscan,gps_noise_300m,ari_original,higher,-0.12691573858134142,-0.15508781602486563,-0.09976861908442489,40,5000
geo_time_dbscan,gps_noise_300m,pair_f1_original,higher,-0.11090364975906838,-0.13465099663423397,-0.08754777095097162,40,5000
geo_time_dbscan,gps_noise_300m,ari_all,higher,-0.12691573858134142,-0.15509217695582028,-0.10033184616106404,40,5000
geo_time_dbscan,gps_noise_300m,pair_f1_all,higher,-0.11090364975906838,-0.13434538459995085,-0.08767737150973491,40,5000
geo_time_dbscan,gps_noise_300m,fake_absorption_rate_all,lower,0.0,0.0,0.0,40,5000
geo_time_dbscan,gps_noise_300m,fake_rejection_rate_all,descriptive,0.0,0.0,0.0,40,5000
geo_time_dbscan,gps_noise_300m,genuine_rejection_rate_all,lower,0.06705292642186908,0.019888044764689503,0.12423491072798415,40,5000
geo_time_dbscan,gps_noise_300m,false_destination_rate_all,lower,3.7624979187479193,2.5464535464535465,4.907500052031303,40,5000
geo_time_dbscan,gps_noise_300m,retained_edge_fraction,descriptive,,,,0,5000
geo_time_dbscan,gps_noise_300m,mean_degree,descriptive,,,,0,5000
geo_time_dbscan,time_noise_15min,ari_original,higher,-0.012200220676192506,-0.028266795624390936,0.002070111647319765,40,5000
geo_time_dbscan,time_noise_15min,pair_f1_original,higher,-0.010863007234354705,-0.024093769696543584,0.0017609438532106311,40,5000
geo_time_dbscan,time_noise_15min,ari_all,higher,-0.012200220676192506,-0.027116567249395054,0.0021373369570605004,40,5000
geo_time_dbscan,time_noise_15min,pair_f1_all,higher,-0.010863007234354705,-0.02455295494614621,0.0018340778936479687,40,5000
geo_time_dbscan,time_noise_15min,fake_absorption_rate_all,lower,0.0,0.0,0.0,40,5000
geo_time_dbscan,time_noise_15min,fake_rejection_rate_all,descriptive,0.0,0.0,0.0,40,5000
geo_time_dbscan,time_noise_15min,genuine_rejection_rate_all,lower,0.0,0.0,0.0,40,5000
geo_time_dbscan,time_noise_15min,false_destination_rate_all,lower,0.7714889277389277,0.19145646020646015,1.4467985139860138,40,5000
geo_time_dbscan,time_noise_15min,retained_edge_fraction,descriptive,,,,0,5000
geo_time_dbscan,time_noise_15min,mean_degree,descriptive,,,,0,5000
geo_time_dbscan,time_noise_60min,ari_original,higher,-0.05461421920147412,-0.0739373736042451,-0.03652595450173019,40,5000
geo_time_dbscan,time_noise_60min,pair_f1_original,higher,-0.04837827177146364,-0.06514047425025667,-0.03206063655139324,40,5000
geo_time_dbscan,time_noise_60min,ari_all,higher,-0.05461421920147412,-0.07352059082039554,-0.03666184852617217,40,5000
geo_time_dbscan,time_noise_60min,pair_f1_all,higher,-0.04837827177146364,-0.06558968160997175,-0.03219832291709167,40,5000
geo_time_dbscan,time_noise_60min,fake_absorption_rate_all,lower,0.8333333333333334,0.0,2.5,40,5000
geo_time_dbscan,time_noise_60min,fake_rejection_rate_all,descriptive,1.7083333333333335,1.125,2.3333333333333335,40,5000
geo_time_dbscan,time_noise_60min,genuine_rejection_rate_all,lower,1.2841584655244207,1.0878607763370505,1.4922039273340493,40,5000
geo_time_dbscan,time_noise_60min,false_destination_rate_all,lower,1.114590270840271,-0.05035875582750568,2.2393042721167706,40,5000
geo_time_dbscan,time_noise_60min,retained_edge_fraction,descriptive,,,,0,5000
geo_time_dbscan,time_noise_60min,mean_degree,descriptive,,,,0,5000
geo_time_dbscan,exact_transport_copy_2x,ari_original,higher,0.0,0.0,0.0,40,5000
geo_time_dbscan,exact_transport_copy_2x,pair_f1_original,higher,0.0,0.0,0.0,40,5000
geo_time_dbscan,exact_transport_copy_2x,ari_all,higher,0.006348050741083711,0.006132590887463495,0.006552061292030242,40,5000
geo_time_dbscan,exact_transport_copy_2x,pair_f1_all,higher,0.006818272489597307,0.00658244167822295,0.007031000886794731,40,5000
geo_time_dbscan,exact_transport_copy_2x,fake_absorption_rate_all,lower,0.0,0.0,0.0,40,5000
geo_time_dbscan,exact_transport_copy_2x,fake_rejection_rate_all,descriptive,0.0,0.0,0.0,40,5000
geo_time_dbscan,exact_transport_copy_2x,genuine_rejection_rate_all,lower,0.0,0.0,0.0,40,5000
geo_time_dbscan,exact_transport_copy_2x,false_destination_rate_all,lower,0.0,0.0,0.0,40,5000
geo_time_dbscan,exact_transport_copy_2x,retained_edge_fraction,descriptive,,,,0,5000
geo_time_dbscan,exact_transport_copy_2x,mean_degree,descriptive,,,,0,5000
geo_time_dbscan,exact_transport_copy_5x,ari_original,higher,0.0,0.0,0.0,40,5000
geo_time_dbscan,exact_transport_copy_5x,pair_f1_original,higher,0.0,0.0,0.0,40,5000
geo_time_dbscan,exact_transport_copy_5x,ari_all,higher,0.010064083984852767,0.00970590423072594,0.010391437471339537,40,5000
geo_time_dbscan,exact_transport_copy_5x,pair_f1_all,higher,0.010807671192749235,0.010447931762249783,0.01113699293668863,40,5000
geo_time_dbscan,exact_transport_copy_5x,fake_absorption_rate_all,lower,0.0,0.0,0.0,40,5000
geo_time_dbscan,exact_transport_copy_5x,fake_rejection_rate_all,descriptive,0.0,0.0,0.0,40,5000
geo_time_dbscan,exact_transport_copy_5x,genuine_rejection_rate_all,lower,0.0,0.0,0.0,40,5000
geo_time_dbscan,exact_transport_copy_5x,false_destination_rate_all,lower,0.0,0.0,0.0,40,5000
geo_time_dbscan,exact_transport_copy_5x,retained_edge_fraction,descriptive,,,,0,5000
geo_time_dbscan,exact_transport_copy_5x,mean_degree,descriptive,,,,0,5000
