scenario,method,ari_original_mean,ari_original_std,ari_original_count,pair_f1_original_mean,pair_f1_original_std,pair_f1_original_count,ari_all_mean,ari_all_std,ari_all_count,pair_f1_all_mean,pair_f1_all_std,pair_f1_all_count,fake_absorption_rate_all_mean,fake_absorption_rate_all_std,fake_absorption_rate_all_count,fake_rejection_rate_all_mean,fake_rejection_rate_all_std,fake_rejection_rate_all_count,genuine_rejection_rate_all_mean,genuine_rejection_rate_all_std,genuine_rejection_rate_all_count,false_destination_rate_all_mean,false_destination_rate_all_std,false_destination_rate_all_count,retained_edge_fraction_mean,retained_edge_fraction_std,retained_edge_fraction_count,mean_degree_mean,mean_degree_std,mean_degree_count
baseline,additive_cij_louvain,0.9190636765304436,0.06351413988704285,40,0.9247160489971332,0.05884813967100683,40,0.9190636765304436,0.06351413988704285,40,0.9247160489971332,0.05884813967100683,40,0.0,0.0,40,0.0,0.0,40,0.0,0.0,40,15.84435506658804,2.5769768485183016,40,0.028964715302829576,0.0016938881853416636,40,9.538173335166684,0.5404275065997671,40
baseline,additive_cij_louvain_matched_density,0.8973309471470072,0.06634710992778131,40,0.9045771296214401,0.06144075658597558,40,0.8973309471470072,0.06634710992778131,40,0.9045771296214401,0.06144075658597558,40,0.0,0.0,40,0.0,0.0,40,0.0,0.0,40,16.38141769865841,2.089727626196891,40,0.030205601708191816,0.0015455918506556985,40,9.935386024683899,0.12283518684088258,40
baseline,geo_time_dbscan,0.49781293337085913,0.12593402119638128,40,0.5450309919854096,0.11076778233470443,40,0.49781293337085913,0.12593402119638128,40,0.5450309919854096,0.11076778233470443,40,0.8333333333333334,5.2704627669473,40,0.0,0.0,40,0.0,0.0,40,23.93478396603397,5.809286819831335,40,,,0,,,0
baseline,product_cij_leiden,0.9164882806585426,0.06116570302517355,40,0.9222936536205099,0.056745163971950716,40,0.9164882806585426,0.06116570302517355,40,0.9222936536205099,0.056745163971950716,40,0.0,0.0,40,0.0,0.0,40,0.0,0.0,40,16.409937220502236,1.5893000726717241,40,0.030112101329638263,0.001558234689182556,40,9.904559861275393,0.13631576812630428,40
baseline,product_cij_louvain,0.9072205230334893,0.06601948117756182,40,0.9137748309909947,0.06108226137517311,40,0.9072205230334893,0.06601948117756182,40,0.9137748309909947,0.06108226137517311,40,0.0,0.0,40,0.0,0.0,40,0.0,0.0,40,16.490690574475405,1.8819135739816661,40,0.030112101329638263,0.001558234689182556,40,9.904559861275393,0.13631576812630428,40
exact_transport_copy_2x,additive_cij_louvain,0.9321755547453516,0.06218999071906521,40,0.9366056270653835,0.05809548407489757,40,0.9339582810505712,0.060551544324587016,40,0.9383891595341357,0.056455316441260506,40,0.0,0.0,40,0.0,0.0,40,0.0,0.0,40,16.472575285575015,2.1045526023832886,40,0.015606233437874336,0.0007848494352675165,40,10.284555113979263,0.23756852305990858,40
exact_transport_copy_2x,additive_cij_louvain_matched_density,0.9182703458020637,0.060286806142744266,40,0.9235981778111737,0.05637673190090076,40,0.9204102399481389,0.058652541002361926,40,0.9257386599647004,0.0547417413877401,40,0.0,0.0,40,0.0,0.0,40,0.0,0.0,40,16.802705292643374,2.085272229966372,40,0.01571475224555661,0.0008362457261532131,40,10.352338983924382,0.10730426128448377,40
exact_transport_copy_2x,geo_time_dbscan,0.49781293337085913,0.12593402119638128,40,0.5450309919854096,0.11076778233470443,40,0.5041609841119429,0.12595404613490208,40,0.5518492644750068,0.11046653364746259,40,0.8333333333333334,5.2704627669473,40,0.0,0.0,40,0.0,0.0,40,23.93478396603397,5.809286819831335,40,,,0,,,0
exact_transport_copy_2x,product_cij_leiden,0.9289076152266527,0.05615256692583549,40,0.9334346833437355,0.05256455312195231,40,0.9308125829925842,0.05465660851445068,40,0.9353399970337822,0.05106789306414707,40,0.0,0.0,40,0.0,0.0,40,0.0,0.0,40,16.925415724850374,2.3676081404842346,40,0.01574172711949654,0.0008390432230338939,40,10.370045057130607,0.10905476586419235,40
exact_transport_copy_2x,product_cij_louvain,0.9341624138106649,0.0541647391072821,40,0.9384334235826982,0.05059328526985477,40,0.9358878812284417,0.052776060446920244,40,0.9401593683402245,0.04920376508748106,40,0.0,0.0,40,0.0,0.0,40,0.0,0.0,40,16.95566121185316,2.093950093104186,40,0.01574172711949654,0.0008390432230338939,40,10.370045057130607,0.10905476586419235,40
exact_transport_copy_5x,additive_cij_louvain,0.29710331565585724,0.029128470313736995,40,0.3114040407556639,0.029809436294011216,40,0.3455826685959537,0.028041178810994914,40,0.36162437285614346,0.028567207743391675,40,0.0,0.0,40,0.0,0.0,40,0.0,0.0,40,18.341086599334908,2.150143358114778,40,0.006148007493291296,0.0003277388090952974,40,10.134214646795872,0.07974610613533338,40
exact_transport_copy_5x,additive_cij_louvain_matched_density,0.2916720953617889,0.029402700354127377,40,0.30597407773014307,0.03006344664884859,40,0.34059480969155564,0.028262474369774103,40,0.35666348419476857,0.028770217891317593,40,0.0,0.0,40,0.0,0.0,40,0.0,0.0,40,18.443272271251974,2.172581378517877,40,0.0061482749517994964,0.00033011430210575925,40,10.134401540456832,0.0739432843299186,40
exact_transport_copy_5x,geo_time_dbscan,0.49781293337085913,0.12593402119638128,40,0.5450309919854096,0.11076778233470443,40,0.5078770173557119,0.12594962055121645,40,0.5558386631781589,0.11027358967253341,40,0.8333333333333334,5.2704627669473,40,0.0,0.0,40,0.0,0.0,40,23.93478396603397,5.809286819831335,40,,,0,,,0
exact_transport_copy_5x,product_cij_leiden,0.29642355982318114,0.027140195176476194,40,0.3107242965766613,0.02776409557554459,40,0.34496699808434533,0.02623930217410649,40,0.3610121323679806,0.026724231004978467,40,0.0,0.0,40,0.0,0.0,40,0.0,0.0,40,18.467685138421693,2.1703188216844107,40,0.006155655464749938,0.00033050558763344,40,10.146511421715712,0.06654599627164816,40
exact_transport_copy_5x,product_cij_louvain,0.29642355982318114,0.027140195176476194,40,0.3107242965766613,0.02776409557554459,40,0.34496699808434533,0.02623930217410649,40,0.3610121323679806,0.026724231004978467,40,0.0,0.0,40,0.0,0.0,40,0.0,0.0,40,18.467685138421693,2.1703188216844107,40,0.006155655464749938,0.00033050558763344,40,10.146511421715712,0.06654599627164816,40
gps_noise_100m,additive_cij_louvain,0.8970589309890766,0.07132329576664138,40,0.904386012333946,0.06587403687658326,40,0.8970589309890766,0.07132329576664138,40,0.904386012333946,0.06587403687658326,40,0.0,0.0,40,0.0,0.0,40,0.0,0.0,40,16.12477980395937,2.698763437888071,40,0.029146924790260174,0.0016109036120243133,40,9.59885940039427,0.5264532741095586,40
gps_noise_100m,additive_cij_louvain_matched_density,0.8787060249386919,0.07262458021412914,40,0.887428063398275,0.06716113231475869,40,0.8787060249386919,0.07262458021412914,40,0.887428063398275,0.06716113231475869,40,0.0,0.0,40,0.0,0.0,40,0.0,0.0,40,16.615561575507396,2.3308783968518214,40,0.030328138923916736,0.001544557664727122,40,9.97566402377303,0.1155876100097722,40
gps_noise_100m,geo_time_dbscan,0.4677888584830906,0.12418417567767365,40,0.5186439537028347,0.10860291553063207,40,0.4677888584830906,0.12418417567767365,40,0.5186439537028347,0.10860291553063207,40,0.8333333333333334,5.2704627669473,40,0.0,0.0,40,0.0,0.0,40,24.96832334332334,6.124387986870254,40,,,0,,,0
gps_noise_100m,product_cij_leiden,0.9047051560240348,0.06090571957472529,40,0.911351734845302,0.056498840356797794,40,0.9047051560240348,0.06090571957472529,40,0.911351734845302,0.056498840356797794,40,0.0,0.0,40,0.0,0.0,40,0.0,0.0,40,16.222920966632266,1.9694050525078206,40,0.030347421019421145,0.0015996570772825738,40,9.981435820233319,0.13714305082110945,40
gps_noise_100m,product_cij_louvain,0.8956326582677008,0.06951160543829453,40,0.9030369938309631,0.06432240723959928,40,0.8956326582677008,0.06951160543829453,40,0.9030369938309631,0.06432240723959928,40,0.0,0.0,40,0.0,0.0,40,0.0,0.0,40,16.281744496044034,2.2037561752835617,40,0.030347421019421145,0.0015996570772825738,40,9.981435820233319,0.13714305082110945,40
gps_noise_300m,additive_cij_louvain,0.7625709943073101,0.07587052328639769,40,0.7808563030246756,0.06908581784591171,40,0.7625709943073101,0.07587052328639769,40,0.7808563030246756,0.06908581784591171,40,0.0,0.0,40,0.0,0.0,40,0.0,0.0,40,17.861439515077286,3.6717126928510497,40,0.029120134504044826,0.0012126546343686248,40,9.588204169518248,0.3580982941394112,40
gps_noise_300m,additive_cij_louvain_matched_density,0.7990834712037189,0.08240031502379745,40,0.8143821950135525,0.07491580323444962,40,0.7990834712037189,0.08240031502379745,40,0.8143821950135525,0.07491580323444962,40,0.0,0.0,40,0.0,0.0,40,0.0,0.0,40,18.19235605081193,3.611740030848142,40,0.030957135065293247,0.0015856533329159483,40,10.182432590882515,0.11138252750124823,40
gps_noise_300m,geo_time_dbscan,0.3708971947895177,0.11504466355538512,40,0.4341273422263412,0.0997374016487959,40,0.3708971947895177,0.11504466355538512,40,0.4341273422263412,0.0997374016487959,40,0.8333333333333334,5.2704627669473,40,0.0,0.0,40,0.06705292642186908,0.1685283192233477,40,27.697281884781887,6.373322041907507,40,,,0,,,0
gps_noise_300m,product_cij_leiden,0.7911848267290372,0.07130870357052475,40,0.8069894128279573,0.06507257418124286,40,0.7911848267290372,0.07130870357052475,40,0.8069894128279573,0.06507257418124286,40,0.0,0.0,40,0.0,0.0,40,0.0,0.0,40,18.17065287653523,3.149667031653045,40,0.03074062947295945,0.0016031745001592415,40,10.111460308174117,0.16451256896081753,40
gps_noise_300m,product_cij_louvain,0.7816191112113167,0.07186589921096213,40,0.7982642866699073,0.06563544016679414,40,0.7816191112113167,0.07186589921096213,40,0.7982642866699073,0.06563544016679414,40,0.0,0.0,40,0.0,0.0,40,0.0,0.0,40,18.218117054514114,3.2889082694705953,40,0.03074062947295945,0.0016031745001592415,40,10.111460308174117,0.16451256896081753,40
time_noise_15min,additive_cij_louvain,0.8815117866469878,0.07210773863169662,40,0.8900569813865632,0.06658866712303216,40,0.8815117866469878,0.07210773863169662,40,0.8900569813865632,0.06658866712303216,40,0.0,0.0,40,0.0,0.0,40,0.0,0.0,40,16.67874957000344,2.352673630008414,40,0.029023557526630085,0.0015511938777212383,40,9.556823173665137,0.4797703544131561,40
time_noise_15min,additive_cij_louvain_matched_density,0.853589319127981,0.07377527365183688,40,0.8643140127455542,0.06800741507840602,40,0.853589319127981,0.07377527365183688,40,0.8643140127455542,0.06800741507840602,40,0.0,0.0,40,0.0,0.0,40,0.0,0.0,40,17.26824413976117,2.3840707064709155,40,0.030311904980085857,0.001523650118725578,40,9.970783038354904,0.12395440371081107,40
time_noise_15min,geo_time_dbscan,0.48561271269466666,0.11639260252050884,40,0.5341679847510549,0.10181035040667596,40,0.48561271269466666,0.11639260252050884,40,0.5341679847510549,0.10181035040667596,40,0.8333333333333334,5.2704627669473,40,0.0,0.0,40,0.0,0.0,40,24.706272893772894,6.203232626819253,40,,,0,,,0
time_noise_15min,product_cij_leiden,0.885007307288641,0.06959074125127576,40,0.8932294833268694,0.06427038587838022,40,0.885007307288641,0.06959074125127576,40,0.8932294833268694,0.06427038587838022,40,0.0,0.0,40,0.0,0.0,40,0.0,0.0,40,17.012158152734777,1.9806551800036851,40,0.030177065886042815,0.0015478866721300867,40,9.926156229821261,0.1410332534055339,40
time_noise_15min,product_cij_louvain,0.8722446384141065,0.07322451707527051,40,0.8815369782595385,0.0675529103445733,40,0.8722446384141065,0.07322451707527051,40,0.8815369782595385,0.0675529103445733,40,0.0,0.0,40,0.0,0.0,40,0.0,0.0,40,17.025638544891642,2.3702915770682464,40,0.030177065886042815,0.0015478866721300867,40,9.926156229821261,0.1410332534055339,40
time_noise_60min,additive_cij_louvain,0.7645795180045886,0.07461130404298011,40,0.7822419341286656,0.06854221898749192,40,0.7645795180045886,0.07461130404298011,40,0.7822419341286656,0.06854221898749192,40,0.0,0.0,40,0.0,0.0,40,0.0,0.0,40,18.40380008278615,2.251142775737263,40,0.028481391128550027,0.0012759480121946132,40,9.378044898276922,0.38297292598423144,40
time_noise_60min,additive_cij_louvain_matched_density,0.7074575059735625,0.07479318974706008,40,0.7300788915209421,0.06806028822352433,40,0.7074575059735625,0.07479318974706008,40,0.7300788915209421,0.06806028822352433,40,0.0,0.0,40,0.0,0.0,40,0.0,0.0,40,20.295182758418054,2.4239254484949435,40,0.03032604829612142,0.0016608108200658574,40,9.973282154153356,0.12286834397656926,40
time_noise_60min,geo_time_dbscan,0.443198714169385,0.11047209084055686,40,0.496652720213946,0.09652663143779468,40,0.443198714169385,0.11047209084055686,40,0.496652720213946,0.09652663143779468,40,1.6666666666666667,7.357380928771741,40,1.7083333333333333,1.9787870756092714,40,1.2841584655244207,0.6727922835472389,40,25.049374236874236,6.236907158551585,40,,,0,,,0
time_noise_60min,product_cij_leiden,0.7604313962141946,0.07310859471626509,40,0.7781853280481728,0.06733165770589812,40,0.7604313962141946,0.07310859471626509,40,0.7781853280481728,0.06733165770589812,40,0.0,0.0,40,0.0,0.0,40,0.0,0.0,40,19.02934549325803,1.7736842001394841,40,0.029922257975639716,0.0016040028423680531,40,9.841852592583809,0.17705446706529443,40
time_noise_60min,product_cij_louvain,0.744197637361686,0.08324619584185854,40,0.7635918261389423,0.07632243011064448,40,0.744197637361686,0.08324619584185854,40,0.7635918261389423,0.07632243011064448,40,0.0,0.0,40,0.0,0.0,40,0.0,0.0,40,19.32672213622291,2.1959801865743844,40,0.029922257975639716,0.0016040028423680531,40,9.841852592583809,0.17705446706529443,40
