run_id,seed,scenario,method,runtime_seconds
run_041,41,baseline,product_cij_louvain,0.059779103999971994
run_041,41,baseline,additive_cij_louvain,0.06656948799991369
run_041,41,baseline,additive_cij_louvain_matched_density,0.05723685600014505
run_041,41,baseline,product_cij_leiden,0.03984039199986
run_041,41,baseline,geo_time_dbscan,0.005545044999962556
run_041,41,exact_transport_copy_2x,product_cij_louvain,0.08790764100012893
run_041,41,exact_transport_copy_2x,additive_cij_louvain,0.09319177700035652
run_041,41,exact_transport_copy_2x,additive_cij_louvain_matched_density,0.09300825099990107
run_041,41,exact_transport_copy_2x,product_cij_leiden,0.06655531899968992
run_041,41,exact_transport_copy_2x,geo_time_dbscan,0.008033923000311916
run_041,41,exact_transport_copy_5x,product_cij_louvain,0.3311147009999331
run_041,41,exact_transport_copy_5x,additive_cij_louvain,0.3300473630001761
run_041,41,exact_transport_copy_5x,additive_cij_louvain_matched_density,0.34732261699991795
run_041,41,exact_transport_copy_5x,product_cij_leiden,0.29311671400000705
run_041,41,exact_transport_copy_5x,geo_time_dbscan,0.039262619000055565
run_041,41,gps_noise_100m,product_cij_louvain,0.05703278100008902
run_041,41,gps_noise_100m,additive_cij_louvain,0.055213260000073205
run_041,41,gps_noise_100m,additive_cij_louvain_matched_density,0.07335635900017223
run_041,41,gps_noise_100m,product_cij_leiden,0.04386774700014939
run_041,41,gps_noise_100m,geo_time_dbscan,0.005324233999999706
run_041,41,gps_noise_300m,product_cij_louvain,0.06313526200028718
run_041,41,gps_noise_300m,additive_cij_louvain,0.07752568099976997
run_041,41,gps_noise_300m,additive_cij_louvain_matched_density,0.0640508649998992
run_041,41,gps_noise_300m,product_cij_leiden,0.04135577499982901
run_041,41,gps_noise_300m,geo_time_dbscan,0.00574178499982736
run_041,41,time_noise_15min,product_cij_louvain,0.04807014600010007
run_041,41,time_noise_15min,additive_cij_louvain,0.03174039099985748
run_041,41,time_noise_15min,additive_cij_louvain_matched_density,0.03339418099994873
run_041,41,time_noise_15min,product_cij_leiden,0.024733992000165017
run_041,41,time_noise_15min,geo_time_dbscan,0.0038635900000372203
run_041,41,time_noise_60min,product_cij_louvain,0.033178094000049896
run_041,41,time_noise_60min,additive_cij_louvain,0.03336422100028358
run_041,41,time_noise_60min,additive_cij_louvain_matched_density,0.0351708029998008
run_041,41,time_noise_60min,product_cij_leiden,0.025700306999624445
run_041,41,time_noise_60min,geo_time_dbscan,0.00353641499987134
run_042,42,baseline,product_cij_louvain,0.02864231999956246
run_042,42,baseline,additive_cij_louvain,0.0285287110000354
run_042,42,baseline,additive_cij_louvain_matched_density,0.02928526999994574
run_042,42,baseline,product_cij_leiden,0.021568465999735054
run_042,42,baseline,geo_time_dbscan,0.0034198200000901124
run_042,42,exact_transport_copy_2x,product_cij_louvain,0.0808313470001849
run_042,42,exact_transport_copy_2x,additive_cij_louvain,0.07964801499974783
run_042,42,exact_transport_copy_2x,additive_cij_louvain_matched_density,0.07811900200022137
run_042,42,exact_transport_copy_2x,product_cij_leiden,0.059552092000103585
run_042,42,exact_transport_copy_2x,geo_time_dbscan,0.007507950999752211
run_042,42,exact_transport_copy_5x,product_cij_louvain,0.29751411099960023
run_042,42,exact_transport_copy_5x,additive_cij_louvain,0.28980286999967575
run_042,42,exact_transport_copy_5x,additive_cij_louvain_matched_density,0.302851808000014
run_042,42,exact_transport_copy_5x,product_cij_leiden,0.2502323910002815
run_042,42,exact_transport_copy_5x,geo_time_dbscan,0.04132066600004691
run_042,42,gps_noise_100m,product_cij_louvain,0.035291873999995005
run_042,42,gps_noise_100m,additive_cij_louvain,0.030076460000145744
run_042,42,gps_noise_100m,additive_cij_louvain_matched_density,0.03274366000005102
run_042,42,gps_noise_100m,product_cij_leiden,0.023026069000025018
run_042,42,gps_noise_100m,geo_time_dbscan,0.003694140999868978
run_042,42,gps_noise_300m,product_cij_louvain,0.031237923999924533
run_042,42,gps_noise_300m,additive_cij_louvain,0.03150730700008353
run_042,42,gps_noise_300m,additive_cij_louvain_matched_density,0.03126319900002272
run_042,42,gps_noise_300m,product_cij_leiden,0.026718832999904407
run_042,42,gps_noise_300m,geo_time_dbscan,0.004516911999871809
run_042,42,time_noise_15min,product_cij_louvain,0.03005591999999524
run_042,42,time_noise_15min,additive_cij_louvain,0.03101992199981396
run_042,42,time_noise_15min,additive_cij_louvain_matched_density,0.032244900000023335
run_042,42,time_noise_15min,product_cij_leiden,0.022961011000006692
run_042,42,time_noise_15min,geo_time_dbscan,0.0036219060002622427
run_042,42,time_noise_60min,product_cij_louvain,0.03079017899972314
run_042,42,time_noise_60min,additive_cij_louvain,0.029246536000300694
run_042,42,time_noise_60min,additive_cij_louvain_matched_density,0.03402935999974943
run_042,42,time_noise_60min,product_cij_leiden,0.023987235999811674
run_042,42,time_noise_60min,geo_time_dbscan,0.003592018000290409
run_043,43,baseline,product_cij_louvain,0.030631257000095502
run_043,43,baseline,additive_cij_louvain,0.02763320600024599
run_043,43,baseline,additive_cij_louvain_matched_density,0.03444759000012709
run_043,43,baseline,product_cij_leiden,0.024694332999843027
run_043,43,baseline,geo_time_dbscan,0.004511979000199062
run_043,43,exact_transport_copy_2x,product_cij_louvain,0.08702185799984363
run_043,43,exact_transport_copy_2x,additive_cij_louvain,0.09222029100010332
run_043,43,exact_transport_copy_2x,additive_cij_louvain_matched_density,0.09703439700024319
run_043,43,exact_transport_copy_2x,product_cij_leiden,0.07263889800015022
run_043,43,exact_transport_copy_2x,geo_time_dbscan,0.008311655999932555
run_043,43,exact_transport_copy_5x,product_cij_louvain,0.3518403829998533
run_043,43,exact_transport_copy_5x,additive_cij_louvain,0.3393518769998991
run_043,43,exact_transport_copy_5x,additive_cij_louvain_matched_density,0.35446108799987996
run_043,43,exact_transport_copy_5x,product_cij_leiden,0.30433958999992683
run_043,43,exact_transport_copy_5x,geo_time_dbscan,0.03913778500009357
run_043,43,gps_noise_100m,product_cij_louvain,0.03561244499996974
run_043,43,gps_noise_100m,additive_cij_louvain,0.035461597999983496
run_043,43,gps_noise_100m,additive_cij_louvain_matched_density,0.030931424000300467
run_043,43,gps_noise_100m,product_cij_leiden,0.024070283000128256
run_043,43,gps_noise_100m,geo_time_dbscan,0.003628076000040892
run_043,43,gps_noise_300m,product_cij_louvain,0.0326100770002995
run_043,43,gps_noise_300m,additive_cij_louvain,0.03351444100007939
run_043,43,gps_noise_300m,additive_cij_louvain_matched_density,0.03732989400032238
run_043,43,gps_noise_300m,product_cij_leiden,0.025850873999843316
run_043,43,gps_noise_300m,geo_time_dbscan,0.003542766999999003
run_043,43,time_noise_15min,product_cij_louvain,0.0330958289996488
run_043,43,time_noise_15min,additive_cij_louvain,0.04188169300005029
run_043,43,time_noise_15min,additive_cij_louvain_matched_density,0.032672237000042514
run_043,43,time_noise_15min,product_cij_leiden,0.025425710000035906
run_043,43,time_noise_15min,geo_time_dbscan,0.003844625000056112
run_043,43,time_noise_60min,product_cij_louvain,0.05277387700016334
run_043,43,time_noise_60min,additive_cij_louvain,0.03474291099973925
run_043,43,time_noise_60min,additive_cij_louvain_matched_density,0.036992498000017804
run_043,43,time_noise_60min,product_cij_leiden,0.024387427999954525
run_043,43,time_noise_60min,geo_time_dbscan,0.003876289000345423
run_044,44,baseline,product_cij_louvain,0.04151379099994301
run_044,44,baseline,additive_cij_louvain,0.033797631000197725
run_044,44,baseline,additive_cij_louvain_matched_density,0.03852932400013742
run_044,44,baseline,product_cij_leiden,0.026580660000036005
run_044,44,baseline,geo_time_dbscan,0.003572490999886213
run_044,44,exact_transport_copy_2x,product_cij_louvain,0.4025238350000109
run_044,44,exact_transport_copy_2x,additive_cij_louvain,0.1772085440002229
run_044,44,exact_transport_copy_2x,additive_cij_louvain_matched_density,0.16599458699965908
run_044,44,exact_transport_copy_2x,product_cij_leiden,0.1064277079999556
run_044,44,exact_transport_copy_2x,geo_time_dbscan,0.011990793999757443
run_044,44,exact_transport_copy_5x,product_cij_louvain,0.6080405469997459
run_044,44,exact_transport_copy_5x,additive_cij_louvain,0.5796024600003875
run_044,44,exact_transport_copy_5x,additive_cij_louvain_matched_density,0.5589107189998685
run_044,44,exact_transport_copy_5x,product_cij_leiden,0.484967336000409
run_044,44,exact_transport_copy_5x,geo_time_dbscan,0.052679913999782
run_044,44,gps_noise_100m,product_cij_louvain,0.03940790600017863
run_044,44,gps_noise_100m,additive_cij_louvain,0.035524379999969824
run_044,44,gps_noise_100m,additive_cij_louvain_matched_density,0.03518936199998279
run_044,44,gps_noise_100m,product_cij_leiden,0.02690254700019068
run_044,44,gps_noise_100m,geo_time_dbscan,0.0037819569997736835
run_044,44,gps_noise_300m,product_cij_louvain,0.0369701710001209
run_044,44,gps_noise_300m,additive_cij_louvain,0.04185222200021599
run_044,44,gps_noise_300m,additive_cij_louvain_matched_density,0.04722111199998835
run_044,44,gps_noise_300m,product_cij_leiden,0.026747578000140493
run_044,44,gps_noise_300m,geo_time_dbscan,0.0036654589998761367
run_044,44,time_noise_15min,product_cij_louvain,0.04160957500016593
run_044,44,time_noise_15min,additive_cij_louvain,0.03937188899999455
run_044,44,time_noise_15min,additive_cij_louvain_matched_density,0.035632656999950996
run_044,44,time_noise_15min,product_cij_leiden,0.02649288999964483
run_044,44,time_noise_15min,geo_time_dbscan,0.0037822170002073108
run_044,44,time_noise_60min,product_cij_louvain,0.04604159200016511
run_044,44,time_noise_60min,additive_cij_louvain,0.03837112699966383
run_044,44,time_noise_60min,additive_cij_louvain_matched_density,0.037033466000139015
run_044,44,time_noise_60min,product_cij_leiden,0.026979885999935505
run_044,44,time_noise_60min,geo_time_dbscan,0.0036839240001427243
run_045,45,baseline,product_cij_louvain,0.06906626099998903
run_045,45,baseline,additive_cij_louvain,0.06589250099978017
run_045,45,baseline,additive_cij_louvain_matched_density,0.04356041400023969
run_045,45,baseline,product_cij_leiden,0.028397147999839945
run_045,45,baseline,geo_time_dbscan,0.0038578389999202045
run_045,45,exact_transport_copy_2x,product_cij_louvain,0.09385743099983301
run_045,45,exact_transport_copy_2x,additive_cij_louvain,0.09070971899973301
run_045,45,exact_transport_copy_2x,additive_cij_louvain_matched_density,0.09560984300014752
run_045,45,exact_transport_copy_2x,product_cij_leiden,0.06859330899987981
run_045,45,exact_transport_copy_2x,geo_time_dbscan,0.00841505700009293
run_045,45,exact_transport_copy_5x,product_cij_louvain,0.3522641999998086
run_045,45,exact_transport_copy_5x,additive_cij_louvain,0.3340558129998499
run_045,45,exact_transport_copy_5x,additive_cij_louvain_matched_density,0.3522870030001286
run_045,45,exact_transport_copy_5x,product_cij_leiden,0.30836154999997234
run_045,45,exact_transport_copy_5x,geo_time_dbscan,0.04284975700011273
run_045,45,gps_noise_100m,product_cij_louvain,0.032068013999833056
run_045,45,gps_noise_100m,additive_cij_louvain,0.03122762100019827
run_045,45,gps_noise_100m,additive_cij_louvain_matched_density,0.033540331999574846
run_045,45,gps_noise_100m,product_cij_leiden,0.02582956500009459
run_045,45,gps_noise_100m,geo_time_dbscan,0.0037836110000171175
run_045,45,gps_noise_300m,product_cij_louvain,0.03651337500014051
run_045,45,gps_noise_300m,additive_cij_louvain,0.03473843199981275
run_045,45,gps_noise_300m,additive_cij_louvain_matched_density,0.039880605999769614
run_045,45,gps_noise_300m,product_cij_leiden,0.03008876700005203
run_045,45,gps_noise_300m,geo_time_dbscan,0.0038734609997845837
run_045,45,time_noise_15min,product_cij_louvain,0.03511151399970913
run_045,45,time_noise_15min,additive_cij_louvain,0.0326352769998266
run_045,45,time_noise_15min,additive_cij_louvain_matched_density,0.033710431000145036
run_045,45,time_noise_15min,product_cij_leiden,0.025600684999972145
run_045,45,time_noise_15min,geo_time_dbscan,0.003932251999685832
run_045,45,time_noise_60min,product_cij_louvain,0.03187492300003214
run_045,45,time_noise_60min,additive_cij_louvain,0.03875707400038664
run_045,45,time_noise_60min,additive_cij_louvain_matched_density,0.051044910000200616
run_045,45,time_noise_60min,product_cij_leiden,0.026627562000157923
run_045,45,time_noise_60min,geo_time_dbscan,0.00398694700015767
run_046,46,baseline,product_cij_louvain,0.03766168699985428
run_046,46,baseline,additive_cij_louvain,0.029997038999681536
run_046,46,baseline,additive_cij_louvain_matched_density,0.031147176000104082
run_046,46,baseline,product_cij_leiden,0.02540947799980131
run_046,46,baseline,geo_time_dbscan,0.0035766039995905885
run_046,46,exact_transport_copy_2x,product_cij_louvain,0.08823184499988201
run_046,46,exact_transport_copy_2x,additive_cij_louvain,0.08767231699994227
run_046,46,exact_transport_copy_2x,additive_cij_louvain_matched_density,0.0952133649998359
run_046,46,exact_transport_copy_2x,product_cij_leiden,0.07116363200020714
run_046,46,exact_transport_copy_2x,geo_time_dbscan,0.008015672000055929
run_046,46,exact_transport_copy_5x,product_cij_louvain,0.352635048999673
run_046,46,exact_transport_copy_5x,additive_cij_louvain,0.3836669500001335
run_046,46,exact_transport_copy_5x,additive_cij_louvain_matched_density,0.3636991210000815
run_046,46,exact_transport_copy_5x,product_cij_leiden,0.309778255999845
run_046,46,exact_transport_copy_5x,geo_time_dbscan,0.03996789200027706
run_046,46,gps_noise_100m,product_cij_louvain,0.036312500000349246
run_046,46,gps_noise_100m,additive_cij_louvain,0.03481973499992819
run_046,46,gps_noise_100m,additive_cij_louvain_matched_density,0.036484040999766876
run_046,46,gps_noise_100m,product_cij_leiden,0.02626368699975501
run_046,46,gps_noise_100m,geo_time_dbscan,0.003827519999958895
run_046,46,gps_noise_300m,product_cij_louvain,0.033040607000202726
run_046,46,gps_noise_300m,additive_cij_louvain,0.043925195999690914
run_046,46,gps_noise_300m,additive_cij_louvain_matched_density,0.037071204999847396
run_046,46,gps_noise_300m,product_cij_leiden,0.02675766400034263
run_046,46,gps_noise_300m,geo_time_dbscan,0.003668404999643826
run_046,46,time_noise_15min,product_cij_louvain,0.033457053000347514
run_046,46,time_noise_15min,additive_cij_louvain,0.03008913899975596
run_046,46,time_noise_15min,additive_cij_louvain_matched_density,0.04874326499975723
run_046,46,time_noise_15min,product_cij_leiden,0.026553874000001088
run_046,46,time_noise_15min,geo_time_dbscan,0.003686142999868025
run_046,46,time_noise_60min,product_cij_louvain,0.03445464300011736
run_046,46,time_noise_60min,additive_cij_louvain,0.03313413199975912
run_046,46,time_noise_60min,additive_cij_louvain_matched_density,0.03321657500009678
run_046,46,time_noise_60min,product_cij_leiden,0.02474685600009252
run_046,46,time_noise_60min,geo_time_dbscan,0.0034973940000782022
run_047,47,baseline,product_cij_louvain,0.03875985700005913
run_047,47,baseline,additive_cij_louvain,0.0388555270001234
run_047,47,baseline,additive_cij_louvain_matched_density,0.03644518100009009
run_047,47,baseline,product_cij_leiden,0.029006951000155823
run_047,47,baseline,geo_time_dbscan,0.004665552000005846
run_047,47,exact_transport_copy_2x,product_cij_louvain,0.09313552100002198
run_047,47,exact_transport_copy_2x,additive_cij_louvain,0.09031815500020457
run_047,47,exact_transport_copy_2x,additive_cij_louvain_matched_density,0.09674627699996563
run_047,47,exact_transport_copy_2x,product_cij_leiden,0.07627986899979078
run_047,47,exact_transport_copy_2x,geo_time_dbscan,0.00866927900005976
run_047,47,exact_transport_copy_5x,product_cij_louvain,0.39681702000007135
run_047,47,exact_transport_copy_5x,additive_cij_louvain,0.37107446899972274
run_047,47,exact_transport_copy_5x,additive_cij_louvain_matched_density,0.6507280450000508
run_047,47,exact_transport_copy_5x,product_cij_leiden,0.3573916959999224
run_047,47,exact_transport_copy_5x,geo_time_dbscan,0.06286328900023364
run_047,47,gps_noise_100m,product_cij_louvain,0.03397489199960546
run_047,47,gps_noise_100m,additive_cij_louvain,0.04081441500011351
run_047,47,gps_noise_100m,additive_cij_louvain_matched_density,0.0346285299997362
run_047,47,gps_noise_100m,product_cij_leiden,0.028123755999786226
run_047,47,gps_noise_100m,geo_time_dbscan,0.003874042000006739
run_047,47,gps_noise_300m,product_cij_louvain,0.037399356000150874
run_047,47,gps_noise_300m,additive_cij_louvain,0.058772077999947214
run_047,47,gps_noise_300m,additive_cij_louvain_matched_density,0.038092139000127645
run_047,47,gps_noise_300m,product_cij_leiden,0.02751553400003104
run_047,47,gps_noise_300m,geo_time_dbscan,0.00383399600013945
run_047,47,time_noise_15min,product_cij_louvain,0.041103755999756686
run_047,47,time_noise_15min,additive_cij_louvain,0.03737475300022197
run_047,47,time_noise_15min,additive_cij_louvain_matched_density,0.03972072999977172
run_047,47,time_noise_15min,product_cij_leiden,0.02764426400017328
run_047,47,time_noise_15min,geo_time_dbscan,0.004032389000258263
run_047,47,time_noise_60min,product_cij_louvain,0.037325489000068046
run_047,47,time_noise_60min,additive_cij_louvain,0.03735595999978614
run_047,47,time_noise_60min,additive_cij_louvain_matched_density,0.039504338999904576
run_047,47,time_noise_60min,product_cij_leiden,0.026675611000428034
run_047,47,time_noise_60min,geo_time_dbscan,0.003934248999939882
run_048,48,baseline,product_cij_louvain,0.05560000800005582
run_048,48,baseline,additive_cij_louvain,0.06699067900035516
run_048,48,baseline,additive_cij_louvain_matched_density,0.0642750439997144
run_048,48,baseline,product_cij_leiden,0.04093720199989548
run_048,48,baseline,geo_time_dbscan,0.005305153000335849
run_048,48,exact_transport_copy_2x,product_cij_louvain,0.17173329700017348
run_048,48,exact_transport_copy_2x,additive_cij_louvain,0.14638596400027382
run_048,48,exact_transport_copy_2x,additive_cij_louvain_matched_density,0.1566677380001238
run_048,48,exact_transport_copy_2x,product_cij_leiden,0.11151101399991603
run_048,48,exact_transport_copy_2x,geo_time_dbscan,0.01167581900017467
run_048,48,exact_transport_copy_5x,product_cij_louvain,0.5576189160001377
run_048,48,exact_transport_copy_5x,additive_cij_louvain,0.4405829249999442
run_048,48,exact_transport_copy_5x,additive_cij_louvain_matched_density,0.36750085300036517
run_048,48,exact_transport_copy_5x,product_cij_leiden,0.31119131900004504
run_048,48,exact_transport_copy_5x,geo_time_dbscan,0.04244175800022276
run_048,48,gps_noise_100m,product_cij_louvain,0.06251034399974742
run_048,48,gps_noise_100m,additive_cij_louvain,0.06565276899982564
run_048,48,gps_noise_100m,additive_cij_louvain_matched_density,0.06723615000009886
run_048,48,gps_noise_100m,product_cij_leiden,0.0387959959998625
run_048,48,gps_noise_100m,geo_time_dbscan,0.005325980999714375
run_048,48,gps_noise_300m,product_cij_louvain,0.06650776800006497
run_048,48,gps_noise_300m,additive_cij_louvain,0.0672424519998458
run_048,48,gps_noise_300m,additive_cij_louvain_matched_density,0.0759816800000408
run_048,48,gps_noise_300m,product_cij_leiden,0.04038764699998865
run_048,48,gps_noise_300m,geo_time_dbscan,0.005298970000239933
run_048,48,time_noise_15min,product_cij_louvain,0.05801131899988832
run_048,48,time_noise_15min,additive_cij_louvain,0.062355390999982774
run_048,48,time_noise_15min,additive_cij_louvain_matched_density,0.05992346599987286
run_048,48,time_noise_15min,product_cij_leiden,0.042253619999883085
run_048,48,time_noise_15min,geo_time_dbscan,0.007140604999676725
run_048,48,time_noise_60min,product_cij_louvain,0.06111533800003599
run_048,48,time_noise_60min,additive_cij_louvain,0.05888672099990799
run_048,48,time_noise_60min,additive_cij_louvain_matched_density,0.05967873400004464
run_048,48,time_noise_60min,product_cij_leiden,0.039542296000036004
run_048,48,time_noise_60min,geo_time_dbscan,0.005234585999914998
run_049,49,baseline,product_cij_louvain,0.03816357799996695
run_049,49,baseline,additive_cij_louvain,0.03012606299989784
run_049,49,baseline,additive_cij_louvain_matched_density,0.039421563999894715
run_049,49,baseline,product_cij_leiden,0.026834532000066247
run_049,49,baseline,geo_time_dbscan,0.0039300749999711115
run_049,49,exact_transport_copy_2x,product_cij_louvain,0.10040439599970341
run_049,49,exact_transport_copy_2x,additive_cij_louvain,0.11728646999972625
run_049,49,exact_transport_copy_2x,additive_cij_louvain_matched_density,0.09517867599970486
run_049,49,exact_transport_copy_2x,product_cij_leiden,0.07187698300003831
run_049,49,exact_transport_copy_2x,geo_time_dbscan,0.00867356699973243
run_049,49,exact_transport_copy_5x,product_cij_louvain,0.35414595600013854
run_049,49,exact_transport_copy_5x,additive_cij_louvain,0.3718231829998331
run_049,49,exact_transport_copy_5x,additive_cij_louvain_matched_density,0.3639786710000408
run_049,49,exact_transport_copy_5x,product_cij_leiden,0.34450527599983616
run_049,49,exact_transport_copy_5x,geo_time_dbscan,0.046009782000055566
run_049,49,gps_noise_100m,product_cij_louvain,0.04487386200025867
run_049,49,gps_noise_100m,additive_cij_louvain,0.03444383000032758
run_049,49,gps_noise_100m,additive_cij_louvain_matched_density,0.03316605800000616
run_049,49,gps_noise_100m,product_cij_leiden,0.02720478599985654
run_049,49,gps_noise_100m,geo_time_dbscan,0.004161068000030355
run_049,49,gps_noise_300m,product_cij_louvain,0.03835296399984145
run_049,49,gps_noise_300m,additive_cij_louvain,0.04698831799987602
run_049,49,gps_noise_300m,additive_cij_louvain_matched_density,0.038714848999916285
run_049,49,gps_noise_300m,product_cij_leiden,0.02630819900014103
run_049,49,gps_noise_300m,geo_time_dbscan,0.0037301869997463655
run_049,49,time_noise_15min,product_cij_louvain,0.0379449269998986
run_049,49,time_noise_15min,additive_cij_louvain,0.03383215299982112
run_049,49,time_noise_15min,additive_cij_louvain_matched_density,0.038206337000247004
run_049,49,time_noise_15min,product_cij_leiden,0.025505936999707046
run_049,49,time_noise_15min,geo_time_dbscan,0.0037147050002204196
run_049,49,time_noise_60min,product_cij_louvain,0.03637839700013501
run_049,49,time_noise_60min,additive_cij_louvain,0.02953765000029307
run_049,49,time_noise_60min,additive_cij_louvain_matched_density,0.040265220000037516
run_049,49,time_noise_60min,product_cij_leiden,0.026857458999984374
run_049,49,time_noise_60min,geo_time_dbscan,0.0038237829999161477
run_050,50,baseline,product_cij_louvain,0.04123787100024856
run_050,50,baseline,additive_cij_louvain,0.03735267699994438
run_050,50,baseline,additive_cij_louvain_matched_density,0.034923518000141485
run_050,50,baseline,product_cij_leiden,0.023776543000167294
run_050,50,baseline,geo_time_dbscan,0.003696073999890359
run_050,50,exact_transport_copy_2x,product_cij_louvain,0.09772530500003995
run_050,50,exact_transport_copy_2x,additive_cij_louvain,0.08381240599965167
run_050,50,exact_transport_copy_2x,additive_cij_louvain_matched_density,0.094542661000105
run_050,50,exact_transport_copy_2x,product_cij_leiden,0.06083859799991842
run_050,50,exact_transport_copy_2x,geo_time_dbscan,0.007981969999946159
run_050,50,exact_transport_copy_5x,product_cij_louvain,0.30229583799973625
run_050,50,exact_transport_copy_5x,additive_cij_louvain,0.3125899470001059
run_050,50,exact_transport_copy_5x,additive_cij_louvain_matched_density,0.31658034500014764
run_050,50,exact_transport_copy_5x,product_cij_leiden,0.26407282199988913
run_050,50,exact_transport_copy_5x,geo_time_dbscan,0.03571356600014042
run_050,50,gps_noise_100m,product_cij_louvain,0.032138436999957776
run_050,50,gps_noise_100m,additive_cij_louvain,0.03178354900001068
run_050,50,gps_noise_100m,additive_cij_louvain_matched_density,0.030654970000341564
run_050,50,gps_noise_100m,product_cij_leiden,0.024545093000142515
run_050,50,gps_noise_100m,geo_time_dbscan,0.0039583220000167785
run_050,50,gps_noise_300m,product_cij_louvain,0.034601428999849304
run_050,50,gps_noise_300m,additive_cij_louvain,0.03395158800003628
run_050,50,gps_noise_300m,additive_cij_louvain_matched_density,0.03338750000011714
run_050,50,gps_noise_300m,product_cij_leiden,0.023059586000272247
run_050,50,gps_noise_300m,geo_time_dbscan,0.0036690090000774944
run_050,50,time_noise_15min,product_cij_louvain,0.028369107999878906
run_050,50,time_noise_15min,additive_cij_louvain,0.029976282000006904
run_050,50,time_noise_15min,additive_cij_louvain_matched_density,0.035790078999980324
run_050,50,time_noise_15min,product_cij_leiden,0.023404849000144168
run_050,50,time_noise_15min,geo_time_dbscan,0.0031876670000201557
run_050,50,time_noise_60min,product_cij_louvain,0.03372052500026257
run_050,50,time_noise_60min,additive_cij_louvain,0.03214341200009585
run_050,50,time_noise_60min,additive_cij_louvain_matched_density,0.05109639200009042
run_050,50,time_noise_60min,product_cij_leiden,0.02445544100010011
run_050,50,time_noise_60min,geo_time_dbscan,0.0035333019995960058
run_051,51,baseline,product_cij_louvain,0.03572479200011003
run_051,51,baseline,additive_cij_louvain,0.035758722000082344
run_051,51,baseline,additive_cij_louvain_matched_density,0.03502028999992035
run_051,51,baseline,product_cij_leiden,0.027409501999954955
run_051,51,baseline,geo_time_dbscan,0.0035175279999748454
run_051,51,exact_transport_copy_2x,product_cij_louvain,0.08591714300018793
run_051,51,exact_transport_copy_2x,additive_cij_louvain,0.10066676399992502
run_051,51,exact_transport_copy_2x,additive_cij_louvain_matched_density,0.08872803800022666
run_051,51,exact_transport_copy_2x,product_cij_leiden,0.06897944100001041
run_051,51,exact_transport_copy_2x,geo_time_dbscan,0.008507958000336657
run_051,51,exact_transport_copy_5x,product_cij_louvain,0.3539923150001414
run_051,51,exact_transport_copy_5x,additive_cij_louvain,0.7172564830002557
run_051,51,exact_transport_copy_5x,additive_cij_louvain_matched_density,0.5291393659999812
run_051,51,exact_transport_copy_5x,product_cij_leiden,0.4040683279999939
run_051,51,exact_transport_copy_5x,geo_time_dbscan,0.047165330999632715
run_051,51,gps_noise_100m,product_cij_louvain,0.03550082600031601
run_051,51,gps_noise_100m,additive_cij_louvain,0.03213923400016938
run_051,51,gps_noise_100m,additive_cij_louvain_matched_density,0.03374269500000082
run_051,51,gps_noise_100m,product_cij_leiden,0.024994287000026816
run_051,51,gps_noise_100m,geo_time_dbscan,0.0034781280000970582
run_051,51,gps_noise_300m,product_cij_louvain,0.03726884699972288
run_051,51,gps_noise_300m,additive_cij_louvain,0.04061401799981468
run_051,51,gps_noise_300m,additive_cij_louvain_matched_density,0.03784836199974961
run_051,51,gps_noise_300m,product_cij_leiden,0.026253857000028802
run_051,51,gps_noise_300m,geo_time_dbscan,0.0037640229998032737
run_051,51,time_noise_15min,product_cij_louvain,0.034633961000054114
run_051,51,time_noise_15min,additive_cij_louvain,0.03383374499981073
run_051,51,time_noise_15min,additive_cij_louvain_matched_density,0.033527091999985714
run_051,51,time_noise_15min,product_cij_leiden,0.026106365000032383
run_051,51,time_noise_15min,geo_time_dbscan,0.003726426000412175
run_051,51,time_noise_60min,product_cij_louvain,0.03856693399984579
run_051,51,time_noise_60min,additive_cij_louvain,0.03408374300033756
run_051,51,time_noise_60min,additive_cij_louvain_matched_density,0.05664457399961975
run_051,51,time_noise_60min,product_cij_leiden,0.029968385999836755
run_051,51,time_noise_60min,geo_time_dbscan,0.0035631450000437326
run_052,52,baseline,product_cij_louvain,0.08215135499995085
run_052,52,baseline,additive_cij_louvain,0.07730470899969077
run_052,52,baseline,additive_cij_louvain_matched_density,0.07313002499995491
run_052,52,baseline,product_cij_leiden,0.04261299000017971
run_052,52,baseline,geo_time_dbscan,0.005426241000350274
run_052,52,exact_transport_copy_2x,product_cij_louvain,0.19229333400016912
run_052,52,exact_transport_copy_2x,additive_cij_louvain,0.18153504199972303
run_052,52,exact_transport_copy_2x,additive_cij_louvain_matched_density,0.10200058800000988
run_052,52,exact_transport_copy_2x,product_cij_leiden,0.07140652599991881
run_052,52,exact_transport_copy_2x,geo_time_dbscan,0.009054423000179668
run_052,52,exact_transport_copy_5x,product_cij_louvain,0.3817407510000521
run_052,52,exact_transport_copy_5x,additive_cij_louvain,0.41069513999991614
run_052,52,exact_transport_copy_5x,additive_cij_louvain_matched_density,0.40309627799979353
run_052,52,exact_transport_copy_5x,product_cij_leiden,0.33650365099992996
run_052,52,exact_transport_copy_5x,geo_time_dbscan,0.05932312100003401
run_052,52,gps_noise_100m,product_cij_louvain,0.06470655000020997
run_052,52,gps_noise_100m,additive_cij_louvain,0.07038454399980765
run_052,52,gps_noise_100m,additive_cij_louvain_matched_density,0.0645096339999327
run_052,52,gps_noise_100m,product_cij_leiden,0.04190879499992661
run_052,52,gps_noise_100m,geo_time_dbscan,0.005509705000349641
run_052,52,gps_noise_300m,product_cij_louvain,0.06312722300026508
run_052,52,gps_noise_300m,additive_cij_louvain,0.06295068100007484
run_052,52,gps_noise_300m,additive_cij_louvain_matched_density,0.06772303800016743
run_052,52,gps_noise_300m,product_cij_leiden,0.04170501199996579
run_052,52,gps_noise_300m,geo_time_dbscan,0.005368644000100176
run_052,52,time_noise_15min,product_cij_louvain,0.06019049899987294
run_052,52,time_noise_15min,additive_cij_louvain,0.07042067499969562
run_052,52,time_noise_15min,additive_cij_louvain_matched_density,0.061295150999740144
run_052,52,time_noise_15min,product_cij_leiden,0.04255442200019388
run_052,52,time_noise_15min,geo_time_dbscan,0.005539493000014772
run_052,52,time_noise_60min,product_cij_louvain,0.06433614300021873
run_052,52,time_noise_60min,additive_cij_louvain,0.06343007299983583
run_052,52,time_noise_60min,additive_cij_louvain_matched_density,0.06086543099991104
run_052,52,time_noise_60min,product_cij_leiden,0.04962447100024292
run_052,52,time_noise_60min,geo_time_dbscan,0.005277584999930696
run_053,53,baseline,product_cij_louvain,0.027288397000120312
run_053,53,baseline,additive_cij_louvain,0.02903948199991646
run_053,53,baseline,additive_cij_louvain_matched_density,0.02787570999998934
run_053,53,baseline,product_cij_leiden,0.023942477000218787
run_053,53,baseline,geo_time_dbscan,0.004164236000178789
run_053,53,exact_transport_copy_2x,product_cij_louvain,0.09089903399990362
run_053,53,exact_transport_copy_2x,additive_cij_louvain,0.08113750900020023
run_053,53,exact_transport_copy_2x,additive_cij_louvain_matched_density,0.08361584000022049
run_053,53,exact_transport_copy_2x,product_cij_leiden,0.06491425099966364
run_053,53,exact_transport_copy_2x,geo_time_dbscan,0.008019276000140962
run_053,53,exact_transport_copy_5x,product_cij_louvain,0.323250540999652
run_053,53,exact_transport_copy_5x,additive_cij_louvain,0.3008168950000254
run_053,53,exact_transport_copy_5x,additive_cij_louvain_matched_density,0.3258607520001533
run_053,53,exact_transport_copy_5x,product_cij_leiden,0.2780625720001808
run_053,53,exact_transport_copy_5x,geo_time_dbscan,0.04575988699980371
run_053,53,gps_noise_100m,product_cij_louvain,0.03340838999974949
run_053,53,gps_noise_100m,additive_cij_louvain,0.03248438900027395
run_053,53,gps_noise_100m,additive_cij_louvain_matched_density,0.034646111000256496
run_053,53,gps_noise_100m,product_cij_leiden,0.02931564900018202
run_053,53,gps_noise_100m,geo_time_dbscan,0.00375610199989751
run_053,53,gps_noise_300m,product_cij_louvain,0.03486834900013491
run_053,53,gps_noise_300m,additive_cij_louvain,0.03351638499998444
run_053,53,gps_noise_300m,additive_cij_louvain_matched_density,0.03556501899993236
run_053,53,gps_noise_300m,product_cij_leiden,0.025962207000247872
run_053,53,gps_noise_300m,geo_time_dbscan,0.003802096000072197
run_053,53,time_noise_15min,product_cij_louvain,0.034877196999786975
run_053,53,time_noise_15min,additive_cij_louvain,0.027474130999962654
run_053,53,time_noise_15min,additive_cij_louvain_matched_density,0.042431015000147454
run_053,53,time_noise_15min,product_cij_leiden,0.025058308000097895
run_053,53,time_noise_15min,geo_time_dbscan,0.0036736009997184738
run_053,53,time_noise_60min,product_cij_louvain,0.03327797300016755
run_053,53,time_noise_60min,additive_cij_louvain,0.03037201899996944
run_053,53,time_noise_60min,additive_cij_louvain_matched_density,0.03586876700001085
run_053,53,time_noise_60min,product_cij_leiden,0.023774055000103544
run_053,53,time_noise_60min,geo_time_dbscan,0.003574516999833577
run_054,54,baseline,product_cij_louvain,0.04479800700028136
run_054,54,baseline,additive_cij_louvain,0.03733408700009022
run_054,54,baseline,additive_cij_louvain_matched_density,0.04270225800019034
run_054,54,baseline,product_cij_leiden,0.026086873000167543
run_054,54,baseline,geo_time_dbscan,0.0039666940001552575
run_054,54,exact_transport_copy_2x,product_cij_louvain,0.1011584689999836
run_054,54,exact_transport_copy_2x,additive_cij_louvain,0.10523336599999311
run_054,54,exact_transport_copy_2x,additive_cij_louvain_matched_density,0.1028923010003382
run_054,54,exact_transport_copy_2x,product_cij_leiden,0.07514193500037436
run_054,54,exact_transport_copy_2x,geo_time_dbscan,0.011780227999679482
run_054,54,exact_transport_copy_5x,product_cij_louvain,0.38073535100011213
run_054,54,exact_transport_copy_5x,additive_cij_louvain,0.3925779269998202
run_054,54,exact_transport_copy_5x,additive_cij_louvain_matched_density,0.43039713300004223
run_054,54,exact_transport_copy_5x,product_cij_leiden,0.3453720910001721
run_054,54,exact_transport_copy_5x,geo_time_dbscan,0.051096636000238504
run_054,54,gps_noise_100m,product_cij_louvain,0.04339635600035763
run_054,54,gps_noise_100m,additive_cij_louvain,0.03747337200002221
run_054,54,gps_noise_100m,additive_cij_louvain_matched_density,0.03815671999973347
run_054,54,gps_noise_100m,product_cij_leiden,0.02797008100014864
run_054,54,gps_noise_100m,geo_time_dbscan,0.003871698000239121
run_054,54,gps_noise_300m,product_cij_louvain,0.04286870100031592
run_054,54,gps_noise_300m,additive_cij_louvain,0.04493296500004362
run_054,54,gps_noise_300m,additive_cij_louvain_matched_density,0.04208359999984168
run_054,54,gps_noise_300m,product_cij_leiden,0.028587836000042444
run_054,54,gps_noise_300m,geo_time_dbscan,0.004036302999793406
run_054,54,time_noise_15min,product_cij_louvain,0.042156340000019554
run_054,54,time_noise_15min,additive_cij_louvain,0.04354058900025848
run_054,54,time_noise_15min,additive_cij_louvain_matched_density,0.06020314400029747
run_054,54,time_noise_15min,product_cij_leiden,0.04699397999957
run_054,54,time_noise_15min,geo_time_dbscan,0.0070248970000648114
run_054,54,time_noise_60min,product_cij_louvain,0.03820674200005669
run_054,54,time_noise_60min,additive_cij_louvain,0.034403633999772865
run_054,54,time_noise_60min,additive_cij_louvain_matched_density,0.038012414000149874
run_054,54,time_noise_60min,product_cij_leiden,0.02771308699993824
run_054,54,time_noise_60min,geo_time_dbscan,0.004111969999939902
run_055,55,baseline,product_cij_louvain,0.03527150299987625
run_055,55,baseline,additive_cij_louvain,0.04278861400007372
run_055,55,baseline,additive_cij_louvain_matched_density,0.036041351000221766
run_055,55,baseline,product_cij_leiden,0.02942990200017448
run_055,55,baseline,geo_time_dbscan,0.005417772000328114
run_055,55,exact_transport_copy_2x,product_cij_louvain,0.47408099200038123
run_055,55,exact_transport_copy_2x,additive_cij_louvain,0.1658161770001243
run_055,55,exact_transport_copy_2x,additive_cij_louvain_matched_density,0.1620429959998546
run_055,55,exact_transport_copy_2x,product_cij_leiden,0.10854766300008123
run_055,55,exact_transport_copy_2x,geo_time_dbscan,0.011891146999914781
run_055,55,exact_transport_copy_5x,product_cij_louvain,0.5551049179998699
run_055,55,exact_transport_copy_5x,additive_cij_louvain,0.5840595370000301
run_055,55,exact_transport_copy_5x,additive_cij_louvain_matched_density,0.6280659280000691
run_055,55,exact_transport_copy_5x,product_cij_leiden,0.47895508900001005
run_055,55,exact_transport_copy_5x,geo_time_dbscan,0.04612924299999577
run_055,55,gps_noise_100m,product_cij_louvain,0.03746028700015813
run_055,55,gps_noise_100m,additive_cij_louvain,0.034824227999706636
run_055,55,gps_noise_100m,additive_cij_louvain_matched_density,0.03481119700018098
run_055,55,gps_noise_100m,product_cij_leiden,0.026018991000000824
run_055,55,gps_noise_100m,geo_time_dbscan,0.003976390999923751
run_055,55,gps_noise_300m,product_cij_louvain,0.045618954000019585
run_055,55,gps_noise_300m,additive_cij_louvain,0.03622244500002125
run_055,55,gps_noise_300m,additive_cij_louvain_matched_density,0.037543339999956515
run_055,55,gps_noise_300m,product_cij_leiden,0.028912819999732164
run_055,55,gps_noise_300m,geo_time_dbscan,0.003910223999810114
run_055,55,time_noise_15min,product_cij_louvain,0.038256123999872216
run_055,55,time_noise_15min,additive_cij_louvain,0.03428640700030883
run_055,55,time_noise_15min,additive_cij_louvain_matched_density,0.038393658000131836
run_055,55,time_noise_15min,product_cij_leiden,0.030238937999911286
run_055,55,time_noise_15min,geo_time_dbscan,0.006150439000066399
run_055,55,time_noise_60min,product_cij_louvain,0.06858146800004761
run_055,55,time_noise_60min,additive_cij_louvain,0.07625429200015788
run_055,55,time_noise_60min,additive_cij_louvain_matched_density,0.05760206399963863
run_055,55,time_noise_60min,product_cij_leiden,0.04199627200023315
run_055,55,time_noise_60min,geo_time_dbscan,0.005269839999982651
run_056,56,baseline,product_cij_louvain,0.0431972940000378
run_056,56,baseline,additive_cij_louvain,0.03093104299978222
run_056,56,baseline,additive_cij_louvain_matched_density,0.03164561900030094
run_056,56,baseline,product_cij_leiden,0.02621896700020443
run_056,56,baseline,geo_time_dbscan,0.0037406280002869607
run_056,56,exact_transport_copy_2x,product_cij_louvain,0.08912191999979768
run_056,56,exact_transport_copy_2x,additive_cij_louvain,0.09298310799977116
run_056,56,exact_transport_copy_2x,additive_cij_louvain_matched_density,0.09840244399993026
run_056,56,exact_transport_copy_2x,product_cij_leiden,0.0832651599998826
run_056,56,exact_transport_copy_2x,geo_time_dbscan,0.008780143999956636
run_056,56,exact_transport_copy_5x,product_cij_louvain,0.34659535400032837
run_056,56,exact_transport_copy_5x,additive_cij_louvain,0.34591325400015194
run_056,56,exact_transport_copy_5x,additive_cij_louvain_matched_density,0.35574544399969454
run_056,56,exact_transport_copy_5x,product_cij_leiden,0.2940443550000964
run_056,56,exact_transport_copy_5x,geo_time_dbscan,0.040375546000177565
run_056,56,gps_noise_100m,product_cij_louvain,0.041067888000270614
run_056,56,gps_noise_100m,additive_cij_louvain,0.0414533000002848
run_056,56,gps_noise_100m,additive_cij_louvain_matched_density,0.03262844600021708
run_056,56,gps_noise_100m,product_cij_leiden,0.030230152000058297
run_056,56,gps_noise_100m,geo_time_dbscan,0.005468611999731365
run_056,56,gps_noise_300m,product_cij_louvain,0.031603925000126765
run_056,56,gps_noise_300m,additive_cij_louvain,0.033536464999997406
run_056,56,gps_noise_300m,additive_cij_louvain_matched_density,0.037743405000128405
run_056,56,gps_noise_300m,product_cij_leiden,0.02730350299998463
run_056,56,gps_noise_300m,geo_time_dbscan,0.0037015390003034554
run_056,56,time_noise_15min,product_cij_louvain,0.03816477299960752
run_056,56,time_noise_15min,additive_cij_louvain,0.0340175339997586
run_056,56,time_noise_15min,additive_cij_louvain_matched_density,0.055104080000091926
run_056,56,time_noise_15min,product_cij_leiden,0.025500709999960236
run_056,56,time_noise_15min,geo_time_dbscan,0.004003184000339388
run_056,56,time_noise_60min,product_cij_louvain,0.033717166000315046
run_056,56,time_noise_60min,additive_cij_louvain,0.03199643199968705
run_056,56,time_noise_60min,additive_cij_louvain_matched_density,0.04079311099985716
run_056,56,time_noise_60min,product_cij_leiden,0.02685416799977247
run_056,56,time_noise_60min,geo_time_dbscan,0.003969062000123813
run_057,57,baseline,product_cij_louvain,0.04048006599987275
run_057,57,baseline,additive_cij_louvain,0.039268772000013996
run_057,57,baseline,additive_cij_louvain_matched_density,0.039077615000223886
run_057,57,baseline,product_cij_leiden,0.04062784699999611
run_057,57,baseline,geo_time_dbscan,0.0038325679997797124
run_057,57,exact_transport_copy_2x,product_cij_louvain,0.11970427599999311
run_057,57,exact_transport_copy_2x,additive_cij_louvain,0.10571203100016646
run_057,57,exact_transport_copy_2x,additive_cij_louvain_matched_density,0.09954661999972814
run_057,57,exact_transport_copy_2x,product_cij_leiden,0.07239584199987803
run_057,57,exact_transport_copy_2x,geo_time_dbscan,0.008582594000017707
run_057,57,exact_transport_copy_5x,product_cij_louvain,0.3736641549999149
run_057,57,exact_transport_copy_5x,additive_cij_louvain,0.39110856400020566
run_057,57,exact_transport_copy_5x,additive_cij_louvain_matched_density,0.39107872599970506
run_057,57,exact_transport_copy_5x,product_cij_leiden,0.3536513029998787
run_057,57,exact_transport_copy_5x,geo_time_dbscan,0.04514285400000517
run_057,57,gps_noise_100m,product_cij_louvain,0.03723726499993063
run_057,57,gps_noise_100m,additive_cij_louvain,0.035795995999706065
run_057,57,gps_noise_100m,additive_cij_louvain_matched_density,0.041669983999781834
run_057,57,gps_noise_100m,product_cij_leiden,0.027054009000039514
run_057,57,gps_noise_100m,geo_time_dbscan,0.00397873800011439
run_057,57,gps_noise_300m,product_cij_louvain,0.040275485000165645
run_057,57,gps_noise_300m,additive_cij_louvain,0.03918453100004626
run_057,57,gps_noise_300m,additive_cij_louvain_matched_density,0.04205938999984937
run_057,57,gps_noise_300m,product_cij_leiden,0.02818744899968806
run_057,57,gps_noise_300m,geo_time_dbscan,0.003715757999998459
run_057,57,time_noise_15min,product_cij_louvain,0.033306044999790174
run_057,57,time_noise_15min,additive_cij_louvain,0.046066330000030575
run_057,57,time_noise_15min,additive_cij_louvain_matched_density,0.04130915099995036
run_057,57,time_noise_15min,product_cij_leiden,0.026816195000264997
run_057,57,time_noise_15min,geo_time_dbscan,0.003627974000210088
run_057,57,time_noise_60min,product_cij_louvain,0.03810762200009776
run_057,57,time_noise_60min,additive_cij_louvain,0.033594408000226395
run_057,57,time_noise_60min,additive_cij_louvain_matched_density,0.038644632999876194
run_057,57,time_noise_60min,product_cij_leiden,0.02818685500005813
run_057,57,time_noise_60min,geo_time_dbscan,0.0038013779999346298
run_058,58,baseline,product_cij_louvain,0.033159168000111094
run_058,58,baseline,additive_cij_louvain,0.034379997000087315
run_058,58,baseline,additive_cij_louvain_matched_density,0.03631945699999051
run_058,58,baseline,product_cij_leiden,0.0258035319998271
run_058,58,baseline,geo_time_dbscan,0.0037104970001564652
run_058,58,exact_transport_copy_2x,product_cij_louvain,0.08469740200007436
run_058,58,exact_transport_copy_2x,additive_cij_louvain,0.09316006999961246
run_058,58,exact_transport_copy_2x,additive_cij_louvain_matched_density,0.09585680600002888
run_058,58,exact_transport_copy_2x,product_cij_leiden,0.07385794599986184
run_058,58,exact_transport_copy_2x,geo_time_dbscan,0.008302608999656513
run_058,58,exact_transport_copy_5x,product_cij_louvain,0.34664640800019697
run_058,58,exact_transport_copy_5x,additive_cij_louvain,0.6002408680001281
run_058,58,exact_transport_copy_5x,additive_cij_louvain_matched_density,0.5628379089998816
run_058,58,exact_transport_copy_5x,product_cij_leiden,0.47762037900020005
run_058,58,exact_transport_copy_5x,geo_time_dbscan,0.06298061000006783
run_058,58,gps_noise_100m,product_cij_louvain,0.03460584899994501
run_058,58,gps_noise_100m,additive_cij_louvain,0.03379684899982749
run_058,58,gps_noise_100m,additive_cij_louvain_matched_density,0.03778503900002761
run_058,58,gps_noise_100m,product_cij_leiden,0.026720733999809454
run_058,58,gps_noise_100m,geo_time_dbscan,0.004426948999935121
run_058,58,gps_noise_300m,product_cij_louvain,0.03704685699995025
run_058,58,gps_noise_300m,additive_cij_louvain,0.03853677600000083
run_058,58,gps_noise_300m,additive_cij_louvain_matched_density,0.037626047000230756
run_058,58,gps_noise_300m,product_cij_leiden,0.028515580000203045
run_058,58,gps_noise_300m,geo_time_dbscan,0.003768594000121084
run_058,58,time_noise_15min,product_cij_louvain,0.04106473100000585
run_058,58,time_noise_15min,additive_cij_louvain,0.053965843000241875
run_058,58,time_noise_15min,additive_cij_louvain_matched_density,0.04419196600019859
run_058,58,time_noise_15min,product_cij_leiden,0.026153231000080268
run_058,58,time_noise_15min,geo_time_dbscan,0.003927279999970779
run_058,58,time_noise_60min,product_cij_louvain,0.0353897679997317
run_058,58,time_noise_60min,additive_cij_louvain,0.03453154099997846
run_058,58,time_noise_60min,additive_cij_louvain_matched_density,0.04144628300036857
run_058,58,time_noise_60min,product_cij_leiden,0.028185768000184908
run_058,58,time_noise_60min,geo_time_dbscan,0.003989050000200223
run_059,59,baseline,product_cij_louvain,0.05257101800043529
run_059,59,baseline,additive_cij_louvain,0.05194873699974778
run_059,59,baseline,additive_cij_louvain_matched_density,0.06544753099979062
run_059,59,baseline,product_cij_leiden,0.04242471599991404
run_059,59,baseline,geo_time_dbscan,0.006801095999890094
run_059,59,exact_transport_copy_2x,product_cij_louvain,0.16927216900012354
run_059,59,exact_transport_copy_2x,additive_cij_louvain,0.17005357900006857
run_059,59,exact_transport_copy_2x,additive_cij_louvain_matched_density,0.14717349200009266
run_059,59,exact_transport_copy_2x,product_cij_leiden,0.10622710000006919
run_059,59,exact_transport_copy_2x,geo_time_dbscan,0.01526648999970348
run_059,59,exact_transport_copy_5x,product_cij_louvain,0.34563709700023537
run_059,59,exact_transport_copy_5x,additive_cij_louvain,0.33457593699995414
run_059,59,exact_transport_copy_5x,additive_cij_louvain_matched_density,0.32890449900014573
run_059,59,exact_transport_copy_5x,product_cij_leiden,0.29355771600012304
run_059,59,exact_transport_copy_5x,geo_time_dbscan,0.0407443119997879
run_059,59,gps_noise_100m,product_cij_louvain,0.06195181800012506
run_059,59,gps_noise_100m,additive_cij_louvain,0.053323429000101896
run_059,59,gps_noise_100m,additive_cij_louvain_matched_density,0.06479462500010413
run_059,59,gps_noise_100m,product_cij_leiden,0.041030499000044074
run_059,59,gps_noise_100m,geo_time_dbscan,0.00521982800000842
run_059,59,gps_noise_300m,product_cij_louvain,0.06453174800026318
run_059,59,gps_noise_300m,additive_cij_louvain,0.0572210680002172
run_059,59,gps_noise_300m,additive_cij_louvain_matched_density,0.08296202200017433
run_059,59,gps_noise_300m,product_cij_leiden,0.039673873000083404
run_059,59,gps_noise_300m,geo_time_dbscan,0.004838037999888911
run_059,59,time_noise_15min,product_cij_louvain,0.06894633599995359
run_059,59,time_noise_15min,additive_cij_louvain,0.05598303600027066
run_059,59,time_noise_15min,additive_cij_louvain_matched_density,0.053186070999799995
run_059,59,time_noise_15min,product_cij_leiden,0.03559189800034801
run_059,59,time_noise_15min,geo_time_dbscan,0.0049604509999880975
run_059,59,time_noise_60min,product_cij_louvain,0.06050393299983625
run_059,59,time_noise_60min,additive_cij_louvain,0.053317812000386766
run_059,59,time_noise_60min,additive_cij_louvain_matched_density,0.06652119799991851
run_059,59,time_noise_60min,product_cij_leiden,0.0384185630000502
run_059,59,time_noise_60min,geo_time_dbscan,0.005065772000307334
run_060,60,baseline,product_cij_louvain,0.047184948999984044
run_060,60,baseline,additive_cij_louvain,0.04267412499984857
run_060,60,baseline,additive_cij_louvain_matched_density,0.04492541399986294
run_060,60,baseline,product_cij_leiden,0.029532454000218422
run_060,60,baseline,geo_time_dbscan,0.004182837999906042
run_060,60,exact_transport_copy_2x,product_cij_louvain,0.10959741400029088
run_060,60,exact_transport_copy_2x,additive_cij_louvain,0.1088655089997701
run_060,60,exact_transport_copy_2x,additive_cij_louvain_matched_density,0.11259725399986564
run_060,60,exact_transport_copy_2x,product_cij_leiden,0.07930429399993955
run_060,60,exact_transport_copy_2x,geo_time_dbscan,0.011411034000047948
run_060,60,exact_transport_copy_5x,product_cij_louvain,0.4127172190001147
run_060,60,exact_transport_copy_5x,additive_cij_louvain,0.42518466600040483
run_060,60,exact_transport_copy_5x,additive_cij_louvain_matched_density,0.4255212230000325
run_060,60,exact_transport_copy_5x,product_cij_leiden,0.36348164700029884
run_060,60,exact_transport_copy_5x,geo_time_dbscan,0.055472745999850304
run_060,60,gps_noise_100m,product_cij_louvain,0.05174871200006237
run_060,60,gps_noise_100m,additive_cij_louvain,0.048217594000107056
run_060,60,gps_noise_100m,additive_cij_louvain_matched_density,0.04218418200025553
run_060,60,gps_noise_100m,product_cij_leiden,0.029044215999874723
run_060,60,gps_noise_100m,geo_time_dbscan,0.003978056000050856
run_060,60,gps_noise_300m,product_cij_louvain,0.05306027000005997
run_060,60,gps_noise_300m,additive_cij_louvain,0.0500123359997815
run_060,60,gps_noise_300m,additive_cij_louvain_matched_density,0.050760462999733136
run_060,60,gps_noise_300m,product_cij_leiden,0.030833009999696515
run_060,60,gps_noise_300m,geo_time_dbscan,0.0040117349999491125
run_060,60,time_noise_15min,product_cij_louvain,0.0493477800000619
run_060,60,time_noise_15min,additive_cij_louvain,0.05714773699992293
run_060,60,time_noise_15min,additive_cij_louvain_matched_density,0.039856346000306075
run_060,60,time_noise_15min,product_cij_leiden,0.029232910000246193
run_060,60,time_noise_15min,geo_time_dbscan,0.004111284999908094
run_060,60,time_noise_60min,product_cij_louvain,0.04748240800017811
run_060,60,time_noise_60min,additive_cij_louvain,0.04374590699990222
run_060,60,time_noise_60min,additive_cij_louvain_matched_density,0.04930634199990891
run_060,60,time_noise_60min,product_cij_leiden,0.03197967400001289
run_060,60,time_noise_60min,geo_time_dbscan,0.0041620359997978085
run_061,61,baseline,product_cij_louvain,0.03696470300019428
run_061,61,baseline,additive_cij_louvain,0.02969289700013178
run_061,61,baseline,additive_cij_louvain_matched_density,0.036431154999718274
run_061,61,baseline,product_cij_leiden,0.024762326999734796
run_061,61,baseline,geo_time_dbscan,0.0033759250000002794
run_061,61,exact_transport_copy_2x,product_cij_louvain,0.08202690899997833
run_061,61,exact_transport_copy_2x,additive_cij_louvain,0.07348118300023998
run_061,61,exact_transport_copy_2x,additive_cij_louvain_matched_density,0.09375826699988465
run_061,61,exact_transport_copy_2x,product_cij_leiden,0.06204300199988211
run_061,61,exact_transport_copy_2x,geo_time_dbscan,0.007404182000300352
run_061,61,exact_transport_copy_5x,product_cij_louvain,0.2911765049998394
run_061,61,exact_transport_copy_5x,additive_cij_louvain,0.31054937199996857
run_061,61,exact_transport_copy_5x,additive_cij_louvain_matched_density,0.305637157000092
run_061,61,exact_transport_copy_5x,product_cij_leiden,0.2567053979996672
run_061,61,exact_transport_copy_5x,geo_time_dbscan,0.03575533200000791
run_061,61,gps_noise_100m,product_cij_louvain,0.03359046500008844
run_061,61,gps_noise_100m,additive_cij_louvain,0.027609825000126875
run_061,61,gps_noise_100m,additive_cij_louvain_matched_density,0.03885199200021816
run_061,61,gps_noise_100m,product_cij_leiden,0.023631021000255714
run_061,61,gps_noise_100m,geo_time_dbscan,0.0034160199998041207
run_061,61,gps_noise_300m,product_cij_louvain,0.03569960799995897
run_061,61,gps_noise_300m,additive_cij_louvain,0.027921515999878466
run_061,61,gps_noise_300m,additive_cij_louvain_matched_density,0.027812506999907782
run_061,61,gps_noise_300m,product_cij_leiden,0.02530636700021205
run_061,61,gps_noise_300m,geo_time_dbscan,0.003516725999816117
run_061,61,time_noise_15min,product_cij_louvain,0.030905248999715695
run_061,61,time_noise_15min,additive_cij_louvain,0.026204594999853725
run_061,61,time_noise_15min,additive_cij_louvain_matched_density,0.030481879000035406
run_061,61,time_noise_15min,product_cij_leiden,0.0257502689996727
run_061,61,time_noise_15min,geo_time_dbscan,0.00463428400007615
run_061,61,time_noise_60min,product_cij_louvain,0.0311192320000373
run_061,61,time_noise_60min,additive_cij_louvain,0.029996511999797804
run_061,61,time_noise_60min,additive_cij_louvain_matched_density,0.03778269300028114
run_061,61,time_noise_60min,product_cij_leiden,0.03131794400042054
run_061,61,time_noise_60min,geo_time_dbscan,0.0038144609998198575
run_062,62,baseline,product_cij_louvain,0.03936942300015289
run_062,62,baseline,additive_cij_louvain,0.038129227999888826
run_062,62,baseline,additive_cij_louvain_matched_density,0.042988722000245616
run_062,62,baseline,product_cij_leiden,0.027173490999757632
run_062,62,baseline,geo_time_dbscan,0.004049534999921889
run_062,62,exact_transport_copy_2x,product_cij_louvain,0.09726414399983696
run_062,62,exact_transport_copy_2x,additive_cij_louvain,0.4117998339997939
run_062,62,exact_transport_copy_2x,additive_cij_louvain_matched_density,0.16350450499976432
run_062,62,exact_transport_copy_2x,product_cij_leiden,0.11060670500000924
run_062,62,exact_transport_copy_2x,geo_time_dbscan,0.011895524000010482
run_062,62,exact_transport_copy_5x,product_cij_louvain,0.5977023820000795
run_062,62,exact_transport_copy_5x,additive_cij_louvain,0.6236622629999147
run_062,62,exact_transport_copy_5x,additive_cij_louvain_matched_density,0.5923044850001133
run_062,62,exact_transport_copy_5x,product_cij_leiden,0.48509576900005413
run_062,62,exact_transport_copy_5x,geo_time_dbscan,0.057128029000068636
run_062,62,gps_noise_100m,product_cij_louvain,0.03412441399996169
run_062,62,gps_noise_100m,additive_cij_louvain,0.03945675700015272
run_062,62,gps_noise_100m,additive_cij_louvain_matched_density,0.040383606999967014
run_062,62,gps_noise_100m,product_cij_leiden,0.02552650999996331
run_062,62,gps_noise_100m,geo_time_dbscan,0.0034220420002384344
run_062,62,gps_noise_300m,product_cij_louvain,0.038035170000057406
run_062,62,gps_noise_300m,additive_cij_louvain,0.03718591100005142
run_062,62,gps_noise_300m,additive_cij_louvain_matched_density,0.03586765199997899
run_062,62,gps_noise_300m,product_cij_leiden,0.027191270999992412
run_062,62,gps_noise_300m,geo_time_dbscan,0.0043940210002801905
run_062,62,time_noise_15min,product_cij_louvain,0.039994133000163856
run_062,62,time_noise_15min,additive_cij_louvain,0.037270962999627955
run_062,62,time_noise_15min,additive_cij_louvain_matched_density,0.037316382999961206
run_062,62,time_noise_15min,product_cij_leiden,0.0262507209999967
run_062,62,time_noise_15min,geo_time_dbscan,0.003828763000001345
run_062,62,time_noise_60min,product_cij_louvain,0.04089826399967933
run_062,62,time_noise_60min,additive_cij_louvain,0.03291937099993447
run_062,62,time_noise_60min,additive_cij_louvain_matched_density,0.03761186999963684
run_062,62,time_noise_60min,product_cij_leiden,0.02734931500026505
run_062,62,time_noise_60min,geo_time_dbscan,0.003845102000013867
run_063,63,baseline,product_cij_louvain,0.09068215500019505
run_063,63,baseline,additive_cij_louvain,0.08718405299987353
run_063,63,baseline,additive_cij_louvain_matched_density,0.05688768699974389
run_063,63,baseline,product_cij_leiden,0.04096903499976179
run_063,63,baseline,geo_time_dbscan,0.0042001790002359485
run_063,63,exact_transport_copy_2x,product_cij_louvain,0.10326095500022348
run_063,63,exact_transport_copy_2x,additive_cij_louvain,0.10136757300006138
run_063,63,exact_transport_copy_2x,additive_cij_louvain_matched_density,0.11706037300018579
run_063,63,exact_transport_copy_2x,product_cij_leiden,0.0793233119998149
run_063,63,exact_transport_copy_2x,geo_time_dbscan,0.0098624230004134
run_063,63,exact_transport_copy_5x,product_cij_louvain,0.4241855619998205
run_063,63,exact_transport_copy_5x,additive_cij_louvain,0.46160947299995314
run_063,63,exact_transport_copy_5x,additive_cij_louvain_matched_density,0.4602202279997982
run_063,63,exact_transport_copy_5x,product_cij_leiden,0.3638191709997045
run_063,63,exact_transport_copy_5x,geo_time_dbscan,0.05186276600034034
run_063,63,gps_noise_100m,product_cij_louvain,0.047672346999661386
run_063,63,gps_noise_100m,additive_cij_louvain,0.04134753999960594
run_063,63,gps_noise_100m,additive_cij_louvain_matched_density,0.04010981999999785
run_063,63,gps_noise_100m,product_cij_leiden,0.02999162400010391
run_063,63,gps_noise_100m,geo_time_dbscan,0.0037973590001456614
run_063,63,gps_noise_300m,product_cij_louvain,0.0462172779998582
run_063,63,gps_noise_300m,additive_cij_louvain,0.056323218000216
run_063,63,gps_noise_300m,additive_cij_louvain_matched_density,0.04365927099979672
run_063,63,gps_noise_300m,product_cij_leiden,0.029116965999946842
run_063,63,gps_noise_300m,geo_time_dbscan,0.004122132000247802
run_063,63,time_noise_15min,product_cij_louvain,0.046000595000350586
run_063,63,time_noise_15min,additive_cij_louvain,0.04363464900006875
run_063,63,time_noise_15min,additive_cij_louvain_matched_density,0.04284864600003857
run_063,63,time_noise_15min,product_cij_leiden,0.029150780999771086
run_063,63,time_noise_15min,geo_time_dbscan,0.004156023999712488
run_063,63,time_noise_60min,product_cij_louvain,0.04557632900014141
run_063,63,time_noise_60min,additive_cij_louvain,0.05035192500008634
run_063,63,time_noise_60min,additive_cij_louvain_matched_density,0.041243505000238656
run_063,63,time_noise_60min,product_cij_leiden,0.02960806999999477
run_063,63,time_noise_60min,geo_time_dbscan,0.0038787280000178725
run_064,64,baseline,product_cij_louvain,0.03705652500002543
run_064,64,baseline,additive_cij_louvain,0.04476021000027686
run_064,64,baseline,additive_cij_louvain_matched_density,0.048336667999592464
run_064,64,baseline,product_cij_leiden,0.027119686000332877
run_064,64,baseline,geo_time_dbscan,0.003966987000239897
run_064,64,exact_transport_copy_2x,product_cij_louvain,0.1266455439999845
run_064,64,exact_transport_copy_2x,additive_cij_louvain,0.09241603999998915
run_064,64,exact_transport_copy_2x,additive_cij_louvain_matched_density,0.10880861000032382
run_064,64,exact_transport_copy_2x,product_cij_leiden,0.07360393699991619
run_064,64,exact_transport_copy_2x,geo_time_dbscan,0.008896394000203145
run_064,64,exact_transport_copy_5x,product_cij_louvain,0.36774982599990835
run_064,64,exact_transport_copy_5x,additive_cij_louvain,0.4075164640003095
run_064,64,exact_transport_copy_5x,additive_cij_louvain_matched_density,0.39702917699969476
run_064,64,exact_transport_copy_5x,product_cij_leiden,0.35124735999988843
run_064,64,exact_transport_copy_5x,geo_time_dbscan,0.04820093799980896
run_064,64,gps_noise_100m,product_cij_louvain,0.052889148000303976
run_064,64,gps_noise_100m,additive_cij_louvain,0.03569599299999027
run_064,64,gps_noise_100m,additive_cij_louvain_matched_density,0.03442604999963805
run_064,64,gps_noise_100m,product_cij_leiden,0.02711062399976072
run_064,64,gps_noise_100m,geo_time_dbscan,0.0038716199996997602
run_064,64,gps_noise_300m,product_cij_louvain,0.04557199700002457
run_064,64,gps_noise_300m,additive_cij_louvain,0.046151851000104216
run_064,64,gps_noise_300m,additive_cij_louvain_matched_density,0.04303320700000768
run_064,64,gps_noise_300m,product_cij_leiden,0.03272372700030246
run_064,64,gps_noise_300m,geo_time_dbscan,0.004390361999867309
run_064,64,time_noise_15min,product_cij_louvain,0.03895473400007177
run_064,64,time_noise_15min,additive_cij_louvain,0.037604135000037786
run_064,64,time_noise_15min,additive_cij_louvain_matched_density,0.03958445899979779
run_064,64,time_noise_15min,product_cij_leiden,0.026492478999898594
run_064,64,time_noise_15min,geo_time_dbscan,0.004123970999899029
run_064,64,time_noise_60min,product_cij_louvain,0.03489709099994798
run_064,64,time_noise_60min,additive_cij_louvain,0.03997457600007692
run_064,64,time_noise_60min,additive_cij_louvain_matched_density,0.05601683099985166
run_064,64,time_noise_60min,product_cij_leiden,0.028638168999805202
run_064,64,time_noise_60min,geo_time_dbscan,0.004049197000313143
run_065,65,baseline,product_cij_louvain,0.028568920999987313
run_065,65,baseline,additive_cij_louvain,0.03564265999966665
run_065,65,baseline,additive_cij_louvain_matched_density,0.030436764000114636
run_065,65,baseline,product_cij_leiden,0.023856490000071062
run_065,65,baseline,geo_time_dbscan,0.003523349999795755
run_065,65,exact_transport_copy_2x,product_cij_louvain,0.09707484399996247
run_065,65,exact_transport_copy_2x,additive_cij_louvain,0.09429313600003297
run_065,65,exact_transport_copy_2x,additive_cij_louvain_matched_density,0.11945342599983633
run_065,65,exact_transport_copy_2x,product_cij_leiden,0.07146211999997831
run_065,65,exact_transport_copy_2x,geo_time_dbscan,0.008038591000058659
run_065,65,exact_transport_copy_5x,product_cij_louvain,0.35004391799975565
run_065,65,exact_transport_copy_5x,additive_cij_louvain,0.7609762020001654
run_065,65,exact_transport_copy_5x,additive_cij_louvain_matched_density,0.603067915000338
run_065,65,exact_transport_copy_5x,product_cij_leiden,0.46487431100013055
run_065,65,exact_transport_copy_5x,geo_time_dbscan,0.05262050600003931
run_065,65,gps_noise_100m,product_cij_louvain,0.03701420600009442
run_065,65,gps_noise_100m,additive_cij_louvain,0.030718987999989622
run_065,65,gps_noise_100m,additive_cij_louvain_matched_density,0.035863928999788186
run_065,65,gps_noise_100m,product_cij_leiden,0.025817587999881653
run_065,65,gps_noise_100m,geo_time_dbscan,0.003643719000137935
run_065,65,gps_noise_300m,product_cij_louvain,0.030673277999994752
run_065,65,gps_noise_300m,additive_cij_louvain,0.033979974999965634
run_065,65,gps_noise_300m,additive_cij_louvain_matched_density,0.03655608000008215
run_065,65,gps_noise_300m,product_cij_leiden,0.02586245600014081
run_065,65,gps_noise_300m,geo_time_dbscan,0.0038144980003380624
run_065,65,time_noise_15min,product_cij_louvain,0.032031055000061315
run_065,65,time_noise_15min,additive_cij_louvain,0.03466145399988818
run_065,65,time_noise_15min,additive_cij_louvain_matched_density,0.050763597000241134
run_065,65,time_noise_15min,product_cij_leiden,0.02637633799986361
run_065,65,time_noise_15min,geo_time_dbscan,0.003873560000101861
run_065,65,time_noise_60min,product_cij_louvain,0.03380553500028327
run_065,65,time_noise_60min,additive_cij_louvain,0.03690663900033542
run_065,65,time_noise_60min,additive_cij_louvain_matched_density,0.04165790700017169
run_065,65,time_noise_60min,product_cij_leiden,0.0268618879999849
run_065,65,time_noise_60min,geo_time_dbscan,0.0037269409999680647
run_066,66,baseline,product_cij_louvain,0.06277309500001138
run_066,66,baseline,additive_cij_louvain,0.08018923200006611
run_066,66,baseline,additive_cij_louvain_matched_density,0.059683011999823066
run_066,66,baseline,product_cij_leiden,0.04017656999985775
run_066,66,baseline,geo_time_dbscan,0.005754993999744329
run_066,66,exact_transport_copy_2x,product_cij_louvain,0.1591695530000834
run_066,66,exact_transport_copy_2x,additive_cij_louvain,0.20126106300040192
run_066,66,exact_transport_copy_2x,additive_cij_louvain_matched_density,0.10317029099996944
run_066,66,exact_transport_copy_2x,product_cij_leiden,0.0679780010000286
run_066,66,exact_transport_copy_2x,geo_time_dbscan,0.008484865000355057
run_066,66,exact_transport_copy_5x,product_cij_louvain,0.35913739500028896
run_066,66,exact_transport_copy_5x,additive_cij_louvain,0.35881679800013444
run_066,66,exact_transport_copy_5x,additive_cij_louvain_matched_density,0.3583596769999531
run_066,66,exact_transport_copy_5x,product_cij_leiden,0.32202284899994993
run_066,66,exact_transport_copy_5x,geo_time_dbscan,0.041015343999788456
run_066,66,gps_noise_100m,product_cij_louvain,0.057170127000063076
run_066,66,gps_noise_100m,additive_cij_louvain,0.06365899999991598
run_066,66,gps_noise_100m,additive_cij_louvain_matched_density,0.07543067000005976
run_066,66,gps_noise_100m,product_cij_leiden,0.043087525000373716
run_066,66,gps_noise_100m,geo_time_dbscan,0.005154393999873719
run_066,66,gps_noise_300m,product_cij_louvain,0.062146007000137615
run_066,66,gps_noise_300m,additive_cij_louvain,0.061831665000227076
run_066,66,gps_noise_300m,additive_cij_louvain_matched_density,0.07280287899993709
run_066,66,gps_noise_300m,product_cij_leiden,0.04119002100014768
run_066,66,gps_noise_300m,geo_time_dbscan,0.005157016999874031
run_066,66,time_noise_15min,product_cij_louvain,0.05945309399976395
run_066,66,time_noise_15min,additive_cij_louvain,0.0674282109998785
run_066,66,time_noise_15min,additive_cij_louvain_matched_density,0.06337491900012537
run_066,66,time_noise_15min,product_cij_leiden,0.04793859799974598
run_066,66,time_noise_15min,geo_time_dbscan,0.005955218000053719
run_066,66,time_noise_60min,product_cij_louvain,0.06130059599991
run_066,66,time_noise_60min,additive_cij_louvain,0.07507209300001705
run_066,66,time_noise_60min,additive_cij_louvain_matched_density,0.05597298199973011
run_066,66,time_noise_60min,product_cij_leiden,0.04021854499978872
run_066,66,time_noise_60min,geo_time_dbscan,0.006305135999809863
run_067,67,baseline,product_cij_louvain,0.033821973999693
run_067,67,baseline,additive_cij_louvain,0.03210947599973224
run_067,67,baseline,additive_cij_louvain_matched_density,0.03639299799988294
run_067,67,baseline,product_cij_leiden,0.02420358799963651
run_067,67,baseline,geo_time_dbscan,0.003828953999800433
run_067,67,exact_transport_copy_2x,product_cij_louvain,0.08873660300014308
run_067,67,exact_transport_copy_2x,additive_cij_louvain,0.09271644399996148
run_067,67,exact_transport_copy_2x,additive_cij_louvain_matched_density,0.11209135500030243
run_067,67,exact_transport_copy_2x,product_cij_leiden,0.06862049700021089
run_067,67,exact_transport_copy_2x,geo_time_dbscan,0.008586576000197965
run_067,67,exact_transport_copy_5x,product_cij_louvain,0.32906342499973107
run_067,67,exact_transport_copy_5x,additive_cij_louvain,0.34781896899994535
run_067,67,exact_transport_copy_5x,additive_cij_louvain_matched_density,0.376260676000129
run_067,67,exact_transport_copy_5x,product_cij_leiden,0.295243389999996
run_067,67,exact_transport_copy_5x,geo_time_dbscan,0.04197135399999752
run_067,67,gps_noise_100m,product_cij_louvain,0.03161692200001198
run_067,67,gps_noise_100m,additive_cij_louvain,0.034721466999599215
run_067,67,gps_noise_100m,additive_cij_louvain_matched_density,0.04056498699992517
run_067,67,gps_noise_100m,product_cij_leiden,0.024683285000264732
run_067,67,gps_noise_100m,geo_time_dbscan,0.003977204999955575
run_067,67,gps_noise_300m,product_cij_louvain,0.037439138000081584
run_067,67,gps_noise_300m,additive_cij_louvain,0.030113578000054986
run_067,67,gps_noise_300m,additive_cij_louvain_matched_density,0.04994911999983742
run_067,67,gps_noise_300m,product_cij_leiden,0.024920389999806503
run_067,67,gps_noise_300m,geo_time_dbscan,0.00374216999989585
run_067,67,time_noise_15min,product_cij_louvain,0.037609182999858604
run_067,67,time_noise_15min,additive_cij_louvain,0.035119527999995626
run_067,67,time_noise_15min,additive_cij_louvain_matched_density,0.03420620799988683
run_067,67,time_noise_15min,product_cij_leiden,0.024731460999646515
run_067,67,time_noise_15min,geo_time_dbscan,0.0034371860001556342
run_067,67,time_noise_60min,product_cij_louvain,0.03396148100000573
run_067,67,time_noise_60min,additive_cij_louvain,0.0359767169998122
run_067,67,time_noise_60min,additive_cij_louvain_matched_density,0.034773005999795714
run_067,67,time_noise_60min,product_cij_leiden,0.02447597799982759
run_067,67,time_noise_60min,geo_time_dbscan,0.0035125220001646085
run_068,68,baseline,product_cij_louvain,0.03581084699999337
run_068,68,baseline,additive_cij_louvain,0.03718170699994516
run_068,68,baseline,additive_cij_louvain_matched_density,0.03764313800002128
run_068,68,baseline,product_cij_leiden,0.024999731000207248
run_068,68,baseline,geo_time_dbscan,0.0037385470000117493
run_068,68,exact_transport_copy_2x,product_cij_louvain,0.1081074440003249
run_068,68,exact_transport_copy_2x,additive_cij_louvain,0.10709382200002437
run_068,68,exact_transport_copy_2x,additive_cij_louvain_matched_density,0.11982681299969045
run_068,68,exact_transport_copy_2x,product_cij_leiden,0.07662787800018123
run_068,68,exact_transport_copy_2x,geo_time_dbscan,0.009754616999998689
run_068,68,exact_transport_copy_5x,product_cij_louvain,0.38975101999994877
run_068,68,exact_transport_copy_5x,additive_cij_louvain,0.39519881199976226
run_068,68,exact_transport_copy_5x,additive_cij_louvain_matched_density,0.4056515639999816
run_068,68,exact_transport_copy_5x,product_cij_leiden,0.36881872300000396
run_068,68,exact_transport_copy_5x,geo_time_dbscan,0.04619348300002457
run_068,68,gps_noise_100m,product_cij_louvain,0.03719828600014807
run_068,68,gps_noise_100m,additive_cij_louvain,0.03526457999987542
run_068,68,gps_noise_100m,additive_cij_louvain_matched_density,0.0351833390000138
run_068,68,gps_noise_100m,product_cij_leiden,0.02754278400016119
run_068,68,gps_noise_100m,geo_time_dbscan,0.004245329000241327
run_068,68,gps_noise_300m,product_cij_louvain,0.036455125999964366
run_068,68,gps_noise_300m,additive_cij_louvain,0.039425106000180676
run_068,68,gps_noise_300m,additive_cij_louvain_matched_density,0.0375229850001233
run_068,68,gps_noise_300m,product_cij_leiden,0.027757045999805996
run_068,68,gps_noise_300m,geo_time_dbscan,0.0040433730000586365
run_068,68,time_noise_15min,product_cij_louvain,0.04276825300030396
run_068,68,time_noise_15min,additive_cij_louvain,0.033350756999880105
run_068,68,time_noise_15min,additive_cij_louvain_matched_density,0.0370029370001248
run_068,68,time_noise_15min,product_cij_leiden,0.024750676000167005
run_068,68,time_noise_15min,geo_time_dbscan,0.00390336100008426
run_068,68,time_noise_60min,product_cij_louvain,0.03642892200014103
run_068,68,time_noise_60min,additive_cij_louvain,0.032617166000363795
run_068,68,time_noise_60min,additive_cij_louvain_matched_density,0.0425039309998283
run_068,68,time_noise_60min,product_cij_leiden,0.03151079400004164
run_068,68,time_noise_60min,geo_time_dbscan,0.003999226000360068
run_069,69,baseline,product_cij_louvain,0.03419222499996977
run_069,69,baseline,additive_cij_louvain,0.03286841699991783
run_069,69,baseline,additive_cij_louvain_matched_density,0.037939198999993096
run_069,69,baseline,product_cij_leiden,0.024596047999693837
run_069,69,baseline,geo_time_dbscan,0.003976083999987168
run_069,69,exact_transport_copy_2x,product_cij_louvain,0.15558106999969823
run_069,69,exact_transport_copy_2x,additive_cij_louvain,0.23390280600006008
run_069,69,exact_transport_copy_2x,additive_cij_louvain_matched_density,0.15419229799999812
run_069,69,exact_transport_copy_2x,product_cij_leiden,0.1141284190002807
run_069,69,exact_transport_copy_2x,geo_time_dbscan,0.01544318900005237
run_069,69,exact_transport_copy_5x,product_cij_louvain,0.5780601219998971
run_069,69,exact_transport_copy_5x,additive_cij_louvain,0.5721557930000927
run_069,69,exact_transport_copy_5x,additive_cij_louvain_matched_density,0.5797401999998328
run_069,69,exact_transport_copy_5x,product_cij_leiden,0.4583708109998952
run_069,69,exact_transport_copy_5x,geo_time_dbscan,0.055343512000035844
run_069,69,gps_noise_100m,product_cij_louvain,0.04242974599992522
run_069,69,gps_noise_100m,additive_cij_louvain,0.041379554999821266
run_069,69,gps_noise_100m,additive_cij_louvain_matched_density,0.037944301000152336
run_069,69,gps_noise_100m,product_cij_leiden,0.025279391999902145
run_069,69,gps_noise_100m,geo_time_dbscan,0.003944666999814217
run_069,69,gps_noise_300m,product_cij_louvain,0.03462325700002111
run_069,69,gps_noise_300m,additive_cij_louvain,0.04765067100015585
run_069,69,gps_noise_300m,additive_cij_louvain_matched_density,0.2842153250003321
run_069,69,gps_noise_300m,product_cij_leiden,0.02612865699984468
run_069,69,gps_noise_300m,geo_time_dbscan,0.0042235539999637695
run_069,69,time_noise_15min,product_cij_louvain,0.0597920149998572
run_069,69,time_noise_15min,additive_cij_louvain,0.06446469899992735
run_069,69,time_noise_15min,additive_cij_louvain_matched_density,0.07397209200007637
run_069,69,time_noise_15min,product_cij_leiden,0.042490775999795005
run_069,69,time_noise_15min,geo_time_dbscan,0.00592763799977547
run_069,69,time_noise_60min,product_cij_louvain,0.062131170000157
run_069,69,time_noise_60min,additive_cij_louvain,0.05537304800009224
run_069,69,time_noise_60min,additive_cij_louvain_matched_density,0.06428701400000136
run_069,69,time_noise_60min,product_cij_leiden,0.04329581299998608
run_069,69,time_noise_60min,geo_time_dbscan,0.006253904000004695
run_070,70,baseline,product_cij_louvain,0.07760336499995901
run_070,70,baseline,additive_cij_louvain,0.034506899999996676
run_070,70,baseline,additive_cij_louvain_matched_density,0.03636557799973161
run_070,70,baseline,product_cij_leiden,0.031553400000120746
run_070,70,baseline,geo_time_dbscan,0.0038652200000797166
run_070,70,exact_transport_copy_2x,product_cij_louvain,0.10656694999988758
run_070,70,exact_transport_copy_2x,additive_cij_louvain,0.0905359939997652
run_070,70,exact_transport_copy_2x,additive_cij_louvain_matched_density,0.09910976899982415
run_070,70,exact_transport_copy_2x,product_cij_leiden,0.07322364600031506
run_070,70,exact_transport_copy_2x,geo_time_dbscan,0.009324186999947415
run_070,70,exact_transport_copy_5x,product_cij_louvain,0.3995817969998825
run_070,70,exact_transport_copy_5x,additive_cij_louvain,0.35842811499969685
run_070,70,exact_transport_copy_5x,additive_cij_louvain_matched_density,0.3990686380002444
run_070,70,exact_transport_copy_5x,product_cij_leiden,0.3142506180001874
run_070,70,exact_transport_copy_5x,geo_time_dbscan,0.04407769899989944
run_070,70,gps_noise_100m,product_cij_louvain,0.03472220499998002
run_070,70,gps_noise_100m,additive_cij_louvain,0.032375441000112914
run_070,70,gps_noise_100m,additive_cij_louvain_matched_density,0.035189414999877044
run_070,70,gps_noise_100m,product_cij_leiden,0.02669268599993302
run_070,70,gps_noise_100m,geo_time_dbscan,0.0037475270000868477
run_070,70,gps_noise_300m,product_cij_louvain,0.03834591899976658
run_070,70,gps_noise_300m,additive_cij_louvain,0.032002790000206005
run_070,70,gps_noise_300m,additive_cij_louvain_matched_density,0.03298432299970955
run_070,70,gps_noise_300m,product_cij_leiden,0.02676125999960277
run_070,70,gps_noise_300m,geo_time_dbscan,0.00434296200000972
run_070,70,time_noise_15min,product_cij_louvain,0.03963805500006856
run_070,70,time_noise_15min,additive_cij_louvain,0.034032228000342
run_070,70,time_noise_15min,additive_cij_louvain_matched_density,0.037019010999756574
run_070,70,time_noise_15min,product_cij_leiden,0.026619991000188747
run_070,70,time_noise_15min,geo_time_dbscan,0.0038316609998219064
run_070,70,time_noise_60min,product_cij_louvain,0.059927187000084814
run_070,70,time_noise_60min,additive_cij_louvain,0.04854796900008296
run_070,70,time_noise_60min,additive_cij_louvain_matched_density,0.043507358000169916
run_070,70,time_noise_60min,product_cij_leiden,0.027161200999671564
run_070,70,time_noise_60min,geo_time_dbscan,0.0036930139999640232
run_071,71,baseline,product_cij_louvain,0.038290347999918595
run_071,71,baseline,additive_cij_louvain,0.0364248700002463
run_071,71,baseline,additive_cij_louvain_matched_density,0.03962611199995081
run_071,71,baseline,product_cij_leiden,0.025879178999730357
run_071,71,baseline,geo_time_dbscan,0.003689548999773251
run_071,71,exact_transport_copy_2x,product_cij_louvain,0.09477602700007992
run_071,71,exact_transport_copy_2x,additive_cij_louvain,0.09394174299995939
run_071,71,exact_transport_copy_2x,additive_cij_louvain_matched_density,0.10229358299966407
run_071,71,exact_transport_copy_2x,product_cij_leiden,0.07481261800012362
run_071,71,exact_transport_copy_2x,geo_time_dbscan,0.012703761000011582
run_071,71,exact_transport_copy_5x,product_cij_louvain,0.3176595259997157
run_071,71,exact_transport_copy_5x,additive_cij_louvain,0.3334642879999592
run_071,71,exact_transport_copy_5x,additive_cij_louvain_matched_density,0.3581109559995639
run_071,71,exact_transport_copy_5x,product_cij_leiden,0.29862320099982753
run_071,71,exact_transport_copy_5x,geo_time_dbscan,0.042969629999788594
run_071,71,gps_noise_100m,product_cij_louvain,0.041228800999761006
run_071,71,gps_noise_100m,additive_cij_louvain,0.037328501000047254
run_071,71,gps_noise_100m,additive_cij_louvain_matched_density,0.04202688100031082
run_071,71,gps_noise_100m,product_cij_leiden,0.02486171500004275
run_071,71,gps_noise_100m,geo_time_dbscan,0.003833092000149918
run_071,71,gps_noise_300m,product_cij_louvain,0.05980318499996429
run_071,71,gps_noise_300m,additive_cij_louvain,0.03231219500003135
run_071,71,gps_noise_300m,additive_cij_louvain_matched_density,0.045876951000082045
run_071,71,gps_noise_300m,product_cij_leiden,0.025127928000074462
run_071,71,gps_noise_300m,geo_time_dbscan,0.0036824239996349206
run_071,71,time_noise_15min,product_cij_louvain,0.036066480000044976
run_071,71,time_noise_15min,additive_cij_louvain,0.03132897200021034
run_071,71,time_noise_15min,additive_cij_louvain_matched_density,0.0349751959997775
run_071,71,time_noise_15min,product_cij_leiden,0.02654953999990539
run_071,71,time_noise_15min,geo_time_dbscan,0.003995503000169265
run_071,71,time_noise_60min,product_cij_louvain,0.041060698999899614
run_071,71,time_noise_60min,additive_cij_louvain,0.04438267800014728
run_071,71,time_noise_60min,additive_cij_louvain_matched_density,0.03782296600002155
run_071,71,time_noise_60min,product_cij_leiden,0.02698016300018935
run_071,71,time_noise_60min,geo_time_dbscan,0.004049597999710386
run_072,72,baseline,product_cij_louvain,0.03076900799987925
run_072,72,baseline,additive_cij_louvain,0.03602975899957528
run_072,72,baseline,additive_cij_louvain_matched_density,0.0347856979997232
run_072,72,baseline,product_cij_leiden,0.025392846999693575
run_072,72,baseline,geo_time_dbscan,0.003888549999828683
run_072,72,exact_transport_copy_2x,product_cij_louvain,0.0900962509999772
run_072,72,exact_transport_copy_2x,additive_cij_louvain,0.11238176400001976
run_072,72,exact_transport_copy_2x,additive_cij_louvain_matched_density,0.08915083700003379
run_072,72,exact_transport_copy_2x,product_cij_leiden,0.07039442299992515
run_072,72,exact_transport_copy_2x,geo_time_dbscan,0.009255968000161374
run_072,72,exact_transport_copy_5x,product_cij_louvain,0.6099403829998664
run_072,72,exact_transport_copy_5x,additive_cij_louvain,0.3690897879996555
run_072,72,exact_transport_copy_5x,additive_cij_louvain_matched_density,0.3936492709999584
run_072,72,exact_transport_copy_5x,product_cij_leiden,0.500340160000178
run_072,72,exact_transport_copy_5x,geo_time_dbscan,0.05388469499985149
run_072,72,gps_noise_100m,product_cij_louvain,0.05692666400000235
run_072,72,gps_noise_100m,additive_cij_louvain,0.04117456299991318
run_072,72,gps_noise_100m,additive_cij_louvain_matched_density,0.039576772000145866
run_072,72,gps_noise_100m,product_cij_leiden,0.025745617000211496
run_072,72,gps_noise_100m,geo_time_dbscan,0.0037820769998688775
run_072,72,gps_noise_300m,product_cij_louvain,0.03472174799981076
run_072,72,gps_noise_300m,additive_cij_louvain,0.035603295999862894
run_072,72,gps_noise_300m,additive_cij_louvain_matched_density,0.04754295600014302
run_072,72,gps_noise_300m,product_cij_leiden,0.027538179000202945
run_072,72,gps_noise_300m,geo_time_dbscan,0.003946487999655801
run_072,72,time_noise_15min,product_cij_louvain,0.03329891499970472
run_072,72,time_noise_15min,additive_cij_louvain,0.036190695999721356
run_072,72,time_noise_15min,additive_cij_louvain_matched_density,0.036050959000021976
run_072,72,time_noise_15min,product_cij_leiden,0.026282409000032203
run_072,72,time_noise_15min,geo_time_dbscan,0.0036603970002033748
run_072,72,time_noise_60min,product_cij_louvain,0.04410693899990292
run_072,72,time_noise_60min,additive_cij_louvain,0.0369244090002212
run_072,72,time_noise_60min,additive_cij_louvain_matched_density,0.03677136200030873
run_072,72,time_noise_60min,product_cij_leiden,0.026439180000124907
run_072,72,time_noise_60min,geo_time_dbscan,0.0038960849997238256
run_073,73,baseline,product_cij_louvain,0.06449926200002665
run_073,73,baseline,additive_cij_louvain,0.06424542200011274
run_073,73,baseline,additive_cij_louvain_matched_density,0.06452880100005132
run_073,73,baseline,product_cij_leiden,0.04399343599970962
run_073,73,baseline,geo_time_dbscan,0.005096312999739894
run_073,73,exact_transport_copy_2x,product_cij_louvain,0.17544802900010836
run_073,73,exact_transport_copy_2x,additive_cij_louvain,0.17588845999989644
run_073,73,exact_transport_copy_2x,additive_cij_louvain_matched_density,0.16773011100031
run_073,73,exact_transport_copy_2x,product_cij_leiden,0.11525798599996051
run_073,73,exact_transport_copy_2x,geo_time_dbscan,0.013237228999969375
run_073,73,exact_transport_copy_5x,product_cij_louvain,0.501752375000251
run_073,73,exact_transport_copy_5x,additive_cij_louvain,0.38075664000007237
run_073,73,exact_transport_copy_5x,additive_cij_louvain_matched_density,0.38006129999985205
run_073,73,exact_transport_copy_5x,product_cij_leiden,0.3249887580000177
run_073,73,exact_transport_copy_5x,geo_time_dbscan,0.045739171000150236
run_073,73,gps_noise_100m,product_cij_louvain,0.0623804819997531
run_073,73,gps_noise_100m,additive_cij_louvain,0.06347859800007427
run_073,73,gps_noise_100m,additive_cij_louvain_matched_density,0.06619433100013339
run_073,73,gps_noise_100m,product_cij_leiden,0.04085970300002373
run_073,73,gps_noise_100m,geo_time_dbscan,0.005174524000267411
run_073,73,gps_noise_300m,product_cij_louvain,0.06747943499976827
run_073,73,gps_noise_300m,additive_cij_louvain,0.07012771200015777
run_073,73,gps_noise_300m,additive_cij_louvain_matched_density,0.06737962100032746
run_073,73,gps_noise_300m,product_cij_leiden,0.044118362000062916
run_073,73,gps_noise_300m,geo_time_dbscan,0.006067393000193988
run_073,73,time_noise_15min,product_cij_louvain,0.061643869999898016
run_073,73,time_noise_15min,additive_cij_louvain,0.07113706900008765
run_073,73,time_noise_15min,additive_cij_louvain_matched_density,0.07057021900027394
run_073,73,time_noise_15min,product_cij_leiden,0.04358931900014795
run_073,73,time_noise_15min,geo_time_dbscan,0.0072488230002818455
run_073,73,time_noise_60min,product_cij_louvain,0.07924303800018606
run_073,73,time_noise_60min,additive_cij_louvain,0.09501418099989678
run_073,73,time_noise_60min,additive_cij_louvain_matched_density,0.07891678600026353
run_073,73,time_noise_60min,product_cij_leiden,0.04356271200003903
run_073,73,time_noise_60min,geo_time_dbscan,0.005643238000175188
run_074,74,baseline,product_cij_louvain,0.03119677899985618
run_074,74,baseline,additive_cij_louvain,0.0346033340001668
run_074,74,baseline,additive_cij_louvain_matched_density,0.034327832000144554
run_074,74,baseline,product_cij_leiden,0.0262116750000132
run_074,74,baseline,geo_time_dbscan,0.0040614389999973355
run_074,74,exact_transport_copy_2x,product_cij_louvain,0.09143636799990418
run_074,74,exact_transport_copy_2x,additive_cij_louvain,0.09284171699982835
run_074,74,exact_transport_copy_2x,additive_cij_louvain_matched_density,0.09411763799971595
run_074,74,exact_transport_copy_2x,product_cij_leiden,0.07200845499983188
run_074,74,exact_transport_copy_2x,geo_time_dbscan,0.008831025000290538
run_074,74,exact_transport_copy_5x,product_cij_louvain,0.3565880239998478
run_074,74,exact_transport_copy_5x,additive_cij_louvain,0.36204510299967296
run_074,74,exact_transport_copy_5x,additive_cij_louvain_matched_density,0.37899474499999997
run_074,74,exact_transport_copy_5x,product_cij_leiden,0.3165390720000687
run_074,74,exact_transport_copy_5x,geo_time_dbscan,0.042575971000132995
run_074,74,gps_noise_100m,product_cij_louvain,0.03541037800005142
run_074,74,gps_noise_100m,additive_cij_louvain,0.03412235199994029
run_074,74,gps_noise_100m,additive_cij_louvain_matched_density,0.031795163999959186
run_074,74,gps_noise_100m,product_cij_leiden,0.025071988000036072
run_074,74,gps_noise_100m,geo_time_dbscan,0.0037081799996485643
run_074,74,gps_noise_300m,product_cij_louvain,0.037828069999704894
run_074,74,gps_noise_300m,additive_cij_louvain,0.04080155800011198
run_074,74,gps_noise_300m,additive_cij_louvain_matched_density,0.03916650400014987
run_074,74,gps_noise_300m,product_cij_leiden,0.02676322200022696
run_074,74,gps_noise_300m,geo_time_dbscan,0.004028230000130861
run_074,74,time_noise_15min,product_cij_louvain,0.03306203900001492
run_074,74,time_noise_15min,additive_cij_louvain,0.036259747999793035
run_074,74,time_noise_15min,additive_cij_louvain_matched_density,0.04338388699989082
run_074,74,time_noise_15min,product_cij_leiden,0.02568930300003558
run_074,74,time_noise_15min,geo_time_dbscan,0.004959006999797566
run_074,74,time_noise_60min,product_cij_louvain,0.03057169200019416
run_074,74,time_noise_60min,additive_cij_louvain,0.03289263800024855
run_074,74,time_noise_60min,additive_cij_louvain_matched_density,0.04931249899982504
run_074,74,time_noise_60min,product_cij_leiden,0.026996841999789467
run_074,74,time_noise_60min,geo_time_dbscan,0.003902252999978373
run_075,75,baseline,product_cij_louvain,0.03419657999984338
run_075,75,baseline,additive_cij_louvain,0.037305686000308924
run_075,75,baseline,additive_cij_louvain_matched_density,0.03437782899982267
run_075,75,baseline,product_cij_leiden,0.02577099099971747
run_075,75,baseline,geo_time_dbscan,0.00448493999965649
run_075,75,exact_transport_copy_2x,product_cij_louvain,0.09117454500028543
run_075,75,exact_transport_copy_2x,additive_cij_louvain,0.08643468400032361
run_075,75,exact_transport_copy_2x,additive_cij_louvain_matched_density,0.10118958900011421
run_075,75,exact_transport_copy_2x,product_cij_leiden,0.07121360100018137
run_075,75,exact_transport_copy_2x,geo_time_dbscan,0.008100616999854537
run_075,75,exact_transport_copy_5x,product_cij_louvain,0.33603298299976814
run_075,75,exact_transport_copy_5x,additive_cij_louvain,0.3549794800001109
run_075,75,exact_transport_copy_5x,additive_cij_louvain_matched_density,0.38353682200022376
run_075,75,exact_transport_copy_5x,product_cij_leiden,0.30875772900026277
run_075,75,exact_transport_copy_5x,geo_time_dbscan,0.044383202999597415
run_075,75,gps_noise_100m,product_cij_louvain,0.03325437900002726
run_075,75,gps_noise_100m,additive_cij_louvain,0.036635884000133956
run_075,75,gps_noise_100m,additive_cij_louvain_matched_density,0.03558771699999852
run_075,75,gps_noise_100m,product_cij_leiden,0.027006186000107846
run_075,75,gps_noise_100m,geo_time_dbscan,0.003835148000234767
run_075,75,gps_noise_300m,product_cij_louvain,0.03560315400000036
run_075,75,gps_noise_300m,additive_cij_louvain,0.03401355300002251
run_075,75,gps_noise_300m,additive_cij_louvain_matched_density,0.04798169700006838
run_075,75,gps_noise_300m,product_cij_leiden,0.02677642700018623
run_075,75,gps_noise_300m,geo_time_dbscan,0.003710700999818073
run_075,75,time_noise_15min,product_cij_louvain,0.04062066899996353
run_075,75,time_noise_15min,additive_cij_louvain,0.035176333999970666
run_075,75,time_noise_15min,additive_cij_louvain_matched_density,0.03836330700005419
run_075,75,time_noise_15min,product_cij_leiden,0.02648707899970759
run_075,75,time_noise_15min,geo_time_dbscan,0.003809648000242305
run_075,75,time_noise_60min,product_cij_louvain,0.03288771200004703
run_075,75,time_noise_60min,additive_cij_louvain,0.03386172400041687
run_075,75,time_noise_60min,additive_cij_louvain_matched_density,0.039089597999918624
run_075,75,time_noise_60min,product_cij_leiden,0.02549178299977939
run_075,75,time_noise_60min,geo_time_dbscan,0.003747639999801322
run_076,76,baseline,product_cij_louvain,0.0397728019997885
run_076,76,baseline,additive_cij_louvain,0.03831922700010182
run_076,76,baseline,additive_cij_louvain_matched_density,0.03609637299996393
run_076,76,baseline,product_cij_leiden,0.026975807000326313
run_076,76,baseline,geo_time_dbscan,0.0037068810001983366
run_076,76,exact_transport_copy_2x,product_cij_louvain,0.11619697900005121
run_076,76,exact_transport_copy_2x,additive_cij_louvain,0.09022559799996088
run_076,76,exact_transport_copy_2x,additive_cij_louvain_matched_density,0.10074330900033601
run_076,76,exact_transport_copy_2x,product_cij_leiden,0.08874241600005917
run_076,76,exact_transport_copy_2x,geo_time_dbscan,0.012754609000239725
run_076,76,exact_transport_copy_5x,product_cij_louvain,0.6279107939999449
run_076,76,exact_transport_copy_5x,additive_cij_louvain,0.5429682429999048
run_076,76,exact_transport_copy_5x,additive_cij_louvain_matched_density,0.5869832160001351
run_076,76,exact_transport_copy_5x,product_cij_leiden,0.47996827199995096
run_076,76,exact_transport_copy_5x,geo_time_dbscan,0.0527744400001211
run_076,76,gps_noise_100m,product_cij_louvain,0.0375930690001951
run_076,76,gps_noise_100m,additive_cij_louvain,0.039704438999706326
run_076,76,gps_noise_100m,additive_cij_louvain_matched_density,0.03607567300014125
run_076,76,gps_noise_100m,product_cij_leiden,0.027508340000167664
run_076,76,gps_noise_100m,geo_time_dbscan,0.26959635200000776
run_076,76,gps_noise_300m,product_cij_louvain,0.04265745699967738
run_076,76,gps_noise_300m,additive_cij_louvain,0.03437918899999204
run_076,76,gps_noise_300m,additive_cij_louvain_matched_density,0.043776636000075086
run_076,76,gps_noise_300m,product_cij_leiden,0.02834370900018257
run_076,76,gps_noise_300m,geo_time_dbscan,0.004503997000028903
run_076,76,time_noise_15min,product_cij_louvain,0.044843566000054125
run_076,76,time_noise_15min,additive_cij_louvain,0.03554918500003623
run_076,76,time_noise_15min,additive_cij_louvain_matched_density,0.04175590499971804
run_076,76,time_noise_15min,product_cij_leiden,0.02784611600009157
run_076,76,time_noise_15min,geo_time_dbscan,0.0037979029998496117
run_076,76,time_noise_60min,product_cij_louvain,0.03585520400019959
run_076,76,time_noise_60min,additive_cij_louvain,0.04267987599996559
run_076,76,time_noise_60min,additive_cij_louvain_matched_density,0.0360263530001248
run_076,76,time_noise_60min,product_cij_leiden,0.027291223999782233
run_076,76,time_noise_60min,geo_time_dbscan,0.0039278939998439455
run_077,77,baseline,product_cij_louvain,0.0659866940000029
run_077,77,baseline,additive_cij_louvain,0.059273949000271386
run_077,77,baseline,additive_cij_louvain_matched_density,0.05817647499998202
run_077,77,baseline,product_cij_leiden,0.035792791999938345
run_077,77,baseline,geo_time_dbscan,0.004811858000266511
run_077,77,exact_transport_copy_2x,product_cij_louvain,0.07799658400017506
run_077,77,exact_transport_copy_2x,additive_cij_louvain,0.07138689499970496
run_077,77,exact_transport_copy_2x,additive_cij_louvain_matched_density,0.0755419570000413
run_077,77,exact_transport_copy_2x,product_cij_leiden,0.05976824700019279
run_077,77,exact_transport_copy_2x,geo_time_dbscan,0.0073132780003106745
run_077,77,exact_transport_copy_5x,product_cij_louvain,0.2867631299995992
run_077,77,exact_transport_copy_5x,additive_cij_louvain,0.2837797270003648
run_077,77,exact_transport_copy_5x,additive_cij_louvain_matched_density,0.2965619470001002
run_077,77,exact_transport_copy_5x,product_cij_leiden,0.2559117830001014
run_077,77,exact_transport_copy_5x,geo_time_dbscan,0.035946819000400865
run_077,77,gps_noise_100m,product_cij_louvain,0.05249546699997154
run_077,77,gps_noise_100m,additive_cij_louvain,0.06502627200006827
run_077,77,gps_noise_100m,additive_cij_louvain_matched_density,0.07082693600023049
run_077,77,gps_noise_100m,product_cij_leiden,0.039717887999813684
run_077,77,gps_noise_100m,geo_time_dbscan,0.005219354000018939
run_077,77,gps_noise_300m,product_cij_louvain,0.06315687200003595
run_077,77,gps_noise_300m,additive_cij_louvain,0.059182642999985546
run_077,77,gps_noise_300m,additive_cij_louvain_matched_density,0.06332864099977087
run_077,77,gps_noise_300m,product_cij_leiden,0.03927706500007844
run_077,77,gps_noise_300m,geo_time_dbscan,0.004815382999822759
run_077,77,time_noise_15min,product_cij_louvain,0.04516836099992361
run_077,77,time_noise_15min,additive_cij_louvain,0.028643900999668404
run_077,77,time_noise_15min,additive_cij_louvain_matched_density,0.03499080999972648
run_077,77,time_noise_15min,product_cij_leiden,0.02313141500007987
run_077,77,time_noise_15min,geo_time_dbscan,0.003404368999781582
run_077,77,time_noise_60min,product_cij_louvain,0.028991367000344326
run_077,77,time_noise_60min,additive_cij_louvain,0.029249384000195278
run_077,77,time_noise_60min,additive_cij_louvain_matched_density,0.03508430000010776
run_077,77,time_noise_60min,product_cij_leiden,0.02149535799981095
run_077,77,time_noise_60min,geo_time_dbscan,0.0033969900000556663
run_078,78,baseline,product_cij_louvain,0.03248192499995639
run_078,78,baseline,additive_cij_louvain,0.028633031000026676
run_078,78,baseline,additive_cij_louvain_matched_density,0.030291627000224253
run_078,78,baseline,product_cij_leiden,0.02411902400035615
run_078,78,baseline,geo_time_dbscan,0.0034291500001017994
run_078,78,exact_transport_copy_2x,product_cij_louvain,0.08362493300001006
run_078,78,exact_transport_copy_2x,additive_cij_louvain,0.1095699570000761
run_078,78,exact_transport_copy_2x,additive_cij_louvain_matched_density,0.09410674000037034
run_078,78,exact_transport_copy_2x,product_cij_leiden,0.06427812200035987
run_078,78,exact_transport_copy_2x,geo_time_dbscan,0.007934760999887658
run_078,78,exact_transport_copy_5x,product_cij_louvain,0.32253000699984113
run_078,78,exact_transport_copy_5x,additive_cij_louvain,0.31370922299993254
run_078,78,exact_transport_copy_5x,additive_cij_louvain_matched_density,0.3181568410000182
run_078,78,exact_transport_copy_5x,product_cij_leiden,0.30207355699985783
run_078,78,exact_transport_copy_5x,geo_time_dbscan,0.0413755360000323
run_078,78,gps_noise_100m,product_cij_louvain,0.03329284299979918
run_078,78,gps_noise_100m,additive_cij_louvain,0.040049934000307985
run_078,78,gps_noise_100m,additive_cij_louvain_matched_density,0.039377417999730824
run_078,78,gps_noise_100m,product_cij_leiden,0.024889991999771155
run_078,78,gps_noise_100m,geo_time_dbscan,0.003789454000070691
run_078,78,gps_noise_300m,product_cij_louvain,0.04592120100005559
run_078,78,gps_noise_300m,additive_cij_louvain,0.03373171400016872
run_078,78,gps_noise_300m,additive_cij_louvain_matched_density,0.034500254999784374
run_078,78,gps_noise_300m,product_cij_leiden,0.02493813399996725
run_078,78,gps_noise_300m,geo_time_dbscan,0.003757741000299575
run_078,78,time_noise_15min,product_cij_louvain,0.04241049299980659
run_078,78,time_noise_15min,additive_cij_louvain,0.032809859000280994
run_078,78,time_noise_15min,additive_cij_louvain_matched_density,0.03555553800015332
run_078,78,time_noise_15min,product_cij_leiden,0.038772887000050105
run_078,78,time_noise_15min,geo_time_dbscan,0.003985579000072903
run_078,78,time_noise_60min,product_cij_louvain,0.03287740499990832
run_078,78,time_noise_60min,additive_cij_louvain,0.031059263999850373
run_078,78,time_noise_60min,additive_cij_louvain_matched_density,0.03672931000028257
run_078,78,time_noise_60min,product_cij_leiden,0.02562794400000712
run_078,78,time_noise_60min,geo_time_dbscan,0.003482511000129307
run_079,79,baseline,product_cij_louvain,0.04212218100019527
run_079,79,baseline,additive_cij_louvain,0.0429040129997702
run_079,79,baseline,additive_cij_louvain_matched_density,0.04032733699978053
run_079,79,baseline,product_cij_leiden,0.02892219999966983
run_079,79,baseline,geo_time_dbscan,0.0038741389998904197
run_079,79,exact_transport_copy_2x,product_cij_louvain,0.10618848399963099
run_079,79,exact_transport_copy_2x,additive_cij_louvain,0.11140807199990377
run_079,79,exact_transport_copy_2x,additive_cij_louvain_matched_density,0.11100311700010934
run_079,79,exact_transport_copy_2x,product_cij_leiden,0.07780391100004636
run_079,79,exact_transport_copy_2x,geo_time_dbscan,0.009057021999979042
run_079,79,exact_transport_copy_5x,product_cij_louvain,0.4144424999999501
run_079,79,exact_transport_copy_5x,additive_cij_louvain,0.4087177950000296
run_079,79,exact_transport_copy_5x,additive_cij_louvain_matched_density,0.652116875000047
run_079,79,exact_transport_copy_5x,product_cij_leiden,0.3364081049999186
run_079,79,exact_transport_copy_5x,geo_time_dbscan,0.047159636999822396
run_079,79,gps_noise_100m,product_cij_louvain,0.038707064000391256
run_079,79,gps_noise_100m,additive_cij_louvain,0.04272773000002417
run_079,79,gps_noise_100m,additive_cij_louvain_matched_density,0.03792029600026581
run_079,79,gps_noise_100m,product_cij_leiden,0.028628671999740618
run_079,79,gps_noise_100m,geo_time_dbscan,0.0038397039998017135
run_079,79,gps_noise_300m,product_cij_louvain,0.05119738200028223
run_079,79,gps_noise_300m,additive_cij_louvain,0.042140707000271505
run_079,79,gps_noise_300m,additive_cij_louvain_matched_density,0.040902877999997145
run_079,79,gps_noise_300m,product_cij_leiden,0.0284912320003059
run_079,79,gps_noise_300m,geo_time_dbscan,0.0037799830001858936
run_079,79,time_noise_15min,product_cij_louvain,0.039339770999959
run_079,79,time_noise_15min,additive_cij_louvain,0.034802372999820363
run_079,79,time_noise_15min,additive_cij_louvain_matched_density,0.0397480730002826
run_079,79,time_noise_15min,product_cij_leiden,0.028312386999914452
run_079,79,time_noise_15min,geo_time_dbscan,0.003834408999864536
run_079,79,time_noise_60min,product_cij_louvain,0.041565440999875136
run_079,79,time_noise_60min,additive_cij_louvain,0.04479863300002762
run_079,79,time_noise_60min,additive_cij_louvain_matched_density,0.040142981999906624
run_079,79,time_noise_60min,product_cij_leiden,0.028393382000103884
run_079,79,time_noise_60min,geo_time_dbscan,0.0036052209998160833
run_080,80,baseline,product_cij_louvain,0.0357306900000367
run_080,80,baseline,additive_cij_louvain,0.03647124100007204
run_080,80,baseline,additive_cij_louvain_matched_density,0.037070244000005914
run_080,80,baseline,product_cij_leiden,0.026647963999948843
run_080,80,baseline,geo_time_dbscan,0.0036505250000118394
run_080,80,exact_transport_copy_2x,product_cij_louvain,0.17036893700014843
run_080,80,exact_transport_copy_2x,additive_cij_louvain,0.18985428999985743
run_080,80,exact_transport_copy_2x,additive_cij_louvain_matched_density,0.15631614399990212
run_080,80,exact_transport_copy_2x,product_cij_leiden,0.10887192400014101
run_080,80,exact_transport_copy_2x,geo_time_dbscan,0.011715099999946688
run_080,80,exact_transport_copy_5x,product_cij_louvain,0.6446507759997075
run_080,80,exact_transport_copy_5x,additive_cij_louvain,0.5901067469999361
run_080,80,exact_transport_copy_5x,additive_cij_louvain_matched_density,0.6352045139997244
run_080,80,exact_transport_copy_5x,product_cij_leiden,0.5097775650001495
run_080,80,exact_transport_copy_5x,geo_time_dbscan,0.046842961000038486
run_080,80,gps_noise_100m,product_cij_louvain,0.034744080000109534
run_080,80,gps_noise_100m,additive_cij_louvain,0.0395294869999816
run_080,80,gps_noise_100m,additive_cij_louvain_matched_density,0.036143032000381936
run_080,80,gps_noise_100m,product_cij_leiden,0.02824222200024451
run_080,80,gps_noise_100m,geo_time_dbscan,0.003937779999887425
run_080,80,gps_noise_300m,product_cij_louvain,0.04266884400021809
run_080,80,gps_noise_300m,additive_cij_louvain,0.03570529499984332
run_080,80,gps_noise_300m,additive_cij_louvain_matched_density,0.03715565599986803
run_080,80,gps_noise_300m,product_cij_leiden,0.02688630300008299
run_080,80,gps_noise_300m,geo_time_dbscan,0.003788112999700388
run_080,80,time_noise_15min,product_cij_louvain,0.06767733600008796
run_080,80,time_noise_15min,additive_cij_louvain,0.06184443900019687
run_080,80,time_noise_15min,additive_cij_louvain_matched_density,0.08317983400002049
run_080,80,time_noise_15min,product_cij_leiden,0.041488163999929384
run_080,80,time_noise_15min,geo_time_dbscan,0.005242539999926521
run_080,80,time_noise_60min,product_cij_louvain,0.06286379599987413
run_080,80,time_noise_60min,additive_cij_louvain,0.06482268399986424
run_080,80,time_noise_60min,additive_cij_louvain_matched_density,0.05899789800014332
run_080,80,time_noise_60min,product_cij_leiden,0.04350177700007407
run_080,80,time_noise_60min,geo_time_dbscan,0.005330125999989832
