profile_id,unresponsive,respiratory_distress_or_cyanosis,heavy_bleeding,active_convulsions,high_risk_trauma,urgency_label
src-v5-001,0,0,0,0,0,0
src-v5-002,0,0,0,0,1,1
src-v5-003,0,0,0,1,0,1
src-v5-004,0,0,0,1,1,1
src-v5-005,0,0,1,0,0,1
src-v5-006,0,0,1,0,1,1
src-v5-007,0,0,1,1,0,1
src-v5-008,0,0,1,1,1,1
src-v5-009,0,1,0,0,0,1
src-v5-010,0,1,0,0,1,1
src-v5-011,0,1,0,1,0,1
src-v5-012,0,1,0,1,1,1
src-v5-013,0,1,1,0,0,1
src-v5-014,0,1,1,0,1,1
src-v5-015,0,1,1,1,0,1
src-v5-016,0,1,1,1,1,1
src-v5-017,1,0,0,0,0,1
src-v5-018,1,0,0,0,1,1
src-v5-019,1,0,0,1,0,1
src-v5-020,1,0,0,1,1,1
src-v5-021,1,0,1,0,0,1
src-v5-022,1,0,1,0,1,1
src-v5-023,1,0,1,1,0,1
src-v5-024,1,0,1,1,1,1
src-v5-025,1,1,0,0,0,1
src-v5-026,1,1,0,0,1,1
src-v5-027,1,1,0,1,0,1
src-v5-028,1,1,0,1,1,1
src-v5-029,1,1,1,0,0,1
src-v5-030,1,1,1,0,1,1
src-v5-031,1,1,1,1,0,1
src-v5-032,1,1,1,1,1,1
