round,train_unique_profiles,held_out_positive_profiles,feature_profile_overlap,recall_on_unseen_positive_profiles,min_probability,mean_probability,max_probability
1,28,4,0,0.75,0.4727744633544596,0.8087806786741744,0.9859861854542077
2,29,3,0,0.6666666666666666,0.4770274576790716,0.7013280107628752,0.8850034238220373
3,29,3,0,1.0,0.7352520940855387,0.8643756657422972,0.9610477839060031
4,29,3,0,0.6666666666666666,0.4770274576790715,0.7013280107628752,0.8850034238220373
5,29,3,0,1.0,0.7352520940855389,0.8643756657422973,0.9610477839060031
6,29,3,0,0.6666666666666666,0.4770274576790716,0.7013280107628752,0.8850034238220373
7,29,3,0,1.0,0.7352520940855389,0.8643756657422973,0.9610477839060031
8,29,3,0,0.6666666666666666,0.4770274576790715,0.7013280107628752,0.8850034238220373
9,29,3,0,1.0,0.7352520940855387,0.8643756657422972,0.9610477839060031
10,29,3,0,1.0,0.7441676841888192,0.8155404022232645,0.9582858382921551
