profile_id,rule_label,lr_probability,lr_label_at_0_5,match
src-v5-001,0,0.2576833073291778,0,PASS
src-v5-002,1,0.5126809256697812,1,PASS
src-v5-003,1,0.5126809256697812,1,PASS
src-v5-004,1,0.761244356099268,1,PASS
src-v5-005,1,0.5126809256697812,1,PASS
src-v5-006,1,0.761244356099268,1,PASS
src-v5-007,1,0.761244356099268,1,PASS
src-v5-008,1,0.9062168131849726,1,PASS
src-v5-009,1,0.5126809256697812,1,PASS
src-v5-010,1,0.761244356099268,1,PASS
src-v5-011,1,0.761244356099268,1,PASS
src-v5-012,1,0.9062168131849726,1,PASS
src-v5-013,1,0.761244356099268,1,PASS
src-v5-014,1,0.9062168131849726,1,PASS
src-v5-015,1,0.9062168131849726,1,PASS
src-v5-016,1,0.966980249706699,1,PASS
src-v5-017,1,0.5126809256697812,1,PASS
src-v5-018,1,0.761244356099268,1,PASS
src-v5-019,1,0.761244356099268,1,PASS
src-v5-020,1,0.9062168131849726,1,PASS
src-v5-021,1,0.761244356099268,1,PASS
src-v5-022,1,0.9062168131849726,1,PASS
src-v5-023,1,0.9062168131849726,1,PASS
src-v5-024,1,0.966980249706699,1,PASS
src-v5-025,1,0.761244356099268,1,PASS
src-v5-026,1,0.9062168131849726,1,PASS
src-v5-027,1,0.9062168131849726,1,PASS
src-v5-028,1,0.966980249706699,1,PASS
src-v5-029,1,0.9062168131849726,1,PASS
src-v5-030,1,0.966980249706699,1,PASS
src-v5-031,1,0.966980249706699,1,PASS
src-v5-032,1,0.9888582468913808,1,PASS
