baseline,mean_delta_ari,ci95_low,ci95_high,wins,ties,losses,wilcoxon_p_raw,wilcoxon_p_holm
dbscan_all,0.4331506019430041,0.3877787763911245,0.4787287527377651,40,0,0,1.8189894035458565e-12,1.6370904631912708e-11
geo_time_dbscan,0.40940758966263024,0.37063962059176,0.4475784226890908,40,0,0,1.8189894035458565e-12,1.6370904631912708e-11
spatial_agglomerative,0.2837312976451451,0.25738670742975184,0.3110340012082053,40,0,0,1.8189894035458565e-12,1.6370904631912708e-11
hdbscan_all,0.38675462405223454,0.3272236306603112,0.4497027613424742,40,0,0,1.8189894035458565e-12,1.6370904631912708e-11
coordinate_kmeans,0.08958249275618184,0.06598001318729858,0.11200461472242383,37,0,3,8.20273271529004e-08,4.10136635764502e-07
product_cij_leiden,-0.00926775762505339,-0.016953751475031108,-0.0028233811680194064,1,33,6,0.027991815485665747,0.11196726194266299
additive_cij_louvain_matched_density,0.009889575886482035,-0.0010047504945361195,0.020821217403933678,17,19,4,0.08534092651572474,0.25602277954717423
additive_cij_louvain,-0.0118431534969544,-0.022569038835731182,-0.0023996203485349694,9,19,12,0.0987409489608765,0.25602277954717423
convex_cij_louvain,-0.006248123314932091,-0.0156646348939195,0.003386269321946893,5,22,13,0.13297131332886625,0.25602277954717423
