report_id,created_at,user_id,name,phone,province,lat,lng,text_content,image_label,text_label,urgency_score,network_mode,sync_status
41eb92cb-3466-4ab6-8d09-730f934e7dbd,2026-05-20T12:57:00+00:00,b2616b10-2b55-45f7-868b-048eb701667e,Nguyen Van An,0339345092,Ha Tinh,18.359489,105.887468,"Gia dinh toi da on dinh, khong can ho tro them.",none,safe_update,0.1458,full,synced
3f6a9741-03ec-4c0c-8c89-6a6918e0970d,2026-05-20T15:17:00+00:00,f6ac352c-9772-421c-b3a2-c68d9602486c,Nguyen Van An,0931429110,Ha Tinh,18.359711,105.883214,Gia dinh toi da di chuyen len cao hon.,low,need_supplies,0.3035,full,pending
0d842149-1955-4513-b109-da2b178b181e,2026-05-20T13:57:00+00:00,4beae003-cb9b-49de-b2ee-e658e5b03977,Vo Minh Khoa,0915831819,Ha Tinh,18.354318,105.882858,Vung nay co nuoc ngap nhung chua qua nghiem trong.,low,need_supplies,0.38,full,synced
b4d355e2-2a5e-4d1d-bedb-2d72a1aa702b,2026-05-20T14:07:00+00:00,9f8c1c21-72f9-4220-a773-85187270f32a,Dang Ngoc Anh,0735808537,Ha Tinh,18.354108,105.882077,Xin cung cap thuc pham va nuoc sach cho khu vuc nay.,medium,safe_update,0.4228,full,pending
184e0080-8abf-4e76-9d33-ad2b23ea2fa2,2026-05-20T13:45:00+00:00,0e1e6e0b-39cb-4751-95d3-8957a255067e,Bui Thi Mai,0858966946,Ha Tinh,18.362266,105.887137,"Cuu voi! Nuoc vao toi mai nha, can nguoi den ngay.",high,urgent_rescue,0.6155,full,synced
909d3268-4984-434b-af86-0710483e32ff,2026-05-20T15:30:00+00:00,058436d6-ee3f-4338-9b2b-cf74f9514189,Pham Thu Ha,0472043515,Ha Tinh,18.361828,105.885271,Gia dinh toi da di chuyen len cao hon.,low,need_supplies,0.4552,metadata,synced
e5b127b2-1e08-4b87-b83a-f99482a930f8,2026-05-20T14:53:00+00:00,d6860c88-0a9a-416d-918b-888a877d4ec6,Nguyen Van An,0952339391,Ha Tinh,18.355375,105.882357,Xin cung cap thuc pham va nuoc sach cho khu vuc nay.,medium,urgent_rescue,0.6086,full,synced
2a2976d2-8359-4303-bf32-21ad80184fb0,2026-05-20T14:56:00+00:00,26902a3a-8ad0-40b9-bca4-8e341372ee90,Bui Thi Mai,0445551614,Ha Tinh,18.361286,105.882271,"Nha dang bi ngap mot phan, can ho tro di chuyen.",medium,need_supplies,0.5744,metadata,synced
8192f56d-1469-49cd-b7c6-140b0c79228f,2026-05-20T15:00:00+00:00,b801cf06-3df9-4e20-a283-b38c97bf1298,Le Hoang Nam,0776238574,Ha Tinh,18.357255,105.88469,"Duong vao con bi ngap nhe, hien tai van an toan.",low,irrelevant,0.4172,full,pending
e9cc572a-8d45-46ab-829b-8506ac76475c,2026-05-20T15:11:00+00:00,3a53a138-a42e-4acb-88a5-d56472e54f94,Bui Thi Mai,0743744231,Ha Tinh,18.354838,105.885563,Vung nay co nuoc ngap nhung chua qua nghiem trong.,low,need_supplies,0.5303,metadata,pending
b44b888e-1f8c-42c5-9aa9-56125cb1464d,2026-05-20T13:00:00+00:00,522aa901-f31e-4909-8691-24222efcff4c,Tran Thi Bich,0568353204,Ha Tinh,18.359534,105.884271,"Gia dinh toi da on dinh, khong can ho tro them.",none,irrelevant,0.3653,full,synced
30d670b5-c6d2-4107-8fa8-7e8334753e12,2026-05-20T13:38:00+00:00,1968c97b-ab36-4551-8d71-761a45a4b34f,Vo Minh Khoa,0995758349,Ha Tinh,18.362146,105.886296,Gia dinh toi da di chuyen len cao hon.,low,need_supplies,0.5638,full,synced
32cbc2c4-7e8b-45ce-aec6-e15bf148e0c3,2026-05-20T13:12:00+00:00,f5f4661d-3fbb-4d7e-ad2a-88111676d24c,Dang Ngoc Anh,0612614124,Ha Tinh,18.358253,105.886446,"Duong vao con bi ngap nhe, hien tai van an toan.",low,urgent_rescue,0.6158,full,synced
147d983c-484f-4ccd-8685-38189b575ddf,2026-05-20T13:49:00+00:00,33f56b71-9617-4f8c-9045-a8c7d09e8091,Bui Thi Mai,0919289546,Ha Tinh,18.355554,105.881607,Vung nay co nuoc ngap nhung chua qua nghiem trong.,low,urgent_rescue,0.6386,full,pending
09ea6a2e-54ce-4d7d-8c41-f648ccb8cda8,2026-05-22T11:59:00+00:00,9c3442a2-695b-42f2-b9a6-6f9863f2eebc,Hoang Gia Bao,0897225156,Ha Tinh,18.354842,105.889629,"Nha dang bi ngap mot phan, can ho tro di chuyen.",medium,safe_update,0.4491,metadata,synced
e550b191-d407-4b2d-969c-ec772f5e8c12,2026-05-22T12:08:00+00:00,404a693a-28da-4876-8e1c-fba63198daaa,Pham Thu Ha,0319528530,Ha Tinh,18.348504,105.885875,Xin cung cap thuc pham va nuoc sach cho khu vuc nay.,medium,urgent_rescue,0.5536,full,pending
1c278b34-83d8-4b6f-853c-4c888630797f,2026-05-22T11:13:00+00:00,8f89ccab-3d74-47a4-9df4-e06d108ef64a,Pham Thu Ha,0727758595,Ha Tinh,18.354218,105.88347,Vung nay co nuoc ngap nhung chua qua nghiem trong.,low,safe_update,0.4486,metadata,synced
08b6bf79-30de-41b8-8b39-26852ad2ac9b,2026-05-22T12:07:00+00:00,0307496d-740c-4fb0-819a-a04662dc125b,Hoang Gia Bao,0566851760,Ha Tinh,18.353543,105.8901,Gia dinh toi da di chuyen len cao hon.,low,need_supplies,0.5127,metadata,pending
f8faf86f-b138-4d09-be23-cb1c9611f928,2026-05-22T13:52:00+00:00,df756726-a483-4d13-ac60-da64a08f7147,Tran Thi Bich,0435714784,Ha Tinh,18.355339,105.883718,"Duong vao con bi ngap nhe, hien tai van an toan.",low,need_supplies,0.5371,full,synced
e303c555-967b-4d40-84e3-ec5c6c32ec6e,2026-05-22T12:16:00+00:00,02a95704-f496-43a2-87bc-09496ff185ac,Tran Thi Bich,0397529405,Ha Tinh,18.350645,105.890702,Thoi tiet hoi am uot nhung chua co ngap lu.,none,irrelevant,0.3582,metadata,synced
84001b8e-4b34-4852-ba13-f13591e1f377,2026-05-22T12:05:00+00:00,37df289e-fc3a-4b71-9dec-7231d2e65dbf,Nguyen Van An,0460864911,Ha Tinh,18.347978,105.887203,"Duong vao con bi ngap nhe, hien tai van an toan.",low,need_supplies,0.5319,full,synced
a792a373-33c1-4d12-a3b8-ec1767970206,2026-05-22T13:01:00+00:00,d6c81866-4233-457c-af69-f11b1f0c4cdd,Bui Thi Mai,0435487660,Ha Tinh,18.349049,105.889101,"Nha dang bi ngap mot phan, can ho tro di chuyen.",medium,safe_update,0.5501,metadata,synced
5e645c7a-7b7d-429f-acda-511dc66cd8e0,2026-05-22T13:23:00+00:00,3a5be93d-de91-4d9f-832e-9bbcad9030b6,Le Hoang Nam,0378159587,Ha Tinh,18.34703,105.885655,"Gia dinh toi da on dinh, khong can ho tro them.",none,irrelevant,0.3911,full,synced
d2833339-c6f1-4fa3-8667-fa3d6e0d4f17,2026-05-22T13:57:00+00:00,657ee3ec-c127-460c-aa5c-50e8a9470b60,Nguyen Van An,0721003626,Ha Tinh,18.354238,105.886466,"Cuu voi! Nuoc vao toi mai nha, can nguoi den ngay.",high,urgent_rescue,0.7952,full,synced
dc5edb5b-9128-447c-8c9c-8130a4ae00b4,2026-05-22T12:11:00+00:00,e8ed0c7b-decd-4420-88b7-c4a5335c9f3a,Vo Minh Khoa,0652436584,Ha Tinh,18.34832,105.889278,Vung nay co nuoc ngap nhung chua qua nghiem trong.,low,need_supplies,0.5811,metadata,pending
c0d0dfb5-3730-4eeb-ad85-1bb7786850ae,2026-05-22T13:44:00+00:00,ee10e25e-c66e-47cb-9d9b-606741b5fc81,Vo Minh Khoa,0456843172,Ha Tinh,18.355468,105.891797,Thoi tiet hoi am uot nhung chua co ngap lu.,none,safe_update,0.4867,metadata,synced
4d27772b-08bb-4c58-bca8-69bdbbcaefa3,2026-05-22T11:45:00+00:00,78b7ca7c-c783-4341-89ea-770b394fe97e,Nguyen Van An,0884437458,Ha Tinh,18.350425,105.887721,"Duong vao con bi ngap nhe, hien tai van an toan.",low,irrelevant,0.5093,full,synced
714454ea-9fd0-4886-8866-479e304a4ef6,2026-05-20T16:55:00+00:00,3b0614d6-cdbe-4a51-8358-d73d8aeb448e,Vo Minh Khoa,0775569635,Quang Binh,17.461421,106.61468,"Duong vao con bi ngap nhe, hien tai van an toan.",low,safe_update,0.3096,metadata,pending
1f2307bf-f7b2-45d8-ab96-5d8cfcd0f19d,2026-05-20T18:28:00+00:00,1e4ddaf1-e21a-4045-9846-c795f4ca3404,Vo Minh Khoa,0469302158,Quang Binh,17.462697,106.615275,"Thong tin cap nhat tinh hinh khu vuc, moi nguoi an toan.",none,irrelevant,0.1717,full,pending
ecc6ab39-8817-441a-be44-46f14e3ca864,2026-05-20T16:05:00+00:00,0b2a3d59-897c-45e7-86af-30032cec0bf6,Dang Ngoc Anh,0784158663,Quang Binh,17.467391,106.619004,"Gia dinh toi da on dinh, khong can ho tro them.",none,urgent_rescue,0.438,full,pending
ee4d8c40-e1c1-4f64-9af5-8105b83c5a4d,2026-05-20T15:56:00+00:00,25191c79-7ba2-4295-93a4-82c88b81bfda,Hoang Gia Bao,0730743797,Quang Binh,17.466975,106.614675,Vung nay co nuoc ngap nhung chua qua nghiem trong.,low,need_supplies,0.4831,full,pending
2001d2e4-1d6e-4d59-a3d5-f7ecc236eaf4,2026-05-20T16:31:00+00:00,49e09ad0-a099-4d2d-8854-73addde36690,Hoang Gia Bao,0999913412,Quang Binh,17.466818,106.613008,"Muc nuoc dang tang, can theo doi them.",medium,need_supplies,0.5653,metadata,pending
38d8a9d8-8c88-4a80-9bea-f9c9f16be424,2026-05-20T18:45:00+00:00,70ad61cd-2946-462c-b685-cb9f194244d1,Bui Thi Mai,0550962024,Quang Binh,17.459858,106.620634,Can ho tro khan cap vi nuoc dang len rat nhanh.,high,urgent_rescue,0.584,metadata,pending
d36b1c7e-3948-4899-8c0a-68e8d5ea3e9c,2026-05-20T18:34:00+00:00,0a66854f-42bd-4c0f-8f78-fc50ff7d235a,Vo Minh Khoa,0596098221,Quang Binh,17.460623,106.615739,"Khu nay ngap nang, can cuu ho gap, co nguoi mac ket.",high,irrelevant,0.488,full,synced
4f642ab4-b638-4799-a8c8-0c2509cd0069,2026-05-20T17:10:00+00:00,d6905961-fbd7-41cb-82af-2b863ab5e7e6,Vo Minh Khoa,0324549543,Quang Binh,17.467338,106.613823,"Khu nay ngap nang, can cuu ho gap, co nguoi mac ket.",high,urgent_rescue,0.7063,full,synced
9c8c65d9-5679-4e73-9c7e-a839dfe13454,2026-05-20T17:37:00+00:00,5ddfe190-3822-4222-8633-cbd1c252ba8a,Vo Minh Khoa,0368526649,Quang Binh,17.464341,106.617387,"Duong vao con bi ngap nhe, hien tai van an toan.",low,safe_update,0.4629,metadata,synced
7f6877e0-333a-4688-8ea3-a4f48005f9c1,2026-05-20T18:37:00+00:00,f0c32d12-5fa8-4671-a6c8-3c756ee9a3f2,Dang Ngoc Anh,0826726926,Quang Binh,17.460658,106.616666,"Khu nay ngap nang, can cuu ho gap, co nguoi mac ket.",high,irrelevant,0.5495,full,pending
ab925ef7-6b9b-4601-a5ca-5bfa699a3ff3,2026-05-20T17:30:00+00:00,f9b8908d-4d1d-4ccf-b3ca-6cd6cc22f54d,Hoang Gia Bao,0833357554,Quang Binh,17.461821,106.619059,Xin cung cap thuc pham va nuoc sach cho khu vuc nay.,medium,urgent_rescue,0.6781,full,synced
10e84823-7b16-4555-85bf-936ae310a14a,2026-05-20T15:46:00+00:00,101779f9-5e45-4549-b0da-3ef7d18b0c54,Dang Ngoc Anh,0669295515,Quang Binh,17.46162,106.614676,Xin cung cap thuc pham va nuoc sach cho khu vuc nay.,medium,need_supplies,0.6572,full,synced
8d22251b-b9c2-4824-a4ad-347466a1185b,2026-05-20T16:29:00+00:00,c960ad54-d80e-4578-b6a8-0208e2b33dfb,Tran Thi Bich,0941523529,Quang Binh,17.464815,106.615339,Xin cung cap thuc pham va nuoc sach cho khu vuc nay.,medium,need_supplies,0.6585,full,pending
0dfea266-71b2-4c35-9921-5d229ed97e1f,2026-05-20T15:52:00+00:00,c38613a3-4197-4bf4-9894-1f973ff05a3e,Bui Thi Mai,0694525678,Quang Binh,17.459301,106.62164,Xin cung cap thuc pham va nuoc sach cho khu vuc nay.,medium,safe_update,0.5952,full,synced
7b41c621-6269-4d54-beb7-18d7d05a4013,2026-05-22T02:12:00+00:00,34d593c5-23cb-4e3b-bc95-d04bf2da26f6,Bui Thi Mai,0384813739,Quang Binh,17.466277,106.621721,"Cuu voi! Nuoc vao toi mai nha, can nguoi den ngay.",high,need_supplies,0.5732,metadata,synced
87d1893f-c921-403a-bff5-e59149e9fb6f,2026-05-22T03:43:00+00:00,064a644c-95a1-4591-ba90-964c4ceec7fa,Bui Thi Mai,0777750178,Quang Binh,17.465279,106.628643,"Cuu voi! Nuoc vao toi mai nha, can nguoi den ngay.",high,irrelevant,0.4,metadata,synced
294336a6-2c05-439c-8913-821fb9536ebd,2026-05-22T02:25:00+00:00,439490d0-eeb8-49a7-977c-9927bd13640b,Vo Minh Khoa,0979967676,Quang Binh,17.465964,106.624024,Gia dinh toi da di chuyen len cao hon.,low,need_supplies,0.4772,full,synced
af5d8f86-e450-4651-a7f6-429ef65f3b4e,2026-05-22T02:58:00+00:00,461877f9-192f-4063-bfa4-b666cb0a227a,Le Hoang Nam,0461410126,Quang Binh,17.461381,106.622774,"Khu nay ngap nang, can cuu ho gap, co nguoi mac ket.",high,urgent_rescue,0.6975,full,pending
1cd32957-8253-4ed6-a452-ea8982564b8e,2026-05-22T03:29:00+00:00,da1efe89-6128-4b62-8929-87162217ccd7,Hoang Gia Bao,0988393811,Quang Binh,17.462249,106.623945,Thoi tiet hoi am uot nhung chua co ngap lu.,none,irrelevant,0.3667,full,synced
18cf7a63-0e37-4d95-b3ab-9fddcb330acb,2026-05-22T04:12:00+00:00,41ecd71f-7c8f-4c81-a31b-9fb45623df55,Hoang Gia Bao,0783300637,Quang Binh,17.462694,106.619805,"Muc nuoc dang tang, can theo doi them.",medium,safe_update,0.5671,metadata,synced
3e4a4985-83a8-46ce-ba5d-82a4eada9c5a,2026-05-22T02:54:00+00:00,58f53338-8860-4a73-b11a-128a3b103033,Hoang Gia Bao,0832151928,Quang Binh,17.463193,106.620013,"Muc nuoc dang tang, can theo doi them.",medium,safe_update,0.5805,metadata,synced
7ce43b22-a427-4d37-95bd-ca4f87831706,2026-05-22T04:01:00+00:00,5b39cf60-3f45-4efa-aff5-42cea6235185,Hoang Gia Bao,0471968116,Quang Binh,17.459514,106.623298,"Nha dang bi ngap mot phan, can ho tro di chuyen.",medium,urgent_rescue,0.6913,full,pending
000c486f-acff-43db-aa99-c60594e12c1f,2026-05-22T03:41:00+00:00,052f3372-6fb3-44fe-882b-024329c8772b,Hoang Gia Bao,0520993268,Quang Binh,17.462212,106.626603,Xin cung cap thuc pham va nuoc sach cho khu vuc nay.,medium,safe_update,0.563,metadata,pending
e179face-81c6-440c-9571-55ad88edc288,2026-05-22T03:14:00+00:00,45d41fa9-fd21-4dd6-aafe-ddbcf7a88230,Nguyen Van An,0436757737,Quang Binh,17.461289,106.620369,Can ho tro khan cap vi nuoc dang len rat nhanh.,high,urgent_rescue,0.794,full,pending
40577e19-807a-4f01-b7fe-53de01266920,2026-05-22T03:46:00+00:00,a9e80038-9450-4425-9762-e0654c8b405e,Dang Ngoc Anh,0491321540,Quang Binh,17.465296,106.624827,Gia dinh toi da di chuyen len cao hon.,low,safe_update,0.5244,metadata,pending
802c2371-d678-4508-b880-49bac2f9b1ac,2026-05-22T02:26:00+00:00,1ca99e85-d6c5-42e5-a8d9-37e884d9f1ae,Hoang Gia Bao,0636619372,Quang Binh,17.467953,106.620724,"Gia dinh toi da on dinh, khong can ho tro them.",none,safe_update,0.5001,full,synced
dd24bc94-291c-4f4b-bc71-d38be6824250,2026-05-22T02:11:00+00:00,d39c462f-d068-44fd-bb51-9f293f3ba1df,Nguyen Van An,0581503856,Quang Binh,17.465546,106.622466,"Cuu voi! Nuoc vao toi mai nha, can nguoi den ngay.",high,safe_update,0.7,full,synced
74a61d8d-a047-4fdb-9e5d-5e47efdaf544,2026-05-21T19:02:00+00:00,4cc128f6-7292-4a2f-9bd1-9b0e2f06c905,Vo Minh Khoa,0782232344,Quang Tri,16.749415,107.206826,"Muc nuoc dang tang, can theo doi them.",medium,need_supplies,0.3426,full,synced
08e94e98-0aaf-4a34-8233-178f7cdeb4b8,2026-05-21T20:01:00+00:00,0aac2202-5530-43eb-affe-a249e3a53ee8,Bui Thi Mai,0472372114,Quang Tri,16.74611,107.207033,Xin cung cap thuc pham va nuoc sach cho khu vuc nay.,medium,urgent_rescue,0.4586,full,pending
f9c82013-26c8-43f6-8ce1-3c91d95db71d,2026-05-21T19:36:00+00:00,224e1204-5dd0-42b7-abb7-b201f9e289bd,Dang Ngoc Anh,0590014570,Quang Tri,16.751353,107.201005,"Thong tin cap nhat tinh hinh khu vuc, moi nguoi an toan.",none,irrelevant,0.2194,full,pending
a722cf71-f6ec-4ce2-95d5-0f1bc661c4ff,2026-05-21T18:18:00+00:00,1917f8f0-e337-4b3d-b61c-014816e5d758,Bui Thi Mai,0875876924,Quang Tri,16.744465,107.205849,Gia dinh toi da di chuyen len cao hon.,low,safe_update,0.3573,full,pending
76b838d0-385d-4a93-a6ec-33012e543cdd,2026-05-21T19:13:00+00:00,d4c19c0f-e7a3-47b8-a79c-b7ca058afccd,Dang Ngoc Anh,0683871890,Quang Tri,16.749921,107.202124,"Duong vao con bi ngap nhe, hien tai van an toan.",low,safe_update,0.386,full,pending
4c0883e6-7e51-4529-9f3d-bc86094f9a19,2026-05-21T18:34:00+00:00,c9ebe159-ef4f-423b-b9d6-aed99173ff3b,Le Hoang Nam,0439042654,Quang Tri,16.74577,107.20586,Vung nay co nuoc ngap nhung chua qua nghiem trong.,low,safe_update,0.4099,full,synced
e6dbb5e3-a587-4f3d-b717-9a4748d01c48,2026-05-21T19:44:00+00:00,3e2fc61d-5a11-493d-893f-37a1b49358e4,Dang Ngoc Anh,0450569669,Quang Tri,16.749066,107.208193,"Nha dang bi ngap mot phan, can ho tro di chuyen.",medium,need_supplies,0.559,full,pending
e5c79853-1743-418b-acf5-ab941f8329d4,2026-05-21T17:43:00+00:00,fc2c0422-b5d4-4377-a2a2-f11c4b976c4a,Bui Thi Mai,0311646234,Quang Tri,16.748675,107.205645,"Thong tin cap nhat tinh hinh khu vuc, moi nguoi an toan.",none,irrelevant,0.3258,full,synced
74a3fd63-5272-49bd-945c-1130f4d92907,2026-05-21T18:17:00+00:00,a8b2078a-015f-4b66-8d9c-d7a4e232408a,Tran Thi Bich,0676001106,Quang Tri,16.752384,107.20164,"Cuu voi! Nuoc vao toi mai nha, can nguoi den ngay.",high,urgent_rescue,0.7119,full,pending
74fb20b8-b7bc-4e5f-bfe6-90f4c0431fe9,2026-05-21T18:08:00+00:00,6b454091-92c0-4cb6-84da-8ce02fb984c2,Hoang Gia Bao,0790010790,Quang Tri,16.750995,107.20791,Thoi tiet hoi am uot nhung chua co ngap lu.,none,safe_update,0.4143,full,synced
d691bafb-fbbe-43b9-9f54-6f1518656fc9,2026-05-21T19:25:00+00:00,690f6c8f-e338-4bf9-a2b5-2bc60a79c1e0,Nguyen Van An,0723318904,Quang Tri,16.751871,107.202044,Vung nay co nuoc ngap nhung chua qua nghiem trong.,low,safe_update,0.4941,full,pending
5afaf58e-108d-44ba-9fc7-122d751d79b0,2026-05-21T20:19:00+00:00,e0c8f126-d806-48b0-8c09-79a90434adb8,Hoang Gia Bao,0689699989,Quang Tri,16.744426,107.201527,Gia dinh toi da di chuyen len cao hon.,low,need_supplies,0.5382,full,pending
376e0e9a-b664-4d66-8f06-8711a040543e,2026-05-21T18:42:00+00:00,a74e7b45-3b5a-4d52-b92c-ff76c3deeeb3,Pham Thu Ha,0625405014,Quang Tri,16.750022,107.203454,Xin cung cap thuc pham va nuoc sach cho khu vuc nay.,medium,irrelevant,0.5485,full,synced
73e8a8d1-1125-4503-b43b-9c8689f7e64c,2026-05-21T18:06:00+00:00,45047619-a561-45dd-93f2-629fd1501e3a,Vo Minh Khoa,0626690465,Quang Tri,16.744338,107.200861,Gia dinh toi da di chuyen len cao hon.,low,safe_update,0.5179,full,synced
b4097cb6-faec-406f-919e-ca78dab6dd1a,2026-05-21T10:52:00+00:00,9446420e-c8ec-41ae-ba19-72435220c365,Nguyen Van An,0946173157,Quang Tri,16.746591,107.200187,"Thong tin cap nhat tinh hinh khu vuc, moi nguoi an toan.",none,safe_update,0.3093,metadata,pending
033b8a0e-3285-4e79-ab0e-28f87967408b,2026-05-21T11:14:00+00:00,89ae190a-ed2d-46d6-83b8-c04a69106bbd,Bui Thi Mai,0373083727,Quang Tri,16.745843,107.202998,"Duong vao con bi ngap nhe, hien tai van an toan.",low,safe_update,0.4117,full,synced
c52bbf8c-5368-4368-92ad-72086f37f3f0,2026-05-21T09:43:00+00:00,8048b7e3-ea83-40ad-8dcb-64274afb3e0a,Nguyen Van An,0621819185,Quang Tri,16.742948,107.200996,"Duong vao con bi ngap nhe, hien tai van an toan.",low,irrelevant,0.3866,full,synced
eb81e3b7-8d18-4446-83de-4d775aa899b7,2026-05-21T10:45:00+00:00,95a775f0-150c-44ab-b70b-39a9c625fedf,Bui Thi Mai,0617275149,Quang Tri,16.747764,107.202177,"Gia dinh toi da on dinh, khong can ho tro them.",none,irrelevant,0.3566,full,synced
8de33101-b717-4922-b589-d7fc18681265,2026-05-21T11:42:00+00:00,746d947d-3052-45fa-ab49-19bb56cf9506,Vo Minh Khoa,0675056916,Quang Tri,16.743958,107.195218,"Duong vao con bi ngap nhe, hien tai van an toan.",low,need_supplies,0.4762,metadata,synced
55492b7a-c35a-4cdc-853c-95e99008f8a9,2026-05-21T10:03:00+00:00,948455df-78ab-4f25-ab64-6309339abedc,Pham Thu Ha,0925228493,Quang Tri,16.746368,107.19755,"Thong tin cap nhat tinh hinh khu vuc, moi nguoi an toan.",none,safe_update,0.4116,full,synced
4fc95853-ba20-4e6c-8d8f-298918fd1cf3,2026-05-21T11:09:00+00:00,c7fa2c42-236b-4589-9800-f63c48e2eb2e,Bui Thi Mai,0642713008,Quang Tri,16.748374,107.19738,Xin cung cap thuc pham va nuoc sach cho khu vuc nay.,medium,need_supplies,0.6161,full,pending
6c8d8215-ac35-4665-b24c-46924655903f,2026-05-21T11:35:00+00:00,804eac99-1d0f-4de1-b387-b53e0a1f2a12,Hoang Gia Bao,0578147397,Quang Tri,16.744554,107.202667,"Cuu voi! Nuoc vao toi mai nha, can nguoi den ngay.",high,urgent_rescue,0.7674,full,synced
fb098a8e-9957-44eb-b23d-60a8ce0983ce,2026-05-21T11:32:00+00:00,6d603e3a-1068-430c-a904-d33632b8ab16,Bui Thi Mai,0554619335,Quang Tri,16.745199,107.200693,"Khu nay ngap nang, can cuu ho gap, co nguoi mac ket.",high,urgent_rescue,0.7757,full,synced
18fa4f6d-7365-49e7-b857-c7cd7fbc4177,2026-05-21T10:24:00+00:00,495c5a95-ec24-41c5-b7ef-165110994a57,Hoang Gia Bao,0352704903,Quang Tri,16.747806,107.20358,Vung nay co nuoc ngap nhung chua qua nghiem trong.,low,need_supplies,0.6029,full,synced
4bdbe8e6-c718-4e08-a56c-bacfaf7d2fc5,2026-05-21T10:40:00+00:00,c365696c-e88c-4ab7-a855-b884d84f7000,Nguyen Van An,0477416376,Quang Tri,16.748876,107.201885,"Muc nuoc dang tang, can theo doi them.",medium,urgent_rescue,0.7333,full,pending
a9aa3e8d-e36c-4157-a78a-b7e7fc2db61a,2026-05-21T10:54:00+00:00,77ce6e03-0a95-4cf1-a87a-213f06b2bb56,Le Hoang Nam,0373013961,Quang Tri,16.740877,107.202947,Thoi tiet hoi am uot nhung chua co ngap lu.,none,need_supplies,0.5244,full,synced
c23ab1f3-d03b-4aaf-bc23-b37df1779e66,2026-05-21T10:43:00+00:00,4d842e35-8be4-4601-84a9-b001f30911ee,Hoang Gia Bao,0594127561,Quang Tri,16.745828,107.202419,"Khu nay ngap nang, can cuu ho gap, co nguoi mac ket.",high,safe_update,0.7046,metadata,synced
680d5586-1e09-4b19-bd85-ab778671a4e9,2026-05-20T04:07:00+00:00,6a334668-db6f-4ffe-b697-a1f9d4564cf3,Tran Thi Bich,0632329103,Thua Thien Hue,16.460042,107.59098,"Thong tin cap nhat tinh hinh khu vuc, moi nguoi an toan.",none,irrelevant,0.1082,metadata,pending
27b67b9b-1a3e-4c2c-9a25-bc37c6298b95,2026-05-20T03:23:00+00:00,bac2cae7-95a2-4eb4-96b4-ab3202cd457c,Le Hoang Nam,0433497411,Thua Thien Hue,16.455961,107.590448,"Duong vao con bi ngap nhe, hien tai van an toan.",low,safe_update,0.2749,metadata,synced
47dc53d8-a94f-40e0-bec9-f23b02539e9f,2026-05-20T04:10:00+00:00,6488201d-4f19-4d8e-ac09-8d5746bbb8c8,Bui Thi Mai,0599501846,Thua Thien Hue,16.4578,107.592322,"Duong vao con bi ngap nhe, hien tai van an toan.",low,safe_update,0.3198,metadata,synced
8d899b41-e8c8-4de1-a935-a20cb39395dc,2026-05-20T06:02:00+00:00,8979eb88-4ee8-4ef2-acd4-47d939e6296a,Vo Minh Khoa,0866949781,Thua Thien Hue,16.45824,107.587739,"Khu nay ngap nang, can cuu ho gap, co nguoi mac ket.",high,irrelevant,0.4337,full,pending
1b7d1443-c2dd-4d13-aaf8-a7ee8acb6e83,2026-05-20T04:47:00+00:00,d3cbe441-3e49-4ef3-b6b0-b808456a86ea,Vo Minh Khoa,0849625201,Thua Thien Hue,16.461001,107.588034,"Nha dang bi ngap mot phan, can ho tro di chuyen.",medium,need_supplies,0.511,metadata,synced
c6cdef2f-9a6a-4b39-a521-866f8119b05a,2026-05-20T03:11:00+00:00,02ead3db-6fec-42ff-a424-d3ebbad4f685,Bui Thi Mai,0948412328,Thua Thien Hue,16.458414,107.593246,"Khu nay ngap nang, can cuu ho gap, co nguoi mac ket.",high,urgent_rescue,0.6416,full,synced
38ec87b4-b757-4974-8af8-69b7c18a4420,2026-05-20T04:05:00+00:00,77639445-4daa-494e-ac95-98ced8e6a383,Le Hoang Nam,0823041121,Thua Thien Hue,16.459051,107.592662,Can ho tro khan cap vi nuoc dang len rat nhanh.,high,need_supplies,0.6219,full,pending
fd673205-18d4-4e53-8367-316abb9b2308,2026-05-20T05:01:00+00:00,daced42a-4594-4228-b04c-b76ea68a8af3,Dang Ngoc Anh,0865767881,Thua Thien Hue,16.453621,107.590358,"Duong vao con bi ngap nhe, hien tai van an toan.",low,irrelevant,0.4088,full,synced
6e288fb6-1bb1-4b94-a867-1ec3b0099d27,2026-05-20T04:42:00+00:00,2a8f38ce-2c0b-4396-93dc-604c6adca84c,Bui Thi Mai,0949613214,Thua Thien Hue,16.458099,107.595295,"Khu nay ngap nang, can cuu ho gap, co nguoi mac ket.",high,urgent_rescue,0.7092,full,pending
0e8cab35-e39d-4a15-bf61-817f9e9f1c48,2026-05-20T03:28:00+00:00,5b5feecd-1af4-4161-9709-fb975293743d,Hoang Gia Bao,0984801233,Thua Thien Hue,16.454588,107.595772,"Cuu voi! Nuoc vao toi mai nha, can nguoi den ngay.",high,need_supplies,0.6567,metadata,pending
f7ab85cc-ab40-4cde-8664-fa227a2f3d21,2026-05-20T05:26:00+00:00,b341ca4e-b6f8-4c55-b0c4-ab45465bb038,Hoang Gia Bao,0995704631,Thua Thien Hue,16.454433,107.590391,Can ho tro khan cap vi nuoc dang len rat nhanh.,high,urgent_rescue,0.7234,full,pending
4f4c0c62-3c51-4c31-99f4-b8116d12ec05,2026-05-20T03:15:00+00:00,12811907-9c78-481e-b230-a812f6b760f8,Tran Thi Bich,0872312933,Thua Thien Hue,16.458897,107.595562,"Muc nuoc dang tang, can theo doi them.",medium,need_supplies,0.6186,full,synced
22e2dfab-6559-4800-916d-a9c595788502,2026-05-20T03:44:00+00:00,e2f0cd98-71fa-4c35-bba9-1fa77008ef2f,Pham Thu Ha,0728208520,Thua Thien Hue,16.453729,107.587409,"Cuu voi! Nuoc vao toi mai nha, can nguoi den ngay.",high,urgent_rescue,0.7501,full,synced
270653de-7d04-4f82-8d32-b6adf97857df,2026-05-20T06:07:00+00:00,6896bd34-82d1-4706-b726-97ea875518b5,Hoang Gia Bao,0823290458,Thua Thien Hue,16.461835,107.590846,Can ho tro khan cap vi nuoc dang len rat nhanh.,high,urgent_rescue,0.7326,full,synced
e2be0db2-6427-4a6e-a7de-2d22f8df6de7,2026-05-21T10:32:00+00:00,28fd28ee-29c6-4c1f-8950-a7e38736273e,Dang Ngoc Anh,0363437398,Thua Thien Hue,16.468482,107.583001,"Nha dang bi ngap mot phan, can ho tro di chuyen.",medium,need_supplies,0.5298,metadata,synced
1619ee56-9efe-46e5-ad22-5f8527e0146c,2026-05-21T11:28:00+00:00,43173386-c53c-4740-86f9-600ca320d2bb,Nguyen Van An,0954762841,Thua Thien Hue,16.461608,107.584016,"Nha dang bi ngap mot phan, can ho tro di chuyen.",medium,irrelevant,0.5388,full,synced
1a961756-9943-49bb-9e56-a30aad38cf12,2026-05-21T09:49:00+00:00,802e813a-d3ed-45e5-8033-878c2a96d721,Pham Thu Ha,0529804386,Thua Thien Hue,16.468252,107.587095,"Muc nuoc dang tang, can theo doi them.",medium,safe_update,0.5335,full,pending
ec0853f6-9fe3-436a-89c2-3bf59d30f580,2026-05-21T10:09:00+00:00,6d5dd128-f3fe-41ab-84a3-c281473d27ac,Nguyen Van An,0411994519,Thua Thien Hue,16.469671,107.586969,"Nha dang bi ngap mot phan, can ho tro di chuyen.",medium,urgent_rescue,0.6625,metadata,synced
d0b5fad6-7582-420a-905a-5e7f67b2e494,2026-05-21T09:36:00+00:00,01eb194b-d5f7-486b-bbc8-b1f8d93e21f4,Tran Thi Bich,0670166480,Thua Thien Hue,16.462352,107.582579,"Muc nuoc dang tang, can theo doi them.",medium,need_supplies,0.6378,full,pending
9d8b8117-3fe8-49eb-94ab-fb0fca3cd3a2,2026-05-21T11:40:00+00:00,37c2f6a7-dbeb-4821-865f-b1a68c54f1f8,Vo Minh Khoa,0696347724,Thua Thien Hue,16.462777,107.587643,"Muc nuoc dang tang, can theo doi them.",medium,safe_update,0.6281,full,synced
6d4e09fa-dbba-459b-9ace-a95a95f8cdb9,2026-05-21T11:14:00+00:00,32a62bc2-a7f5-43ac-bdcb-38ca81e27a54,Tran Thi Bich,0591644298,Thua Thien Hue,16.46462,107.583079,"Nha dang bi ngap mot phan, can ho tro di chuyen.",medium,need_supplies,0.6642,full,synced
76265216-eeaa-45b0-b4fb-6b76d2f7fe09,2026-05-21T12:01:00+00:00,6744d89a-10a8-4d98-abcf-4212b34d0f87,Bui Thi Mai,0791259008,Thua Thien Hue,16.465719,107.585034,"Cuu voi! Nuoc vao toi mai nha, can nguoi den ngay.",high,urgent_rescue,0.7813,metadata,pending
149c004d-9f18-4c69-8466-959cfbb8aef9,2026-05-21T12:19:00+00:00,65800209-9b6d-41b1-9c0e-71648e350694,Bui Thi Mai,0465541117,Thua Thien Hue,16.466642,107.589028,"Nha dang bi ngap mot phan, can ho tro di chuyen.",medium,urgent_rescue,0.7223,full,synced
d9916557-207f-41bf-90ee-b3ebbf98dff9,2026-05-21T09:56:00+00:00,46d768e1-8176-458e-ae5b-6211e6e0de51,Bui Thi Mai,0322243983,Thua Thien Hue,16.463596,107.58492,Vung nay co nuoc ngap nhung chua qua nghiem trong.,low,irrelevant,0.5246,full,pending
dfec4327-7f9a-4f05-bf45-3f6b7c823d02,2026-05-21T11:07:00+00:00,e28bdbab-8d06-4d4d-a71a-f5adf0f93c41,Dang Ngoc Anh,0826405605,Thua Thien Hue,16.468089,107.587115,Xin cung cap thuc pham va nuoc sach cho khu vuc nay.,medium,need_supplies,0.6952,metadata,synced
e7c768f1-9ded-44b2-b10d-8176582eeddb,2026-05-21T11:20:00+00:00,c799a955-9c0a-43d5-8690-ec0bc3da80ee,Dang Ngoc Anh,0387566910,Thua Thien Hue,16.468596,107.588597,"Khu nay ngap nang, can cuu ho gap, co nguoi mac ket.",high,need_supplies,0.7693,full,synced
e018c86b-4d00-4354-99ed-db8a351e619e,2026-05-21T09:59:00+00:00,e3fa9ae6-c8aa-4736-8965-093eed14af47,Pham Thu Ha,0967594492,Thua Thien Hue,16.463934,107.587114,Thoi tiet hoi am uot nhung chua co ngap lu.,none,safe_update,0.5309,metadata,synced
35db3e37-ca39-465c-bd1c-4ca571d4f2c0,2026-05-22T21:38:00+00:00,a6013380-04f4-4b11-a4c9-e9606174f573,Nguyen Van An,0429226889,Da Nang,16.052432,108.205718,Xin cung cap thuc pham va nuoc sach cho khu vuc nay.,medium,need_supplies,0.3674,full,pending
65d4a48a-345d-46a8-855d-6654e1db8833,2026-05-23T00:13:00+00:00,27cf8c44-0c1e-4f33-b0a0-5ab1f7f1f881,Bui Thi Mai,0531127115,Da Nang,16.059554,108.20022,"Nha dang bi ngap mot phan, can ho tro di chuyen.",medium,need_supplies,0.4057,metadata,synced
7bf94061-5c88-487c-ac05-3b61dac15b04,2026-05-22T23:56:00+00:00,c815c8e7-9e14-459e-a526-8b49de57b597,Nguyen Van An,0820949687,Da Nang,16.056174,108.207344,"Duong vao con bi ngap nhe, hien tai van an toan.",low,safe_update,0.3309,full,synced
dc8c4bf9-3771-4b71-a53b-acb870bf8f4c,2026-05-22T23:24:00+00:00,2220ddf7-3ab5-44c8-aaf0-e8d801290dc9,Tran Thi Bich,0589609131,Da Nang,16.054536,108.201334,Xin cung cap thuc pham va nuoc sach cho khu vuc nay.,medium,need_supplies,0.5147,full,pending
9e3a49c6-b11d-41c5-ae91-b2d4d7f2e3ab,2026-05-22T23:12:00+00:00,8b65560f-9e30-42a0-b40d-afc2b7a132fc,Le Hoang Nam,0944295247,Da Nang,16.059668,108.199887,"Duong vao con bi ngap nhe, hien tai van an toan.",low,irrelevant,0.3629,full,synced
f405bb6b-2124-4147-8e80-1270a79c0026,2026-05-22T23:21:00+00:00,26ac8689-aa98-436d-a888-2b2cfe9bc32c,Dang Ngoc Anh,0363293990,Da Nang,16.052389,108.202816,Can ho tro khan cap vi nuoc dang len rat nhanh.,high,urgent_rescue,0.6855,full,pending
ebacaa0e-5fdf-426a-b520-18f0212f0733,2026-05-22T21:50:00+00:00,c7dcdfb2-7bdf-4318-b5d7-20c1821545ed,Hoang Gia Bao,0525458308,Da Nang,16.058567,108.204576,Xin cung cap thuc pham va nuoc sach cho khu vuc nay.,medium,safe_update,0.5016,metadata,pending
1c8fc6de-c718-44d8-973b-60130e3d2df2,2026-05-23T00:09:00+00:00,05e53832-a929-441f-8128-004a5372f5f6,Tran Thi Bich,0468475513,Da Nang,16.054949,108.2056,Xin cung cap thuc pham va nuoc sach cho khu vuc nay.,medium,need_supplies,0.5888,full,synced
7135f0e7-67f0-44f9-8b11-2407f2987980,2026-05-22T22:50:00+00:00,6d9a4f15-6691-40c4-b876-64eae645e797,Tran Thi Bich,0778444607,Da Nang,16.05752,108.201388,"Cuu voi! Nuoc vao toi mai nha, can nguoi den ngay.",high,urgent_rescue,0.7398,metadata,synced
46caa684-7f17-4a90-a5c0-baf3a597708a,2026-05-23T00:16:00+00:00,3b716704-6413-4b8b-9366-567787eee99f,Le Hoang Nam,0997980930,Da Nang,16.058143,108.20152,"Duong vao con bi ngap nhe, hien tai van an toan.",low,need_supplies,0.5564,metadata,synced
616c9ba5-b2cb-4146-8508-f2ea609d9cc2,2026-05-22T23:29:00+00:00,47bcc9bf-26ca-4fa1-84a6-8797bd648081,Dang Ngoc Anh,0994183695,Da Nang,16.057598,108.206233,"Nha dang bi ngap mot phan, can ho tro di chuyen.",medium,irrelevant,0.5539,full,synced
9c3aca28-dd67-4ff0-bc9a-10e0cfdee198,2026-05-23T00:12:00+00:00,bf6457ee-26d5-44f5-a893-6ee8f72c63b8,Vo Minh Khoa,0670654852,Da Nang,16.053533,108.201866,"Gia dinh toi da on dinh, khong can ho tro them.",none,irrelevant,0.4214,full,pending
e02fd86c-9105-4913-b7eb-5a620fdb808e,2026-05-23T00:16:00+00:00,aeeda0aa-1ee0-401f-95dd-2eb348c4eb19,Bui Thi Mai,0784399083,Da Nang,16.058586,108.207092,Can ho tro khan cap vi nuoc dang len rat nhanh.,high,urgent_rescue,0.7841,metadata,pending
a21bf040-d851-4d68-acdb-36222b783a36,2026-05-22T23:57:00+00:00,c0104885-54e0-425f-8c37-bfd5e3f88729,Nguyen Van An,0623891786,Da Nang,16.056674,108.202288,"Muc nuoc dang tang, can theo doi them.",medium,urgent_rescue,0.7289,metadata,synced
202bd0ff-3d25-45e6-9950-22690a4cedc6,2026-05-20T10:54:00+00:00,2879d91d-0de3-4372-928b-c70cff6d20d4,Hoang Gia Bao,0655414869,Da Nang,16.05597,108.197458,Xin cung cap thuc pham va nuoc sach cho khu vuc nay.,medium,safe_update,0.4315,full,synced
8c5b241c-b283-4cd1-995b-1f29da4415b7,2026-05-20T10:27:00+00:00,a9f2551b-9a49-4868-b03b-c46d635e769a,Le Hoang Nam,0520939011,Da Nang,16.051847,108.19282,"Khu nay ngap nang, can cuu ho gap, co nguoi mac ket.",high,urgent_rescue,0.5614,full,pending
36ada92c-d96d-4b09-9475-a92d5b52d73a,2026-05-20T11:49:00+00:00,c0bb845e-c389-4cb7-8fb4-6529c458f038,Vo Minh Khoa,0760557040,Da Nang,16.05754,108.195497,"Khu nay ngap nang, can cuu ho gap, co nguoi mac ket.",high,irrelevant,0.5798,full,pending
e1687c0d-172a-4447-9efe-3b35bc4014c2,2026-05-20T12:01:00+00:00,3f830c50-bd54-4585-9050-66b9cbc12adc,Hoang Gia Bao,0758563745,Da Nang,16.058714,108.198619,"Cuu voi! Nuoc vao toi mai nha, can nguoi den ngay.",high,urgent_rescue,0.7694,full,synced
ea1059cc-5f3c-44d0-a719-61beedc5132f,2026-05-20T10:29:00+00:00,92988fd2-e653-480d-941e-c6146557be0c,Tran Thi Bich,0523574883,Da Nang,16.059783,108.196346,Gia dinh toi da di chuyen len cao hon.,low,need_supplies,0.5092,full,synced
18c5a03e-495b-4ad0-a60f-399cc6da1787,2026-05-20T11:16:00+00:00,9aeed35f-49e7-4e3d-9407-12f169aa94f3,Hoang Gia Bao,0431776452,Da Nang,16.051593,108.195001,"Cuu voi! Nuoc vao toi mai nha, can nguoi den ngay.",high,urgent_rescue,0.7235,full,synced
3c1d6bbf-b0ec-4d9c-8a3d-f8ef6bb8b67c,2026-05-20T09:44:00+00:00,c16725a8-b027-443b-9676-edfc217c599b,Bui Thi Mai,0748242379,Da Nang,16.057744,108.192363,"Muc nuoc dang tang, can theo doi them.",medium,safe_update,0.5052,metadata,pending
457890b0-ef23-4a71-82d9-9c557ffbc0de,2026-05-20T10:03:00+00:00,a55708a9-734b-4420-8355-15f16efa59ad,Dang Ngoc Anh,0886560394,Da Nang,16.054039,108.199247,"Muc nuoc dang tang, can theo doi them.",medium,safe_update,0.5875,full,pending
30d559b0-c931-4c2c-8bd6-5c54dcff2442,2026-05-20T10:39:00+00:00,fd46b70d-c367-4060-8e70-0ed270057776,Le Hoang Nam,0943554863,Da Nang,16.05578,108.195738,"Duong vao con bi ngap nhe, hien tai van an toan.",low,need_supplies,0.5728,full,synced
e26cfce4-4f2e-4e7d-b76c-c62f574c1830,2026-05-20T09:28:00+00:00,b4d912e5-8c8c-48e2-92ea-a22ec92ac044,Le Hoang Nam,0570306604,Da Nang,16.057656,108.196613,Vung nay co nuoc ngap nhung chua qua nghiem trong.,low,need_supplies,0.5686,full,synced
bc2b8bb6-2434-425a-a91c-298256fd6ccf,2026-05-20T09:58:00+00:00,ad652201-cfba-41a7-8004-ceab23cbcd14,Hoang Gia Bao,0760192261,Da Nang,16.058604,108.199931,"Cuu voi! Nuoc vao toi mai nha, can nguoi den ngay.",high,urgent_rescue,0.7882,metadata,synced
fba59f00-dac9-4350-86e0-d24ff7cc286f,2026-05-20T09:09:00+00:00,ff385726-1fb3-48f4-8306-51db5e3ecbbe,Le Hoang Nam,0415140967,Da Nang,16.054122,108.192861,"Cuu voi! Nuoc vao toi mai nha, can nguoi den ngay.",high,urgent_rescue,0.7551,metadata,synced
22cb4a44-d253-459f-bc5d-5cd917a623ae,2026-05-20T09:37:00+00:00,877ddcae-6464-44cd-b43b-fc9dbac6c87e,Nguyen Van An,0538944689,Da Nang,16.058083,108.196192,Can ho tro khan cap vi nuoc dang len rat nhanh.,high,safe_update,0.6759,full,synced
fd36fc2c-11b0-4080-ae8f-765c6638d8c0,2026-05-22T18:09:00+00:00,53e1219d-9f3d-41e8-8a47-f931b05edbcf,Bui Thi Mai,0781947921,Quang Nam,15.53198,108.246708,"Nha dang bi ngap mot phan, can ho tro di chuyen.",medium,urgent_rescue,0.4129,full,pending
c85ccc1e-2d3b-440e-80ba-8c4bb2fa95d9,2026-05-22T18:33:00+00:00,c9026710-af97-4d50-a684-45b117e4cc7d,Le Hoang Nam,0899686286,Quang Nam,15.532456,108.240971,"Duong vao con bi ngap nhe, hien tai van an toan.",low,safe_update,0.2963,metadata,pending
b9d0bd35-6612-4af3-9e2d-f760e8e1a4ae,2026-05-22T20:11:00+00:00,64a4d122-f235-40f3-9283-a3fbc05c9581,Bui Thi Mai,0395318289,Quang Nam,15.534731,108.248035,Gia dinh toi da di chuyen len cao hon.,low,urgent_rescue,0.4742,full,synced
50faa4ed-6a10-41e7-85a3-b290e44d59d7,2026-05-22T19:28:00+00:00,e59869c0-79b5-4276-b643-db14f3049e41,Dang Ngoc Anh,0415950635,Quang Nam,15.536931,108.24406,"Nha dang bi ngap mot phan, can ho tro di chuyen.",medium,safe_update,0.4457,full,synced
bf9de8e0-e389-4543-b76a-7e62b08c7ccf,2026-05-22T20:52:00+00:00,e49e04e3-44d4-4f2b-899b-4ca22fa9b0cf,Tran Thi Bich,0871428713,Quang Nam,15.534016,108.247216,"Nha dang bi ngap mot phan, can ho tro di chuyen.",medium,safe_update,0.489,full,synced
11332806-c174-45ca-8dc7-b0a421e30f03,2026-05-22T18:07:00+00:00,2fc2a2df-79a5-4e3b-ae84-476340d27f7e,Bui Thi Mai,0514915156,Quang Nam,15.532675,108.243748,Vung nay co nuoc ngap nhung chua qua nghiem trong.,low,safe_update,0.4014,full,synced
2403d1a2-e627-4983-9569-05ea085bf904,2026-05-22T18:09:00+00:00,d89e74fa-faa7-48b7-b6b1-f8a039a3c714,Hoang Gia Bao,0869020451,Quang Nam,15.537626,108.243945,Thoi tiet hoi am uot nhung chua co ngap lu.,none,safe_update,0.3601,full,synced
c1cb6540-9f24-4e73-ab51-5f9e85fd9a01,2026-05-22T20:04:00+00:00,8d2724a0-7106-4741-8827-1c4edeed25d7,Tran Thi Bich,0866975380,Quang Nam,15.536063,108.244263,"Nha dang bi ngap mot phan, can ho tro di chuyen.",medium,need_supplies,0.6142,full,synced
404a1b06-cc66-4e26-b3d9-5a1c42078d73,2026-05-22T20:16:00+00:00,9de3703f-ae23-4ee6-8bd7-de450a96f94c,Bui Thi Mai,0767192331,Quang Nam,15.532478,108.241881,"Duong vao con bi ngap nhe, hien tai van an toan.",low,need_supplies,0.5392,full,synced
99632ef3-d016-4855-87b5-08bf52043eac,2026-05-22T19:27:00+00:00,9909d9f9-d8bb-4f07-a9a0-1a26a9d7a838,Nguyen Van An,0395565484,Quang Nam,15.535368,108.244872,Xin cung cap thuc pham va nuoc sach cho khu vuc nay.,medium,safe_update,0.5686,full,synced
d61a6867-5145-493f-8c1f-4f180a934109,2026-05-22T18:37:00+00:00,b121acc8-a101-4ac4-80a3-e07a95964282,Nguyen Van An,0419023909,Quang Nam,15.538409,108.242242,"Duong vao con bi ngap nhe, hien tai van an toan.",low,safe_update,0.5058,full,synced
7fdf5425-399b-4768-b44f-4e45f317ea04,2026-05-22T20:22:00+00:00,22805cd6-72fc-4d96-a780-7db4fd79bd7e,Bui Thi Mai,0920319387,Quang Nam,15.530126,108.242338,Gia dinh toi da di chuyen len cao hon.,low,need_supplies,0.5823,full,synced
1e43a4e7-f787-4a8d-b5e5-64bd1c3bacc4,2026-05-22T20:43:00+00:00,159764c3-8ce1-4e74-ab88-9445602df449,Hoang Gia Bao,0725805613,Quang Nam,15.532342,108.249602,"Gia dinh toi da on dinh, khong can ho tro them.",none,safe_update,0.4502,full,synced
7f34bce9-2e3a-4e37-b977-2538fdbf3c5f,2026-05-22T20:33:00+00:00,b7026913-7cc9-4e3b-ba77-4742337f9e70,Tran Thi Bich,0633173544,Quang Nam,15.532404,108.249206,Vung nay co nuoc ngap nhung chua qua nghiem trong.,low,need_supplies,0.6004,full,pending
6d616bef-c77c-4d3a-a507-35731e5722ab,2026-05-21T16:28:00+00:00,3b4bc0f8-15ca-42d0-bb54-8f7a988fef7b,Dang Ngoc Anh,0740097200,Quang Nam,15.540331,108.244686,"Cuu voi! Nuoc vao toi mai nha, can nguoi den ngay.",high,need_supplies,0.6517,full,pending
92c989ab-47d6-41ba-90c5-73f4c0d5ef9c,2026-05-21T17:18:00+00:00,818a0043-a84e-47cd-a81a-13b77812f9b8,Le Hoang Nam,0721571646,Quang Nam,15.532906,108.243265,"Duong vao con bi ngap nhe, hien tai van an toan.",low,safe_update,0.5208,full,synced
5283a3ba-c8c3-411c-a14b-a320bc1901ac,2026-05-21T17:14:00+00:00,14886c7f-d85a-4f04-b7c8-1f192e6fa4d3,Dang Ngoc Anh,0819954260,Quang Nam,15.5374,108.245202,"Cuu voi! Nuoc vao toi mai nha, can nguoi den ngay.",high,urgent_rescue,0.778,full,pending
e4e50490-02ec-4cc3-890e-ab4847345fbf,2026-05-21T17:33:00+00:00,0f19b3ba-4796-4665-9ad2-2d9aef439937,Nguyen Van An,0926664623,Quang Nam,15.538427,108.239917,"Khu nay ngap nang, can cuu ho gap, co nguoi mac ket.",high,urgent_rescue,0.78,full,pending
f99f4b09-ae61-4413-93f4-a7d33e9f9621,2026-05-21T16:09:00+00:00,9594d5df-27a2-40cb-84f6-5bbbe627a8c6,Vo Minh Khoa,0495235919,Quang Nam,15.535783,108.246747,Can ho tro khan cap vi nuoc dang len rat nhanh.,high,safe_update,0.6448,full,synced
1f47b7cf-3822-4a4d-828c-7fb1427b24ab,2026-05-21T17:49:00+00:00,898edb83-e67d-4505-ac3a-63a29f5ae042,Le Hoang Nam,0498413629,Quang Nam,15.53747,108.242802,"Thong tin cap nhat tinh hinh khu vuc, moi nguoi an toan.",none,irrelevant,0.4697,metadata,pending
ec7b67df-68bc-47b5-b57f-4f01c21d18ed,2026-05-21T17:36:00+00:00,bf19b860-d8d2-481a-a8be-94eb62e80e0a,Vo Minh Khoa,0838294221,Quang Nam,15.53304,108.246053,Thoi tiet hoi am uot nhung chua co ngap lu.,none,irrelevant,0.4733,full,synced
029fe202-3dd0-40c4-9cb5-da88a843ad34,2026-05-21T17:19:00+00:00,addef2ad-fd66-4392-a2fd-dc469d16b316,Pham Thu Ha,0964504816,Quang Nam,15.54067,108.243189,"Nha dang bi ngap mot phan, can ho tro di chuyen.",medium,need_supplies,0.6891,full,pending
8f1ff92e-bbc8-4b5e-a7fc-cfaa7d2c2b32,2026-05-21T17:04:00+00:00,e0d538fa-41d0-4119-b94e-edbfae343071,Dang Ngoc Anh,0856354851,Quang Nam,15.53641,108.242459,Vung nay co nuoc ngap nhung chua qua nghiem trong.,low,need_supplies,0.6393,full,synced
1f99822b-d673-45fe-9e29-b8bbcf608e31,2026-05-21T17:35:00+00:00,2514d65d-0d2c-4425-bf5c-c2bd37f5cc7e,Le Hoang Nam,0316792127,Quang Nam,15.533625,108.240455,"Gia dinh toi da on dinh, khong can ho tro them.",none,safe_update,0.5286,full,synced
b7e8d126-d14e-43ae-bac4-50bfecfde39e,2026-05-21T16:15:00+00:00,1ba92267-4306-4b01-9081-c95b7dbd8e9c,Dang Ngoc Anh,0431386576,Quang Nam,15.541333,108.2464,"Khu nay ngap nang, can cuu ho gap, co nguoi mac ket.",high,irrelevant,0.6389,full,synced
6b7386a8-21dd-4407-8133-1a9c9c59ee05,2026-05-21T16:30:00+00:00,a404c07a-21a1-426d-a691-c831bf6ffb6f,Pham Thu Ha,0488295121,Quang Nam,15.537145,108.23909,Gia dinh toi da di chuyen len cao hon.,low,safe_update,0.5823,full,synced
2553d19d-78f6-4a0e-98a3-93d0616c3a8e,2026-05-21T17:59:00+00:00,ba4f3696-8beb-4211-9a2e-35ac6529207e,Le Hoang Nam,0559093843,Quang Nam,15.538722,108.240851,Thoi tiet hoi am uot nhung chua co ngap lu.,none,need_supplies,0.6084,full,synced
662fc244-dfc3-470d-934e-a545c45d4e08,2026-05-23T01:14:00+00:00,bd7914cc-3f9e-4865-b7c6-937c312dad3c,Tran Thi Bich,0422976369,Quang Ngai,15.115889,108.793087,"Nha dang bi ngap mot phan, can ho tro di chuyen.",medium,safe_update,0.4568,metadata,pending
1023d909-5aa3-415d-a2fe-904ac8732953,2026-05-23T00:38:00+00:00,a19006ff-acbd-4e1e-b208-80df4a678e50,Nguyen Van An,0328392710,Quang Ngai,15.118631,108.78993,Vung nay co nuoc ngap nhung chua qua nghiem trong.,low,safe_update,0.436,metadata,synced
cb68e1ba-66ec-41a8-bb57-5bd76ef64f21,2026-05-22T23:43:00+00:00,bf8b2eeb-4fad-474d-9a6c-03c143ac4bac,Le Hoang Nam,0692745294,Quang Ngai,15.117292,108.792778,Vung nay co nuoc ngap nhung chua qua nghiem trong.,low,safe_update,0.4656,full,pending
747169c4-ddcc-4132-8a87-cd21bf4d9c87,2026-05-23T01:15:00+00:00,71e3e708-022a-4a89-b59d-4f7704133ce0,Dang Ngoc Anh,0524710878,Quang Ngai,15.116627,108.794517,Vung nay co nuoc ngap nhung chua qua nghiem trong.,low,safe_update,0.4777,full,synced
6ffac4a9-584c-4fe3-bc43-8c97051432c2,2026-05-23T02:01:00+00:00,2f9f4cf6-9596-4e40-ab2c-fe248fd7506e,Pham Thu Ha,0816892773,Quang Ngai,15.117499,108.793511,"Thong tin cap nhat tinh hinh khu vuc, moi nguoi an toan.",none,irrelevant,0.3593,full,synced
334e7f36-7808-4b5b-8e43-50be47a77a39,2026-05-23T01:43:00+00:00,9ab9ce59-5b09-4348-a4f0-def2bf40d3c1,Tran Thi Bich,0412541730,Quang Ngai,15.118807,108.79156,Xin cung cap thuc pham va nuoc sach cho khu vuc nay.,medium,urgent_rescue,0.6805,full,synced
4f978c41-98ad-4ad6-beb5-eaa0d00b2891,2026-05-22T23:57:00+00:00,3e5fcebb-023a-4370-8973-d2743cad540e,Nguyen Van An,0828533117,Quang Ngai,15.115529,108.795113,"Khu nay ngap nang, can cuu ho gap, co nguoi mac ket.",high,safe_update,0.6629,full,synced
e49d8621-752e-42db-a970-3a1a6f4036b4,2026-05-23T01:07:00+00:00,24223907-7a88-4c3a-a739-75ad2e5e1d92,Dang Ngoc Anh,0757551594,Quang Ngai,15.116565,108.790962,"Thong tin cap nhat tinh hinh khu vuc, moi nguoi an toan.",none,irrelevant,0.4421,metadata,synced
1affb831-9a41-4818-84b9-27a15c1ee9a5,2026-05-23T02:02:00+00:00,cc85a0ca-2353-4c2d-9592-cf655256868f,Vo Minh Khoa,0449945150,Quang Ngai,15.114215,108.792496,"Khu nay ngap nang, can cuu ho gap, co nguoi mac ket.",high,urgent_rescue,0.7696,full,synced
91366119-c4a9-4c15-b8fb-d2bff789fadd,2026-05-23T01:10:00+00:00,ad1c6438-8de3-4d39-bdb1-e163d67f6343,Vo Minh Khoa,0526357665,Quang Ngai,15.114689,108.791278,"Khu nay ngap nang, can cuu ho gap, co nguoi mac ket.",high,safe_update,0.7028,full,synced
e5394595-cf26-4637-adde-511dc98ee0b4,2026-05-23T00:46:00+00:00,6292c3b8-5e47-4a35-b716-3011fc176293,Vo Minh Khoa,0820607151,Quang Ngai,15.119201,108.79673,"Nha dang bi ngap mot phan, can ho tro di chuyen.",medium,need_supplies,0.7091,full,pending
9a295fdd-ef96-4cbc-872e-1605cc573bd9,2026-05-23T01:07:00+00:00,ca9c6811-5b26-4cfe-889d-37f3dee0477a,Vo Minh Khoa,0424660143,Quang Ngai,15.113762,108.79559,"Thong tin cap nhat tinh hinh khu vuc, moi nguoi an toan.",none,irrelevant,0.4849,full,pending
5d0c3c32-1d6b-44b7-9a76-e1bbc371abdf,2026-05-23T01:56:00+00:00,28500a3d-2605-4b8e-83c4-922e2a74e9ab,Dang Ngoc Anh,0873404979,Quang Ngai,15.119983,108.79017,"Gia dinh toi da on dinh, khong can ho tro them.",none,need_supplies,0.5766,metadata,pending
951665ee-9038-44dd-8f00-d6564d025120,2026-05-22T23:30:00+00:00,ffc97a48-be14-4f52-8ee2-ce78109fa1d4,Nguyen Van An,0922007214,Quang Ngai,15.115692,108.79113,"Khu nay ngap nang, can cuu ho gap, co nguoi mac ket.",high,urgent_rescue,0.8446,full,synced
b12e76e2-c8b1-4c2d-bf1f-f4ba5c594015,2026-05-22T21:38:00+00:00,0977739b-a726-4191-a1c0-2b95806aa0c3,Nguyen Van An,0963283709,Quang Ngai,15.119614,108.79091,"Khu nay ngap nang, can cuu ho gap, co nguoi mac ket.",high,urgent_rescue,0.8149,full,synced
4fdaec5b-e6bf-4d70-aa21-12e0aceed6d7,2026-05-22T22:43:00+00:00,b7eeec0b-4f23-47fc-b53c-9399033dcaf5,Dang Ngoc Anh,0570981700,Quang Ngai,15.119286,108.789418,"Muc nuoc dang tang, can theo doi them.",medium,urgent_rescue,0.7798,full,synced
c3aa9b89-924b-4f6d-ade1-59d173feec60,2026-05-22T22:03:00+00:00,0db17de9-9fad-4fb7-90fc-2d4bfa1ecca5,Le Hoang Nam,0871594457,Quang Ngai,15.119055,108.793547,Gia dinh toi da di chuyen len cao hon.,low,need_supplies,0.6621,full,pending
3c0661eb-3ef1-46e2-8e10-9eb88c42959f,2026-05-22T22:55:00+00:00,84231155-f39d-4231-9326-89ab34c5163f,Hoang Gia Bao,0967405358,Quang Ngai,15.118512,108.794445,"Khu nay ngap nang, can cuu ho gap, co nguoi mac ket.",high,urgent_rescue,0.8583,full,synced
e0dd95d0-41ac-43e6-ab1a-cb5a9c7fc00e,2026-05-22T22:16:00+00:00,962d496c-fe8d-45a8-816a-84d3d60147ee,Hoang Gia Bao,0469959826,Quang Ngai,15.12023,108.793632,"Khu nay ngap nang, can cuu ho gap, co nguoi mac ket.",high,urgent_rescue,0.8727,metadata,pending
b571b8b1-14e1-45cf-8eb9-cd273fba0c44,2026-05-22T23:55:00+00:00,a6e4f1d7-1f2b-458d-87f5-2eec80a5e997,Tran Thi Bich,0651178850,Quang Ngai,15.111498,108.795218,"Cuu voi! Nuoc vao toi mai nha, can nguoi den ngay.",high,urgent_rescue,0.8715,full,synced
009bb058-46ce-4ca0-8f30-c355ccf226b2,2026-05-23T00:29:00+00:00,ba88cd72-5906-4737-b35e-39adc6867c41,Dang Ngoc Anh,0739641883,Quang Ngai,15.118324,108.795547,"Cuu voi! Nuoc vao toi mai nha, can nguoi den ngay.",high,irrelevant,0.744,full,pending
419cad7d-34d1-48e1-baf0-7e5dda76eb4f,2026-05-23T00:04:00+00:00,bc68dead-b924-41f9-b819-1d2d49f4ee33,Pham Thu Ha,0943214247,Quang Ngai,15.114758,108.795652,"Khu nay ngap nang, can cuu ho gap, co nguoi mac ket.",high,need_supplies,0.8486,full,synced
01e66949-bf9f-4dff-a87b-7a38d5865bc8,2026-05-22T23:43:00+00:00,94ef09aa-622c-4021-b6c7-77593f69ebbc,Nguyen Van An,0983504237,Quang Ngai,15.115416,108.795669,Thoi tiet hoi am uot nhung chua co ngap lu.,none,irrelevant,0.5535,full,synced
872f67d2-d7c3-4bde-a100-0f3197f1b036,2026-05-22T22:11:00+00:00,6b152adc-6b47-44fa-8051-8add98af5cbc,Bui Thi Mai,0378501420,Quang Ngai,15.114348,108.794018,Gia dinh toi da di chuyen len cao hon.,low,need_supplies,0.7061,full,pending
f35a4267-7fb3-4197-90c2-1a9332161a1c,2026-05-22T23:15:00+00:00,9e248e4d-d354-43f9-b34a-31b3eae74d1d,Nguyen Van An,0644152669,Quang Ngai,15.115506,108.789854,"Muc nuoc dang tang, can theo doi them.",medium,safe_update,0.7368,metadata,synced
dcab958a-4a5b-4b0d-8b9a-b42d91e856ef,2026-05-22T21:40:00+00:00,fac7c3f4-ed8b-448d-8520-4315a7e3c276,Tran Thi Bich,0614259382,Quang Ngai,15.115209,108.795638,"Nha dang bi ngap mot phan, can ho tro di chuyen.",medium,urgent_rescue,0.8167,full,pending
e8f9599c-d7a8-4d54-b792-7aac53b20810,2026-05-22T05:29:00+00:00,4aa4e494-2f80-4b35-99b8-375ea80391dc,Dang Ngoc Anh,0333954324,Binh Dinh,13.786795,109.219234,Can ho tro khan cap vi nuoc dang len rat nhanh.,high,urgent_rescue,0.5734,full,pending
1a9811c6-b3de-481b-b73b-e5d8ff446e92,2026-05-22T04:50:00+00:00,165533a9-f624-4c50-b768-a7bedf8ce719,Hoang Gia Bao,0760905625,Binh Dinh,13.790928,109.219895,Can ho tro khan cap vi nuoc dang len rat nhanh.,high,urgent_rescue,0.6363,full,pending
cba88ee6-deb1-437f-9ab5-d828e74a190c,2026-05-22T05:03:00+00:00,76c24e97-82db-4f19-9ebd-e10ea864c58b,Hoang Gia Bao,0712099943,Binh Dinh,13.785111,109.220967,"Cuu voi! Nuoc vao toi mai nha, can nguoi den ngay.",high,urgent_rescue,0.652,full,synced
7915b54d-5338-4d91-9de2-41e12281e148,2026-05-22T05:47:00+00:00,bbdaa14e-eb6e-4ba9-8ed3-87a3ee2aa671,Hoang Gia Bao,0641452485,Binh Dinh,13.788794,109.219419,"Thong tin cap nhat tinh hinh khu vuc, moi nguoi an toan.",none,irrelevant,0.2846,metadata,synced
7c300326-446e-43cf-a1c3-eec566ea073e,2026-05-22T04:28:00+00:00,0ffebacf-df80-4288-892e-d2a4295133f4,Dang Ngoc Anh,0790251151,Binh Dinh,13.787949,109.215693,"Khu nay ngap nang, can cuu ho gap, co nguoi mac ket.",high,need_supplies,0.655,metadata,pending
8d3a2816-4d39-427b-8b24-7e1405fa6269,2026-05-22T04:29:00+00:00,dc2ab45c-0314-4cc8-86f0-067c8117d60a,Le Hoang Nam,0867337891,Binh Dinh,13.792286,109.217781,Xin cung cap thuc pham va nuoc sach cho khu vuc nay.,medium,need_supplies,0.6061,full,pending
d48227e8-4a72-459b-8a7c-65da7098dd12,2026-05-22T06:37:00+00:00,15a4fb54-f152-4703-9be2-3e481692a7ab,Le Hoang Nam,0560527631,Binh Dinh,13.789456,109.220162,"Nha dang bi ngap mot phan, can ho tro di chuyen.",medium,need_supplies,0.5413,full,pending
d5cc7b68-0986-43bc-91f0-ca0b79b387a3,2026-05-22T04:50:00+00:00,d47cee73-d37c-481e-9c83-935c70b35b26,Hoang Gia Bao,0684797762,Binh Dinh,13.786121,109.219458,"Khu nay ngap nang, can cuu ho gap, co nguoi mac ket.",high,safe_update,0.6411,full,pending
b5ea6fc9-d51d-4792-b1c3-a37bada1c0ad,2026-05-22T05:17:00+00:00,f5863bb9-322c-4cc0-a713-3b71f2afb7be,Pham Thu Ha,0346032304,Binh Dinh,13.789235,109.22139,"Cuu voi! Nuoc vao toi mai nha, can nguoi den ngay.",high,urgent_rescue,0.7528,full,pending
bc6dc1df-20f4-4372-a043-5098160e901c,2026-05-22T04:11:00+00:00,f1196a05-7949-47e8-924c-c19a9f4f3d1b,Bui Thi Mai,0454689713,Binh Dinh,13.785108,109.219945,"Cuu voi! Nuoc vao toi mai nha, can nguoi den ngay.",high,urgent_rescue,0.788,metadata,pending
4b74ac75-0305-4b93-83fb-6cea56facab3,2026-05-22T04:41:00+00:00,5ea61444-8171-4826-97b2-9ea7e4857097,Pham Thu Ha,0891121400,Binh Dinh,13.792073,109.214146,"Khu nay ngap nang, can cuu ho gap, co nguoi mac ket.",high,urgent_rescue,0.7811,full,pending
484f76ad-9f53-4877-814f-edabdde1cffb,2026-05-22T05:15:00+00:00,a22745ba-07de-44b5-9f5f-9fa31241bf2b,Vo Minh Khoa,0578829070,Binh Dinh,13.790394,109.216516,"Muc nuoc dang tang, can theo doi them.",medium,need_supplies,0.6682,full,synced
c241baa9-fd8e-4daa-8fd7-197420b8bd7f,2026-05-22T05:53:00+00:00,8c2b3db5-9121-40b8-81c4-ed9841fab526,Nguyen Van An,0739698906,Binh Dinh,13.790269,109.215972,Vung nay co nuoc ngap nhung chua qua nghiem trong.,low,need_supplies,0.5929,full,synced
f7974fca-57a3-4929-876a-81b2ee5eef4f,2026-05-22T04:50:00+00:00,bfce0b60-2fa3-4e43-8cb8-56d317182897,Bui Thi Mai,0896126771,Binh Dinh,13.777823,109.21835,Xin cung cap thuc pham va nuoc sach cho khu vuc nay.,medium,urgent_rescue,0.6642,full,synced
89338241-849b-4919-889b-3f604624502b,2026-05-22T05:18:00+00:00,63dd325e-5336-4ff6-a122-46e9cd43f7fa,Nguyen Van An,0714539747,Binh Dinh,13.774852,109.218941,"Muc nuoc dang tang, can theo doi them.",medium,safe_update,0.5053,full,synced
0916d426-d2e9-4b44-938f-5954637411ff,2026-05-22T04:00:00+00:00,321f1105-3ae8-4f5f-938e-55cc72aca88a,Le Hoang Nam,0339356057,Binh Dinh,13.780208,109.21617,"Khu nay ngap nang, can cuu ho gap, co nguoi mac ket.",high,urgent_rescue,0.7903,full,synced
ae6e772a-b5ef-42ef-8c15-4ed11adc2b5b,2026-05-22T06:38:00+00:00,0a52ee8a-424b-4ee2-875b-2142c1adf657,Hoang Gia Bao,0312244945,Binh Dinh,13.781734,109.220673,Xin cung cap thuc pham va nuoc sach cho khu vuc nay.,medium,urgent_rescue,0.6977,full,synced
e8a8104f-b29a-47d5-ac20-db35a5c0bf97,2026-05-22T03:52:00+00:00,764309a6-ee08-4c7b-aeba-dae002c03f4e,Le Hoang Nam,0322927031,Binh Dinh,13.777849,109.218739,Gia dinh toi da di chuyen len cao hon.,low,irrelevant,0.5144,full,synced
5e123b1f-b705-4fd9-ac73-56243628c103,2026-05-22T04:52:00+00:00,7fea16da-b39f-4c22-a8a8-692ef7659f6c,Hoang Gia Bao,0685833309,Binh Dinh,13.780666,109.214864,"Duong vao con bi ngap nhe, hien tai van an toan.",low,need_supplies,0.6267,full,pending
4be2add4-58b4-4750-baef-78226d1407ef,2026-05-22T04:08:00+00:00,a1d298d0-b4a0-4a4e-8c7d-e98a7b9da6b4,Hoang Gia Bao,0684182331,Binh Dinh,13.779213,109.220182,Xin cung cap thuc pham va nuoc sach cho khu vuc nay.,medium,urgent_rescue,0.7545,full,synced
2dd28f1b-c5ee-48d2-8919-d47cf0a39db6,2026-05-22T04:09:00+00:00,f779fcaa-9060-412e-8dc0-aca9302e15bf,Tran Thi Bich,0715711200,Binh Dinh,13.777828,109.216364,"Nha dang bi ngap mot phan, can ho tro di chuyen.",medium,need_supplies,0.7044,metadata,synced
30ce76fc-3564-46dc-9998-13345a5ba997,2026-05-22T06:13:00+00:00,f9eabfa8-165d-4016-8a10-b7f575f9646d,Nguyen Van An,0452209421,Binh Dinh,13.777608,109.212877,"Gia dinh toi da on dinh, khong can ho tro them.",none,irrelevant,0.4126,full,pending
749577c0-83e2-4306-a5b4-5b525f985c57,2026-05-22T05:29:00+00:00,bfa5f544-452f-425c-b3e7-ee583f9132c7,Hoang Gia Bao,0882553061,Binh Dinh,13.781689,109.215152,"Nha dang bi ngap mot phan, can ho tro di chuyen.",medium,need_supplies,0.7335,metadata,pending
f8a84cd7-1f90-4a82-a7db-0e8ad1b7bfd2,2026-05-22T06:44:00+00:00,c52a83cb-8188-4d11-a136-72803b22d527,Hoang Gia Bao,0420202996,Binh Dinh,13.779846,109.216966,"Cuu voi! Nuoc vao toi mai nha, can nguoi den ngay.",high,urgent_rescue,0.7999,metadata,synced
b89017f9-c2ef-4c73-979d-515d55a245bd,2026-05-22T05:29:00+00:00,19ee5418-3a31-45ad-9d4f-f4602edb42e0,Bui Thi Mai,0640620216,Binh Dinh,13.782049,109.215396,"Nha dang bi ngap mot phan, can ho tro di chuyen.",medium,safe_update,0.69,metadata,synced
dfccea79-63df-47a6-b191-4464e005285e,2026-05-22T06:42:00+00:00,c941b996-3f85-40d4-9cae-83c99ab0e7cb,Pham Thu Ha,0819865900,Binh Dinh,13.778602,109.215879,"Nha dang bi ngap mot phan, can ho tro di chuyen.",medium,need_supplies,0.6945,full,synced
fa0f40ad-8570-4f6e-91af-381f0873f8c4,2026-05-20T19:35:00+00:00,d93cc7ce-7566-43db-b30e-417313721bff,Hoang Gia Bao,0684757265,Phu Yen,13.086178,109.092681,"Thong tin cap nhat tinh hinh khu vuc, moi nguoi an toan.",none,need_supplies,0.3037,full,pending
702718e4-2b75-49a0-9b5f-f9d85b9b182f,2026-05-20T19:47:00+00:00,488c816e-603f-4d06-9ec3-9e7b8be37203,Nguyen Van An,0565540647,Phu Yen,13.087163,109.091201,"Nha dang bi ngap mot phan, can ho tro di chuyen.",medium,safe_update,0.4093,full,synced
291339a2-6766-4319-9efa-7e5f3d9b3d39,2026-05-20T19:19:00+00:00,28f442ca-2fc8-488f-9b00-d0bd04b9dd65,Vo Minh Khoa,0576185975,Phu Yen,13.087323,109.087355,"Duong vao con bi ngap nhe, hien tai van an toan.",low,need_supplies,0.4516,full,pending
6e2eb3bd-12eb-45f4-b8e4-1b033b8bdb6f,2026-05-20T19:33:00+00:00,d2d44c88-7d1d-458b-b726-42b059518634,Bui Thi Mai,0792767884,Phu Yen,13.086534,109.086521,"Gia dinh toi da on dinh, khong can ho tro them.",none,safe_update,0.343,full,pending
249f32d5-7dee-4eda-89db-cc217391502d,2026-05-20T19:58:00+00:00,7f32423a-9fd5-46ef-b4f0-da1c58807251,Dang Ngoc Anh,0697380687,Phu Yen,13.085165,109.09141,"Muc nuoc dang tang, can theo doi them.",medium,need_supplies,0.5512,full,pending
9ff9cafb-97f7-4906-b114-8735923e2e9b,2026-05-20T21:14:00+00:00,feee1c18-05fe-4683-96cb-8a1ee3d1bfb1,Vo Minh Khoa,0894946730,Phu Yen,13.083983,109.088656,"Khu nay ngap nang, can cuu ho gap, co nguoi mac ket.",high,irrelevant,0.504,full,pending
0e682eb3-5572-4ee9-976a-15834fa7ae7b,2026-05-20T19:53:00+00:00,37078704-6e60-45b5-97b2-536cf1dd522e,Pham Thu Ha,0783233096,Phu Yen,13.084698,109.092901,"Duong vao con bi ngap nhe, hien tai van an toan.",low,irrelevant,0.4223,metadata,pending
d184c926-f742-4fa9-8eb2-f7b5a6302a29,2026-05-20T20:15:00+00:00,b261cf5f-2208-46b7-a4fe-249fc5bce076,Tran Thi Bich,0964914054,Phu Yen,13.090662,109.087715,Xin cung cap thuc pham va nuoc sach cho khu vuc nay.,medium,safe_update,0.5433,full,pending
f546cd49-ed58-4dc1-b789-ea523487e1b7,2026-05-20T19:21:00+00:00,cfdf10d6-f476-4e2c-b793-639409fca3a3,Bui Thi Mai,0763795149,Phu Yen,13.088103,109.092266,Xin cung cap thuc pham va nuoc sach cho khu vuc nay.,medium,urgent_rescue,0.6802,metadata,synced
6ea4cd29-d7f5-46fe-b1b7-d4cfffc43291,2026-05-20T20:04:00+00:00,99bb4b50-4783-416c-a27d-2bc305bce105,Tran Thi Bich,0343316996,Phu Yen,13.087068,109.092945,Gia dinh toi da di chuyen len cao hon.,low,irrelevant,0.4646,full,synced
eb473c96-f44e-4244-8b65-c27820211b8e,2026-05-20T18:28:00+00:00,e3bfd730-ccb5-40c9-9b89-9fc2123e9512,Dang Ngoc Anh,0967774765,Phu Yen,13.087244,109.091634,"Nha dang bi ngap mot phan, can ho tro di chuyen.",medium,irrelevant,0.5655,full,pending
7b7ce502-c813-4227-ab72-2acdb89c61c4,2026-05-20T20:29:00+00:00,aa67b41d-6a0b-4564-8b62-15aa50c83d21,Bui Thi Mai,0988999206,Phu Yen,13.087197,109.092017,"Thong tin cap nhat tinh hinh khu vuc, moi nguoi an toan.",none,safe_update,0.4491,full,synced
870cd260-a0dc-47a3-b56c-22095917ab1c,2026-05-20T20:20:00+00:00,0e84b4a4-7d31-41b4-9abb-1eb82d2f876b,Le Hoang Nam,0551861213,Phu Yen,13.083116,109.089572,"Cuu voi! Nuoc vao toi mai nha, can nguoi den ngay.",high,urgent_rescue,0.7816,metadata,synced
3ad21ed6-c764-4bfe-95a9-170647c4eedc,2026-05-21T19:17:00+00:00,4fe64006-352e-429c-aa32-a7ee4e62aa65,Tran Thi Bich,0832059232,Phu Yen,13.081374,109.097456,Thoi tiet hoi am uot nhung chua co ngap lu.,none,irrelevant,0.4413,metadata,synced
cb229f23-79cf-49bc-b875-fbd80dd9d436,2026-05-21T21:21:00+00:00,242dda99-3980-4313-8b15-a5a8c0eb7a82,Hoang Gia Bao,0834756698,Phu Yen,13.080113,109.095203,"Cuu voi! Nuoc vao toi mai nha, can nguoi den ngay.",high,urgent_rescue,0.7054,full,synced
3981bb76-5ecc-46fd-bfc3-dc9858e8ed3b,2026-05-21T21:37:00+00:00,d7058dea-5d9d-4cf7-8594-696622c0ad8c,Pham Thu Ha,0447358810,Phu Yen,13.086619,109.09421,Vung nay co nuoc ngap nhung chua qua nghiem trong.,low,urgent_rescue,0.5804,metadata,pending
c15fb90c-d16d-40fb-9637-535eff953af8,2026-05-21T19:26:00+00:00,62b8d54a-dda1-43dc-9a32-3b92c4689949,Tran Thi Bich,0575697427,Phu Yen,13.085867,109.094996,Gia dinh toi da di chuyen len cao hon.,low,need_supplies,0.6365,full,synced
8a56cbd5-61f7-42ac-9938-1e8e06b597e9,2026-05-21T21:36:00+00:00,562843a2-e115-4feb-8d1b-d2c2d00916c5,Le Hoang Nam,0949922369,Phu Yen,13.082204,109.091192,Vung nay co nuoc ngap nhung chua qua nghiem trong.,low,safe_update,0.4948,full,synced
3d22c351-49f7-44d1-b000-8871a5ccb588,2026-05-21T20:20:00+00:00,870af33e-4574-4cfa-aa66-937e1ce01071,Hoang Gia Bao,0690050918,Phu Yen,13.079732,109.092912,"Duong vao con bi ngap nhe, hien tai van an toan.",low,safe_update,0.544,full,pending
d09aa704-59cb-4274-bc8a-8c6b28d6fb51,2026-05-21T21:42:00+00:00,9ab26a76-5556-41cf-9f59-e30a566d6f92,Le Hoang Nam,0648766747,Phu Yen,13.083508,109.098436,"Cuu voi! Nuoc vao toi mai nha, can nguoi den ngay.",high,urgent_rescue,0.746,full,synced
64d3f95b-cc8f-48cd-80c7-79cbb03995a7,2026-05-21T19:13:00+00:00,5479cf54-0331-4e9c-a02b-bddad8081cae,Hoang Gia Bao,0777838742,Phu Yen,13.086461,109.098731,Xin cung cap thuc pham va nuoc sach cho khu vuc nay.,medium,urgent_rescue,0.765,full,synced
2d463dca-701d-46f2-ad4d-45f7c588942a,2026-05-21T20:53:00+00:00,1d0946f4-9601-43e3-9872-3f1c6741b0e7,Vo Minh Khoa,0346890134,Phu Yen,13.08307,109.090908,"Gia dinh toi da on dinh, khong can ho tro them.",none,irrelevant,0.4689,full,synced
e8014341-6413-487e-8f4d-34431a68fb77,2026-05-21T21:24:00+00:00,51ce1e20-e39f-416a-9251-22c0fa93d095,Tran Thi Bich,0582894477,Phu Yen,13.085354,109.097057,"Muc nuoc dang tang, can theo doi them.",medium,urgent_rescue,0.7309,full,synced
e07f69d4-2016-4dcb-a41d-ceb28d83fd79,2026-05-21T19:10:00+00:00,fe7b0355-1ce5-4f25-ab6d-c61f97da0975,Pham Thu Ha,0514325890,Phu Yen,13.085512,109.094136,Gia dinh toi da di chuyen len cao hon.,low,safe_update,0.6201,full,synced
a04ae3b4-84d4-48b2-b086-215fef47e02c,2026-05-21T20:52:00+00:00,7f509c37-1d24-4859-8f65-965add52caf1,Dang Ngoc Anh,0991907952,Phu Yen,13.086459,109.09122,"Khu nay ngap nang, can cuu ho gap, co nguoi mac ket.",high,urgent_rescue,0.8412,full,pending
3eca3f37-c526-4eac-86d9-b4923f34301f,2026-05-21T19:52:00+00:00,167e479b-0c22-4532-ba7b-d7ec47554bde,Le Hoang Nam,0549276764,Phu Yen,13.085993,109.097413,"Nha dang bi ngap mot phan, can ho tro di chuyen.",medium,need_supplies,0.7424,full,synced
