section,candidate,comparator,scenario,metric,direction,mean,standard_deviation,median,paired_confidence_interval,mean_difference_candidate_minus_comparator,raw_p_value,holm_adjusted_p_value,wilcoxon_statistic,n_seed_pairs,n_candidate_better,n_comparator_better,n_ties,effect_size.paired_standardized_mean,effect_size.matched_pairs_rank_biserial,effect_size.orientation,denominator.paired_test_seeds,generator_version,seed_split,candidate_bundle_sha256,package_versions,config_identity,metric_direction
alignment,duplicate_aware_robust,legacy_raw,all_test,ndcg_at_5,higher,0.01211839835,0.08145339034,0.02191093143,"[-0.012156208761294597, 0.037712468164103265]",0.01211839835,0.3570348362,0.5881899676,324,40,25,14,1,0.1487770896,0.1692307692,positive means candidate is better,40,4.1.0,test:3000-3039,a7c7a3f7ea63e57f1d98bd42f21c02aa04a69eaa37c824584a2be65f00f2d7e1,"{""numpy"": ""2.0.2"", ""pandas"": ""2.2.2"", ""python-louvain"": ""0.16"", ""scikit-learn"": ""1.6.1"", ""scipy"": ""1.16.3""}",RQ2-v1|oracle-evaluator-grouping|observed-reports-only,"{""false_priority_lift_normalized"": ""lower"", ""mean_rank_drift_normalized"": ""lower"", ""n_error_relative_after"": ""lower"", ""ndcg_at_5"": ""higher"", ""priority_drift_abs_normalized"": ""lower"", ""spearman"": ""higher"", ""top5_overlap"": ""higher"", ""top_k_churn"": ""lower"", ""v_error_relative_after"": ""lower""}"
alignment,duplicate_aware_robust,legacy_raw,all_test,spearman,higher,0.0425,0.1893724489,0.04558823529,"[-0.014045955882352936, 0.1000753676470588]",0.0425,0.1832767116,0.5498301348,311,40,24,16,0,0.2244254655,0.2414634146,positive means candidate is better,40,4.1.0,test:3000-3039,a7c7a3f7ea63e57f1d98bd42f21c02aa04a69eaa37c824584a2be65f00f2d7e1,"{""numpy"": ""2.0.2"", ""pandas"": ""2.2.2"", ""python-louvain"": ""0.16"", ""scikit-learn"": ""1.6.1"", ""scipy"": ""1.16.3""}",RQ2-v1|oracle-evaluator-grouping|observed-reports-only,"{""false_priority_lift_normalized"": ""lower"", ""mean_rank_drift_normalized"": ""lower"", ""n_error_relative_after"": ""lower"", ""ndcg_at_5"": ""higher"", ""priority_drift_abs_normalized"": ""lower"", ""spearman"": ""higher"", ""top5_overlap"": ""higher"", ""top_k_churn"": ""lower"", ""v_error_relative_after"": ""lower""}"
alignment,duplicate_aware_robust,legacy_raw,all_test,top5_overlap,higher,0.02,0.1417835114,0,"[-0.02, 0.065]",0.02,0.2940949838,0.5881899676,55.5,40,10,7,23,0.1410601261,0.2745098039,positive means candidate is better,40,4.1.0,test:3000-3039,a7c7a3f7ea63e57f1d98bd42f21c02aa04a69eaa37c824584a2be65f00f2d7e1,"{""numpy"": ""2.0.2"", ""pandas"": ""2.2.2"", ""python-louvain"": ""0.16"", ""scikit-learn"": ""1.6.1"", ""scipy"": ""1.16.3""}",RQ2-v1|oracle-evaluator-grouping|observed-reports-only,"{""false_priority_lift_normalized"": ""lower"", ""mean_rank_drift_normalized"": ""lower"", ""n_error_relative_after"": ""lower"", ""ndcg_at_5"": ""higher"", ""priority_drift_abs_normalized"": ""lower"", ""spearman"": ""higher"", ""top5_overlap"": ""higher"", ""top_k_churn"": ""lower"", ""v_error_relative_after"": ""lower""}"
alignment,duplicate_aware_robust,simple_linear,all_test,ndcg_at_5,higher,0.02210305771,0.09031510186,0.03832089696,"[-0.006195146428519012, 0.04950575322246964]",0.02210305771,0.08665273708,0.2313981927,282,40,23,17,0,0.2447326888,0.312195122,positive means candidate is better,40,4.1.0,test:3000-3039,a7c7a3f7ea63e57f1d98bd42f21c02aa04a69eaa37c824584a2be65f00f2d7e1,"{""numpy"": ""2.0.2"", ""pandas"": ""2.2.2"", ""python-louvain"": ""0.16"", ""scikit-learn"": ""1.6.1"", ""scipy"": ""1.16.3""}",RQ2-v1|oracle-evaluator-grouping|observed-reports-only,"{""false_priority_lift_normalized"": ""lower"", ""mean_rank_drift_normalized"": ""lower"", ""n_error_relative_after"": ""lower"", ""ndcg_at_5"": ""higher"", ""priority_drift_abs_normalized"": ""lower"", ""spearman"": ""higher"", ""top5_overlap"": ""higher"", ""top_k_churn"": ""lower"", ""v_error_relative_after"": ""lower""}"
alignment,duplicate_aware_robust,simple_linear,all_test,spearman,higher,0.05904411765,0.2121031604,0.05441176471,"[-0.003612132352941138, 0.12301470588235293]",0.05904411765,0.07713273091,0.2313981927,278.5,40,24,16,0,0.2783745303,0.3207317073,positive means candidate is better,40,4.1.0,test:3000-3039,a7c7a3f7ea63e57f1d98bd42f21c02aa04a69eaa37c824584a2be65f00f2d7e1,"{""numpy"": ""2.0.2"", ""pandas"": ""2.2.2"", ""python-louvain"": ""0.16"", ""scikit-learn"": ""1.6.1"", ""scipy"": ""1.16.3""}",RQ2-v1|oracle-evaluator-grouping|observed-reports-only,"{""false_priority_lift_normalized"": ""lower"", ""mean_rank_drift_normalized"": ""lower"", ""n_error_relative_after"": ""lower"", ""ndcg_at_5"": ""higher"", ""priority_drift_abs_normalized"": ""lower"", ""spearman"": ""higher"", ""top5_overlap"": ""higher"", ""top_k_churn"": ""lower"", ""v_error_relative_after"": ""lower""}"
alignment,duplicate_aware_robust,simple_linear,all_test,top5_overlap,higher,0.025,0.1514883426,0,"[-0.020000000000000004, 0.07000000000000002]",0.025,0.2350254284,0.2350254284,76,40,12,8,20,0.1650292001,0.2761904762,positive means candidate is better,40,4.1.0,test:3000-3039,a7c7a3f7ea63e57f1d98bd42f21c02aa04a69eaa37c824584a2be65f00f2d7e1,"{""numpy"": ""2.0.2"", ""pandas"": ""2.2.2"", ""python-louvain"": ""0.16"", ""scikit-learn"": ""1.6.1"", ""scipy"": ""1.16.3""}",RQ2-v1|oracle-evaluator-grouping|observed-reports-only,"{""false_priority_lift_normalized"": ""lower"", ""mean_rank_drift_normalized"": ""lower"", ""n_error_relative_after"": ""lower"", ""ndcg_at_5"": ""higher"", ""priority_drift_abs_normalized"": ""lower"", ""spearman"": ""higher"", ""top5_overlap"": ""higher"", ""top_k_churn"": ""lower"", ""v_error_relative_after"": ""lower""}"
alignment,duplicate_aware_robust,urgency_only,all_test,ndcg_at_5,higher,0.03171128563,0.09267028252,0.03666699982,"[0.0028909289305196683, 0.06052792333950514]",0.03171128563,0.04816448495,0.0963289699,263,40,27,13,0,0.3421947658,0.3585365854,positive means candidate is better,40,4.1.0,test:3000-3039,a7c7a3f7ea63e57f1d98bd42f21c02aa04a69eaa37c824584a2be65f00f2d7e1,"{""numpy"": ""2.0.2"", ""pandas"": ""2.2.2"", ""python-louvain"": ""0.16"", ""scikit-learn"": ""1.6.1"", ""scipy"": ""1.16.3""}",RQ2-v1|oracle-evaluator-grouping|observed-reports-only,"{""false_priority_lift_normalized"": ""lower"", ""mean_rank_drift_normalized"": ""lower"", ""n_error_relative_after"": ""lower"", ""ndcg_at_5"": ""higher"", ""priority_drift_abs_normalized"": ""lower"", ""spearman"": ""higher"", ""top5_overlap"": ""higher"", ""top_k_churn"": ""lower"", ""v_error_relative_after"": ""lower""}"
alignment,duplicate_aware_robust,urgency_only,all_test,spearman,higher,0.08926470588,0.2188387639,0.1147058824,"[0.021762867647058835, 0.15536948529411762]",0.08926470588,0.01612501014,0.04837503042,231,40,27,13,0,0.4079017095,0.4365853659,positive means candidate is better,40,4.1.0,test:3000-3039,a7c7a3f7ea63e57f1d98bd42f21c02aa04a69eaa37c824584a2be65f00f2d7e1,"{""numpy"": ""2.0.2"", ""pandas"": ""2.2.2"", ""python-louvain"": ""0.16"", ""scikit-learn"": ""1.6.1"", ""scipy"": ""1.16.3""}",RQ2-v1|oracle-evaluator-grouping|observed-reports-only,"{""false_priority_lift_normalized"": ""lower"", ""mean_rank_drift_normalized"": ""lower"", ""n_error_relative_after"": ""lower"", ""ndcg_at_5"": ""higher"", ""priority_drift_abs_normalized"": ""lower"", ""spearman"": ""higher"", ""top5_overlap"": ""higher"", ""top_k_churn"": ""lower"", ""v_error_relative_after"": ""lower""}"
alignment,duplicate_aware_robust,urgency_only,all_test,top5_overlap,higher,0.025,0.1765045216,0,"[-0.030000000000000006, 0.08]",0.025,0.570636648,0.570636648,110,40,12,10,18,0.1416394309,0.1304347826,positive means candidate is better,40,4.1.0,test:3000-3039,a7c7a3f7ea63e57f1d98bd42f21c02aa04a69eaa37c824584a2be65f00f2d7e1,"{""numpy"": ""2.0.2"", ""pandas"": ""2.2.2"", ""python-louvain"": ""0.16"", ""scikit-learn"": ""1.6.1"", ""scipy"": ""1.16.3""}",RQ2-v1|oracle-evaluator-grouping|observed-reports-only,"{""false_priority_lift_normalized"": ""lower"", ""mean_rank_drift_normalized"": ""lower"", ""n_error_relative_after"": ""lower"", ""ndcg_at_5"": ""higher"", ""priority_drift_abs_normalized"": ""lower"", ""spearman"": ""higher"", ""top5_overlap"": ""higher"", ""top_k_churn"": ""lower"", ""v_error_relative_after"": ""lower""}"
alignment,duplicate_aware_robust,population_only,all_test,ndcg_at_5,higher,-0.004048211875,0.09621035363,-0.008424886759,"[-0.0327538928452689, 0.026270891707948114]",-0.004048211875,0.7245544942,1,383,40,19,21,0,-0.04207667597,-0.06585365854,positive means candidate is better,40,4.1.0,test:3000-3039,a7c7a3f7ea63e57f1d98bd42f21c02aa04a69eaa37c824584a2be65f00f2d7e1,"{""numpy"": ""2.0.2"", ""pandas"": ""2.2.2"", ""python-louvain"": ""0.16"", ""scikit-learn"": ""1.6.1"", ""scipy"": ""1.16.3""}",RQ2-v1|oracle-evaluator-grouping|observed-reports-only,"{""false_priority_lift_normalized"": ""lower"", ""mean_rank_drift_normalized"": ""lower"", ""n_error_relative_after"": ""lower"", ""ndcg_at_5"": ""higher"", ""priority_drift_abs_normalized"": ""lower"", ""spearman"": ""higher"", ""top5_overlap"": ""higher"", ""top_k_churn"": ""lower"", ""v_error_relative_after"": ""lower""}"
alignment,duplicate_aware_robust,population_only,all_test,spearman,higher,-0.04880098053,0.2283287642,-0.071692712,"[-0.11555190047239398, 0.02181530193201271]",-0.04880098053,0.1058129653,0.317438896,289,40,18,22,0,-0.2137311989,-0.2951219512,positive means candidate is better,40,4.1.0,test:3000-3039,a7c7a3f7ea63e57f1d98bd42f21c02aa04a69eaa37c824584a2be65f00f2d7e1,"{""numpy"": ""2.0.2"", ""pandas"": ""2.2.2"", ""python-louvain"": ""0.16"", ""scikit-learn"": ""1.6.1"", ""scipy"": ""1.16.3""}",RQ2-v1|oracle-evaluator-grouping|observed-reports-only,"{""false_priority_lift_normalized"": ""lower"", ""mean_rank_drift_normalized"": ""lower"", ""n_error_relative_after"": ""lower"", ""ndcg_at_5"": ""higher"", ""priority_drift_abs_normalized"": ""lower"", ""spearman"": ""higher"", ""top5_overlap"": ""higher"", ""top_k_churn"": ""lower"", ""v_error_relative_after"": ""lower""}"
alignment,duplicate_aware_robust,population_only,all_test,top5_overlap,higher,-0.01,0.2169721712,0,"[-0.075, 0.06]",-0.01,0.6504392152,1,158.5,40,11,15,14,-0.0460888599,-0.09686609687,positive means candidate is better,40,4.1.0,test:3000-3039,a7c7a3f7ea63e57f1d98bd42f21c02aa04a69eaa37c824584a2be65f00f2d7e1,"{""numpy"": ""2.0.2"", ""pandas"": ""2.2.2"", ""python-louvain"": ""0.16"", ""scikit-learn"": ""1.6.1"", ""scipy"": ""1.16.3""}",RQ2-v1|oracle-evaluator-grouping|observed-reports-only,"{""false_priority_lift_normalized"": ""lower"", ""mean_rank_drift_normalized"": ""lower"", ""n_error_relative_after"": ""lower"", ""ndcg_at_5"": ""higher"", ""priority_drift_abs_normalized"": ""lower"", ""spearman"": ""higher"", ""top5_overlap"": ""higher"", ""top_k_churn"": ""lower"", ""v_error_relative_after"": ""lower""}"
alignment,duplicate_aware_robust,random,all_test,ndcg_at_5,higher,-0.009432532493,0.139607773,0.004489338202,"[-0.050301339093635815, 0.03229436349653519]",-0.009432532493,0.764824907,1,387,40,21,19,0,-0.06756452228,-0.05609756098,positive means candidate is better,40,4.1.0,test:3000-3039,a7c7a3f7ea63e57f1d98bd42f21c02aa04a69eaa37c824584a2be65f00f2d7e1,"{""numpy"": ""2.0.2"", ""pandas"": ""2.2.2"", ""python-louvain"": ""0.16"", ""scikit-learn"": ""1.6.1"", ""scipy"": ""1.16.3""}",RQ2-v1|oracle-evaluator-grouping|observed-reports-only,"{""false_priority_lift_normalized"": ""lower"", ""mean_rank_drift_normalized"": ""lower"", ""n_error_relative_after"": ""lower"", ""ndcg_at_5"": ""higher"", ""priority_drift_abs_normalized"": ""lower"", ""spearman"": ""higher"", ""top5_overlap"": ""higher"", ""top_k_churn"": ""lower"", ""v_error_relative_after"": ""lower""}"
alignment,duplicate_aware_robust,random,all_test,spearman,higher,-0.02293051781,0.3469598132,-0.01029411765,"[-0.12602398611700355, 0.07913040190718489]",-0.02293051781,0.8016672446,1,372,40,19,20,1,-0.06608983791,-0.04615384615,positive means candidate is better,40,4.1.0,test:3000-3039,a7c7a3f7ea63e57f1d98bd42f21c02aa04a69eaa37c824584a2be65f00f2d7e1,"{""numpy"": ""2.0.2"", ""pandas"": ""2.2.2"", ""python-louvain"": ""0.16"", ""scikit-learn"": ""1.6.1"", ""scipy"": ""1.16.3""}",RQ2-v1|oracle-evaluator-grouping|observed-reports-only,"{""false_priority_lift_normalized"": ""lower"", ""mean_rank_drift_normalized"": ""lower"", ""n_error_relative_after"": ""lower"", ""ndcg_at_5"": ""higher"", ""priority_drift_abs_normalized"": ""lower"", ""spearman"": ""higher"", ""top5_overlap"": ""higher"", ""top_k_churn"": ""lower"", ""v_error_relative_after"": ""lower""}"
alignment,duplicate_aware_robust,random,all_test,top5_overlap,higher,-0.035,0.2391759357,0,"[-0.10500000000000002, 0.035]",-0.035,0.3812831213,1,110,40,9,14,17,-0.1463357921,-0.2028985507,positive means candidate is better,40,4.1.0,test:3000-3039,a7c7a3f7ea63e57f1d98bd42f21c02aa04a69eaa37c824584a2be65f00f2d7e1,"{""numpy"": ""2.0.2"", ""pandas"": ""2.2.2"", ""python-louvain"": ""0.16"", ""scikit-learn"": ""1.6.1"", ""scipy"": ""1.16.3""}",RQ2-v1|oracle-evaluator-grouping|observed-reports-only,"{""false_priority_lift_normalized"": ""lower"", ""mean_rank_drift_normalized"": ""lower"", ""n_error_relative_after"": ""lower"", ""ndcg_at_5"": ""higher"", ""priority_drift_abs_normalized"": ""lower"", ""spearman"": ""higher"", ""top5_overlap"": ""higher"", ""top_k_churn"": ""lower"", ""v_error_relative_after"": ""lower""}"
robustness,duplicate_aware_robust,legacy_raw,contradictory_F_E,priority_drift_abs_normalized,lower,0.0126775,0.01059628594,0.00965,"[0.0095024375, 0.01604259375]",-0.0126775,6.536661427e-08,1.960998428e-07,8,40,39,1,0,1.196409768,0.9804878049,positive means candidate is better,40,4.1.0,test:3000-3039,a7c7a3f7ea63e57f1d98bd42f21c02aa04a69eaa37c824584a2be65f00f2d7e1,"{""numpy"": ""2.0.2"", ""pandas"": ""2.2.2"", ""python-louvain"": ""0.16"", ""scikit-learn"": ""1.6.1"", ""scipy"": ""1.16.3""}",RQ2-v1|oracle-evaluator-grouping|observed-reports-only,"{""false_priority_lift_normalized"": ""lower"", ""mean_rank_drift_normalized"": ""lower"", ""n_error_relative_after"": ""lower"", ""ndcg_at_5"": ""higher"", ""priority_drift_abs_normalized"": ""lower"", ""spearman"": ""higher"", ""top5_overlap"": ""higher"", ""top_k_churn"": ""lower"", ""v_error_relative_after"": ""lower""}"
robustness,duplicate_aware_robust,legacy_raw,contradictory_F_E,mean_rank_drift_normalized,lower,0.011875,0.01543383848,0.0125,"[0.007083334000000001, 0.01645833375]",-0.011875,0.0001283353315,0.0002566706629,74.5,40,27,7,6,0.7694132611,0.7495798319,positive means candidate is better,40,4.1.0,test:3000-3039,a7c7a3f7ea63e57f1d98bd42f21c02aa04a69eaa37c824584a2be65f00f2d7e1,"{""numpy"": ""2.0.2"", ""pandas"": ""2.2.2"", ""python-louvain"": ""0.16"", ""scikit-learn"": ""1.6.1"", ""scipy"": ""1.16.3""}",RQ2-v1|oracle-evaluator-grouping|observed-reports-only,"{""false_priority_lift_normalized"": ""lower"", ""mean_rank_drift_normalized"": ""lower"", ""n_error_relative_after"": ""lower"", ""ndcg_at_5"": ""higher"", ""priority_drift_abs_normalized"": ""lower"", ""spearman"": ""higher"", ""top5_overlap"": ""higher"", ""top_k_churn"": ""lower"", ""v_error_relative_after"": ""lower""}"
robustness,duplicate_aware_robust,legacy_raw,contradictory_F_E,top_k_churn,lower,0.065,0.1051250781,0,"[0.034999999999999996, 0.1]",-0.065,0.000789112989,0.000789112989,8,40,14,1,25,0.6183110744,0.8666666667,positive means candidate is better,40,4.1.0,test:3000-3039,a7c7a3f7ea63e57f1d98bd42f21c02aa04a69eaa37c824584a2be65f00f2d7e1,"{""numpy"": ""2.0.2"", ""pandas"": ""2.2.2"", ""python-louvain"": ""0.16"", ""scikit-learn"": ""1.6.1"", ""scipy"": ""1.16.3""}",RQ2-v1|oracle-evaluator-grouping|observed-reports-only,"{""false_priority_lift_normalized"": ""lower"", ""mean_rank_drift_normalized"": ""lower"", ""n_error_relative_after"": ""lower"", ""ndcg_at_5"": ""higher"", ""priority_drift_abs_normalized"": ""lower"", ""spearman"": ""higher"", ""top5_overlap"": ""higher"", ""top_k_churn"": ""lower"", ""v_error_relative_after"": ""lower""}"
robustness,duplicate_aware_robust,legacy_raw,contradictory_F_E,n_error_relative_after,lower,6.004405496,1.131633888,5.95327957,"[5.66770843645, 6.3667251650687495]",-6.004405496,1.818989404e-12,9.094947018e-12,0,40,40,0,0,5.305961196,1,positive means candidate is better,40,4.1.0,test:3000-3039,a7c7a3f7ea63e57f1d98bd42f21c02aa04a69eaa37c824584a2be65f00f2d7e1,"{""numpy"": ""2.0.2"", ""pandas"": ""2.2.2"", ""python-louvain"": ""0.16"", ""scikit-learn"": ""1.6.1"", ""scipy"": ""1.16.3""}",RQ2-v1|oracle-evaluator-grouping|observed-reports-only,"{""false_priority_lift_normalized"": ""lower"", ""mean_rank_drift_normalized"": ""lower"", ""n_error_relative_after"": ""lower"", ""ndcg_at_5"": ""higher"", ""priority_drift_abs_normalized"": ""lower"", ""spearman"": ""higher"", ""top5_overlap"": ""higher"", ""top_k_churn"": ""lower"", ""v_error_relative_after"": ""lower""}"
robustness,duplicate_aware_robust,legacy_raw,contradictory_F_E,v_error_relative_after,lower,6.573505338,1.32428552,6.685361235,"[6.18264196675, 6.987565482893749]",-6.573505338,1.818989404e-12,9.094947018e-12,0,40,40,0,0,4.96381274,1,positive means candidate is better,40,4.1.0,test:3000-3039,a7c7a3f7ea63e57f1d98bd42f21c02aa04a69eaa37c824584a2be65f00f2d7e1,"{""numpy"": ""2.0.2"", ""pandas"": ""2.2.2"", ""python-louvain"": ""0.16"", ""scikit-learn"": ""1.6.1"", ""scipy"": ""1.16.3""}",RQ2-v1|oracle-evaluator-grouping|observed-reports-only,"{""false_priority_lift_normalized"": ""lower"", ""mean_rank_drift_normalized"": ""lower"", ""n_error_relative_after"": ""lower"", ""ndcg_at_5"": ""higher"", ""priority_drift_abs_normalized"": ""lower"", ""spearman"": ""higher"", ""top5_overlap"": ""higher"", ""top_k_churn"": ""lower"", ""v_error_relative_after"": ""lower""}"
robustness,duplicate_aware_robust,legacy_raw,coordinated_high_confidence_campaign,priority_drift_abs_normalized,lower,-0.13788,0.09508551333,-0.12535,"[-0.16782321874999998, -0.10840718749999999]",0.13788,1.818989404e-12,9.094947018e-12,0,40,0,40,0,-1.450063161,-1,positive means candidate is better,40,4.1.0,test:3000-3039,a7c7a3f7ea63e57f1d98bd42f21c02aa04a69eaa37c824584a2be65f00f2d7e1,"{""numpy"": ""2.0.2"", ""pandas"": ""2.2.2"", ""python-louvain"": ""0.16"", ""scikit-learn"": ""1.6.1"", ""scipy"": ""1.16.3""}",RQ2-v1|oracle-evaluator-grouping|observed-reports-only,"{""false_priority_lift_normalized"": ""lower"", ""mean_rank_drift_normalized"": ""lower"", ""n_error_relative_after"": ""lower"", ""ndcg_at_5"": ""higher"", ""priority_drift_abs_normalized"": ""lower"", ""spearman"": ""higher"", ""top5_overlap"": ""higher"", ""top_k_churn"": ""lower"", ""v_error_relative_after"": ""lower""}"
robustness,duplicate_aware_robust,legacy_raw,coordinated_high_confidence_campaign,mean_rank_drift_normalized,lower,-0.0168749995,0.02375740257,-0.00833333,"[-0.02437499975, -0.00979166624375]",0.0168749995,0.0001065488985,0.0002130977971,7.5,40,1,21,18,-0.7103049018,-0.9407114625,positive means candidate is better,40,4.1.0,test:3000-3039,a7c7a3f7ea63e57f1d98bd42f21c02aa04a69eaa37c824584a2be65f00f2d7e1,"{""numpy"": ""2.0.2"", ""pandas"": ""2.2.2"", ""python-louvain"": ""0.16"", ""scikit-learn"": ""1.6.1"", ""scipy"": ""1.16.3""}",RQ2-v1|oracle-evaluator-grouping|observed-reports-only,"{""false_priority_lift_normalized"": ""lower"", ""mean_rank_drift_normalized"": ""lower"", ""n_error_relative_after"": ""lower"", ""ndcg_at_5"": ""higher"", ""priority_drift_abs_normalized"": ""lower"", ""spearman"": ""higher"", ""top5_overlap"": ""higher"", ""top_k_churn"": ""lower"", ""v_error_relative_after"": ""lower""}"
robustness,duplicate_aware_robust,legacy_raw,coordinated_high_confidence_campaign,top_k_churn,lower,-0.035,0.07696152885,0,"[-0.06000000000000001, -0.015000000000000003]",0.035,0.008150971594,0.008150971594,0,40,0,7,33,-0.4547726705,-1,positive means candidate is better,40,4.1.0,test:3000-3039,a7c7a3f7ea63e57f1d98bd42f21c02aa04a69eaa37c824584a2be65f00f2d7e1,"{""numpy"": ""2.0.2"", ""pandas"": ""2.2.2"", ""python-louvain"": ""0.16"", ""scikit-learn"": ""1.6.1"", ""scipy"": ""1.16.3""}",RQ2-v1|oracle-evaluator-grouping|observed-reports-only,"{""false_priority_lift_normalized"": ""lower"", ""mean_rank_drift_normalized"": ""lower"", ""n_error_relative_after"": ""lower"", ""ndcg_at_5"": ""higher"", ""priority_drift_abs_normalized"": ""lower"", ""spearman"": ""higher"", ""top5_overlap"": ""higher"", ""top_k_churn"": ""lower"", ""v_error_relative_after"": ""lower""}"
robustness,duplicate_aware_robust,legacy_raw,coordinated_high_confidence_campaign,n_error_relative_after,lower,18.24462232,5.226593321,16.76659133,"[16.714569962149998, 19.92869376100625]",-18.24462232,1.818989404e-12,9.094947018e-12,0,40,40,0,0,3.490729276,1,positive means candidate is better,40,4.1.0,test:3000-3039,a7c7a3f7ea63e57f1d98bd42f21c02aa04a69eaa37c824584a2be65f00f2d7e1,"{""numpy"": ""2.0.2"", ""pandas"": ""2.2.2"", ""python-louvain"": ""0.16"", ""scikit-learn"": ""1.6.1"", ""scipy"": ""1.16.3""}",RQ2-v1|oracle-evaluator-grouping|observed-reports-only,"{""false_priority_lift_normalized"": ""lower"", ""mean_rank_drift_normalized"": ""lower"", ""n_error_relative_after"": ""lower"", ""ndcg_at_5"": ""higher"", ""priority_drift_abs_normalized"": ""lower"", ""spearman"": ""higher"", ""top5_overlap"": ""higher"", ""top_k_churn"": ""lower"", ""v_error_relative_after"": ""lower""}"
robustness,duplicate_aware_robust,legacy_raw,coordinated_high_confidence_campaign,v_error_relative_after,lower,27.79013171,26.78892343,19.06928857,"[20.767505688362505, 36.64389790729374]",-27.79013171,1.818989404e-12,9.094947018e-12,0,40,40,0,0,1.037373965,1,positive means candidate is better,40,4.1.0,test:3000-3039,a7c7a3f7ea63e57f1d98bd42f21c02aa04a69eaa37c824584a2be65f00f2d7e1,"{""numpy"": ""2.0.2"", ""pandas"": ""2.2.2"", ""python-louvain"": ""0.16"", ""scikit-learn"": ""1.6.1"", ""scipy"": ""1.16.3""}",RQ2-v1|oracle-evaluator-grouping|observed-reports-only,"{""false_priority_lift_normalized"": ""lower"", ""mean_rank_drift_normalized"": ""lower"", ""n_error_relative_after"": ""lower"", ""ndcg_at_5"": ""higher"", ""priority_drift_abs_normalized"": ""lower"", ""spearman"": ""higher"", ""top5_overlap"": ""higher"", ""top_k_churn"": ""lower"", ""v_error_relative_after"": ""lower""}"
robustness,duplicate_aware_robust,legacy_raw,exact_duplicate_10x,priority_drift_abs_normalized,lower,0.01484375,0.01411837404,0.011,"[0.010804937499999999, 0.019471562499999998]",-0.01484375,3.566864833e-08,1.07005945e-07,0,40,40,0,0,1.051378151,1,positive means candidate is better,40,4.1.0,test:3000-3039,a7c7a3f7ea63e57f1d98bd42f21c02aa04a69eaa37c824584a2be65f00f2d7e1,"{""numpy"": ""2.0.2"", ""pandas"": ""2.2.2"", ""python-louvain"": ""0.16"", ""scikit-learn"": ""1.6.1"", ""scipy"": ""1.16.3""}",RQ2-v1|oracle-evaluator-grouping|observed-reports-only,"{""false_priority_lift_normalized"": ""lower"", ""mean_rank_drift_normalized"": ""lower"", ""n_error_relative_after"": ""lower"", ""ndcg_at_5"": ""higher"", ""priority_drift_abs_normalized"": ""lower"", ""spearman"": ""higher"", ""top5_overlap"": ""higher"", ""top_k_churn"": ""lower"", ""v_error_relative_after"": ""lower""}"
robustness,duplicate_aware_robust,legacy_raw,exact_duplicate_10x,mean_rank_drift_normalized,lower,0.00749999975,0.01080782748,0,"[0.00437499975, 0.01124999975]",-0.00749999975,9.719597922e-05,0.0001943919584,0,40,19,0,21,0.6939414755,1,positive means candidate is better,40,4.1.0,test:3000-3039,a7c7a3f7ea63e57f1d98bd42f21c02aa04a69eaa37c824584a2be65f00f2d7e1,"{""numpy"": ""2.0.2"", ""pandas"": ""2.2.2"", ""python-louvain"": ""0.16"", ""scikit-learn"": ""1.6.1"", ""scipy"": ""1.16.3""}",RQ2-v1|oracle-evaluator-grouping|observed-reports-only,"{""false_priority_lift_normalized"": ""lower"", ""mean_rank_drift_normalized"": ""lower"", ""n_error_relative_after"": ""lower"", ""ndcg_at_5"": ""higher"", ""priority_drift_abs_normalized"": ""lower"", ""spearman"": ""higher"", ""top5_overlap"": ""higher"", ""top_k_churn"": ""lower"", ""v_error_relative_after"": ""lower""}"
robustness,duplicate_aware_robust,legacy_raw,exact_duplicate_10x,top_k_churn,lower,0.015,0.05334935657,0,"[0.0, 0.034999999999999996]",-0.015,0.08326451666,0.08326451666,0,40,3,0,37,0.2811655279,1,positive means candidate is better,40,4.1.0,test:3000-3039,a7c7a3f7ea63e57f1d98bd42f21c02aa04a69eaa37c824584a2be65f00f2d7e1,"{""numpy"": ""2.0.2"", ""pandas"": ""2.2.2"", ""python-louvain"": ""0.16"", ""scikit-learn"": ""1.6.1"", ""scipy"": ""1.16.3""}",RQ2-v1|oracle-evaluator-grouping|observed-reports-only,"{""false_priority_lift_normalized"": ""lower"", ""mean_rank_drift_normalized"": ""lower"", ""n_error_relative_after"": ""lower"", ""ndcg_at_5"": ""higher"", ""priority_drift_abs_normalized"": ""lower"", ""spearman"": ""higher"", ""top5_overlap"": ""higher"", ""top_k_churn"": ""lower"", ""v_error_relative_after"": ""lower""}"
robustness,duplicate_aware_robust,legacy_raw,exact_duplicate_10x,n_error_relative_after,lower,8.103900835,2.143217115,7.965423385,"[7.45599198689375, 8.78459455426875]",-8.103900835,1.818989404e-12,9.094947018e-12,0,40,40,0,0,3.7811852,1,positive means candidate is better,40,4.1.0,test:3000-3039,a7c7a3f7ea63e57f1d98bd42f21c02aa04a69eaa37c824584a2be65f00f2d7e1,"{""numpy"": ""2.0.2"", ""pandas"": ""2.2.2"", ""python-louvain"": ""0.16"", ""scikit-learn"": ""1.6.1"", ""scipy"": ""1.16.3""}",RQ2-v1|oracle-evaluator-grouping|observed-reports-only,"{""false_priority_lift_normalized"": ""lower"", ""mean_rank_drift_normalized"": ""lower"", ""n_error_relative_after"": ""lower"", ""ndcg_at_5"": ""higher"", ""priority_drift_abs_normalized"": ""lower"", ""spearman"": ""higher"", ""top5_overlap"": ""higher"", ""top_k_churn"": ""lower"", ""v_error_relative_after"": ""lower""}"
robustness,duplicate_aware_robust,legacy_raw,exact_duplicate_10x,v_error_relative_after,lower,9.163796119,2.556637841,9.530848335,"[8.382459913818751, 9.963836192374998]",-9.163796119,1.818989404e-12,9.094947018e-12,0,40,40,0,0,3.584315296,1,positive means candidate is better,40,4.1.0,test:3000-3039,a7c7a3f7ea63e57f1d98bd42f21c02aa04a69eaa37c824584a2be65f00f2d7e1,"{""numpy"": ""2.0.2"", ""pandas"": ""2.2.2"", ""python-louvain"": ""0.16"", ""scikit-learn"": ""1.6.1"", ""scipy"": ""1.16.3""}",RQ2-v1|oracle-evaluator-grouping|observed-reports-only,"{""false_priority_lift_normalized"": ""lower"", ""mean_rank_drift_normalized"": ""lower"", ""n_error_relative_after"": ""lower"", ""ndcg_at_5"": ""higher"", ""priority_drift_abs_normalized"": ""lower"", ""spearman"": ""higher"", ""top5_overlap"": ""higher"", ""top_k_churn"": ""lower"", ""v_error_relative_after"": ""lower""}"
robustness,duplicate_aware_robust,legacy_raw,exact_duplicate_2x,priority_drift_abs_normalized,lower,0.00262625,0.002479195163,0.002,"[0.0019099999999999998, 0.0034387812499999996]",-0.00262625,3.546733934e-08,1.06402018e-07,0,40,40,0,0,1.059315555,1,positive means candidate is better,40,4.1.0,test:3000-3039,a7c7a3f7ea63e57f1d98bd42f21c02aa04a69eaa37c824584a2be65f00f2d7e1,"{""numpy"": ""2.0.2"", ""pandas"": ""2.2.2"", ""python-louvain"": ""0.16"", ""scikit-learn"": ""1.6.1"", ""scipy"": ""1.16.3""}",RQ2-v1|oracle-evaluator-grouping|observed-reports-only,"{""false_priority_lift_normalized"": ""lower"", ""mean_rank_drift_normalized"": ""lower"", ""n_error_relative_after"": ""lower"", ""ndcg_at_5"": ""higher"", ""priority_drift_abs_normalized"": ""lower"", ""spearman"": ""higher"", ""top5_overlap"": ""higher"", ""top_k_churn"": ""lower"", ""v_error_relative_after"": ""lower""}"
robustness,duplicate_aware_robust,legacy_raw,exact_duplicate_2x,mean_rank_drift_normalized,lower,0.001458333,0.004578960105,0,"[0.00020833325, 0.0031249995000000004]",-0.001458333,0.03389485352,0.06778970705,0,40,5,0,35,0.3184856314,1,positive means candidate is better,40,4.1.0,test:3000-3039,a7c7a3f7ea63e57f1d98bd42f21c02aa04a69eaa37c824584a2be65f00f2d7e1,"{""numpy"": ""2.0.2"", ""pandas"": ""2.2.2"", ""python-louvain"": ""0.16"", ""scikit-learn"": ""1.6.1"", ""scipy"": ""1.16.3""}",RQ2-v1|oracle-evaluator-grouping|observed-reports-only,"{""false_priority_lift_normalized"": ""lower"", ""mean_rank_drift_normalized"": ""lower"", ""n_error_relative_after"": ""lower"", ""ndcg_at_5"": ""higher"", ""priority_drift_abs_normalized"": ""lower"", ""spearman"": ""higher"", ""top5_overlap"": ""higher"", ""top_k_churn"": ""lower"", ""v_error_relative_after"": ""lower""}"
robustness,duplicate_aware_robust,legacy_raw,exact_duplicate_2x,top_k_churn,lower,0,0,0,"[0.0, 0.0]",0,1,1,0,40,0,0,40,0,0,positive means candidate is better,40,4.1.0,test:3000-3039,a7c7a3f7ea63e57f1d98bd42f21c02aa04a69eaa37c824584a2be65f00f2d7e1,"{""numpy"": ""2.0.2"", ""pandas"": ""2.2.2"", ""python-louvain"": ""0.16"", ""scikit-learn"": ""1.6.1"", ""scipy"": ""1.16.3""}",RQ2-v1|oracle-evaluator-grouping|observed-reports-only,"{""false_priority_lift_normalized"": ""lower"", ""mean_rank_drift_normalized"": ""lower"", ""n_error_relative_after"": ""lower"", ""ndcg_at_5"": ""higher"", ""priority_drift_abs_normalized"": ""lower"", ""spearman"": ""higher"", ""top5_overlap"": ""higher"", ""top_k_churn"": ""lower"", ""v_error_relative_after"": ""lower""}"
robustness,duplicate_aware_robust,legacy_raw,exact_duplicate_2x,n_error_relative_after,lower,5.632254456,1.053832292,5.54704482,"[5.32045352375, 5.963549548337499]",-5.632254456,1.818989404e-12,9.094947018e-12,0,40,40,0,0,5.344545329,1,positive means candidate is better,40,4.1.0,test:3000-3039,a7c7a3f7ea63e57f1d98bd42f21c02aa04a69eaa37c824584a2be65f00f2d7e1,"{""numpy"": ""2.0.2"", ""pandas"": ""2.2.2"", ""python-louvain"": ""0.16"", ""scikit-learn"": ""1.6.1"", ""scipy"": ""1.16.3""}",RQ2-v1|oracle-evaluator-grouping|observed-reports-only,"{""false_priority_lift_normalized"": ""lower"", ""mean_rank_drift_normalized"": ""lower"", ""n_error_relative_after"": ""lower"", ""ndcg_at_5"": ""higher"", ""priority_drift_abs_normalized"": ""lower"", ""spearman"": ""higher"", ""top5_overlap"": ""higher"", ""top_k_churn"": ""lower"", ""v_error_relative_after"": ""lower""}"
robustness,duplicate_aware_robust,legacy_raw,exact_duplicate_2x,v_error_relative_after,lower,6.200220728,1.224530347,6.162182275,"[5.83674988945625, 6.57427211408125]",-6.200220728,1.818989404e-12,9.094947018e-12,0,40,40,0,0,5.063345915,1,positive means candidate is better,40,4.1.0,test:3000-3039,a7c7a3f7ea63e57f1d98bd42f21c02aa04a69eaa37c824584a2be65f00f2d7e1,"{""numpy"": ""2.0.2"", ""pandas"": ""2.2.2"", ""python-louvain"": ""0.16"", ""scikit-learn"": ""1.6.1"", ""scipy"": ""1.16.3""}",RQ2-v1|oracle-evaluator-grouping|observed-reports-only,"{""false_priority_lift_normalized"": ""lower"", ""mean_rank_drift_normalized"": ""lower"", ""n_error_relative_after"": ""lower"", ""ndcg_at_5"": ""higher"", ""priority_drift_abs_normalized"": ""lower"", ""spearman"": ""higher"", ""top5_overlap"": ""higher"", ""top_k_churn"": ""lower"", ""v_error_relative_after"": ""lower""}"
robustness,duplicate_aware_robust,legacy_raw,exact_duplicate_5x,priority_drift_abs_normalized,lower,0.00858,0.008502780842,0.0065,"[0.00610625, 0.011352624999999996]",-0.00858,3.566864833e-08,1.07005945e-07,0,40,40,0,0,1.009081636,1,positive means candidate is better,40,4.1.0,test:3000-3039,a7c7a3f7ea63e57f1d98bd42f21c02aa04a69eaa37c824584a2be65f00f2d7e1,"{""numpy"": ""2.0.2"", ""pandas"": ""2.2.2"", ""python-louvain"": ""0.16"", ""scikit-learn"": ""1.6.1"", ""scipy"": ""1.16.3""}",RQ2-v1|oracle-evaluator-grouping|observed-reports-only,"{""false_priority_lift_normalized"": ""lower"", ""mean_rank_drift_normalized"": ""lower"", ""n_error_relative_after"": ""lower"", ""ndcg_at_5"": ""higher"", ""priority_drift_abs_normalized"": ""lower"", ""spearman"": ""higher"", ""top5_overlap"": ""higher"", ""top_k_churn"": ""lower"", ""v_error_relative_after"": ""lower""}"
robustness,duplicate_aware_robust,legacy_raw,exact_duplicate_5x,mean_rank_drift_normalized,lower,0.00458333225,0.008428937754,0,"[0.00229166575, 0.00749999825625]",-0.00458333225,0.0004807073629,0.0009614147258,0,40,14,0,26,0.543761549,1,positive means candidate is better,40,4.1.0,test:3000-3039,a7c7a3f7ea63e57f1d98bd42f21c02aa04a69eaa37c824584a2be65f00f2d7e1,"{""numpy"": ""2.0.2"", ""pandas"": ""2.2.2"", ""python-louvain"": ""0.16"", ""scikit-learn"": ""1.6.1"", ""scipy"": ""1.16.3""}",RQ2-v1|oracle-evaluator-grouping|observed-reports-only,"{""false_priority_lift_normalized"": ""lower"", ""mean_rank_drift_normalized"": ""lower"", ""n_error_relative_after"": ""lower"", ""ndcg_at_5"": ""higher"", ""priority_drift_abs_normalized"": ""lower"", ""spearman"": ""higher"", ""top5_overlap"": ""higher"", ""top_k_churn"": ""lower"", ""v_error_relative_after"": ""lower""}"
robustness,duplicate_aware_robust,legacy_raw,exact_duplicate_5x,top_k_churn,lower,0.01,0.04414428557,0,"[0.0, 0.025]",-0.01,0.1572992071,0.1572992071,0,40,2,0,38,0.2265298865,1,positive means candidate is better,40,4.1.0,test:3000-3039,a7c7a3f7ea63e57f1d98bd42f21c02aa04a69eaa37c824584a2be65f00f2d7e1,"{""numpy"": ""2.0.2"", ""pandas"": ""2.2.2"", ""python-louvain"": ""0.16"", ""scikit-learn"": ""1.6.1"", ""scipy"": ""1.16.3""}",RQ2-v1|oracle-evaluator-grouping|observed-reports-only,"{""false_priority_lift_normalized"": ""lower"", ""mean_rank_drift_normalized"": ""lower"", ""n_error_relative_after"": ""lower"", ""ndcg_at_5"": ""higher"", ""priority_drift_abs_normalized"": ""lower"", ""spearman"": ""higher"", ""top5_overlap"": ""higher"", ""top_k_churn"": ""lower"", ""v_error_relative_after"": ""lower""}"
robustness,duplicate_aware_robust,legacy_raw,exact_duplicate_5x,n_error_relative_after,lower,6.559139942,1.361774219,6.382693145,"[6.14993560180625, 6.9880339611062485]",-6.559139942,1.818989404e-12,9.094947018e-12,0,40,40,0,0,4.816613394,1,positive means candidate is better,40,4.1.0,test:3000-3039,a7c7a3f7ea63e57f1d98bd42f21c02aa04a69eaa37c824584a2be65f00f2d7e1,"{""numpy"": ""2.0.2"", ""pandas"": ""2.2.2"", ""python-louvain"": ""0.16"", ""scikit-learn"": ""1.6.1"", ""scipy"": ""1.16.3""}",RQ2-v1|oracle-evaluator-grouping|observed-reports-only,"{""false_priority_lift_normalized"": ""lower"", ""mean_rank_drift_normalized"": ""lower"", ""n_error_relative_after"": ""lower"", ""ndcg_at_5"": ""higher"", ""priority_drift_abs_normalized"": ""lower"", ""spearman"": ""higher"", ""top5_overlap"": ""higher"", ""top_k_churn"": ""lower"", ""v_error_relative_after"": ""lower""}"
robustness,duplicate_aware_robust,legacy_raw,exact_duplicate_5x,v_error_relative_after,lower,7.3115615,1.607925939,7.393668335,"[6.83531866215, 7.8077538442500005]",-7.3115615,1.818989404e-12,9.094947018e-12,0,40,40,0,0,4.547200416,1,positive means candidate is better,40,4.1.0,test:3000-3039,a7c7a3f7ea63e57f1d98bd42f21c02aa04a69eaa37c824584a2be65f00f2d7e1,"{""numpy"": ""2.0.2"", ""pandas"": ""2.2.2"", ""python-louvain"": ""0.16"", ""scikit-learn"": ""1.6.1"", ""scipy"": ""1.16.3""}",RQ2-v1|oracle-evaluator-grouping|observed-reports-only,"{""false_priority_lift_normalized"": ""lower"", ""mean_rank_drift_normalized"": ""lower"", ""n_error_relative_after"": ""lower"", ""ndcg_at_5"": ""higher"", ""priority_drift_abs_normalized"": ""lower"", ""spearman"": ""higher"", ""top5_overlap"": ""higher"", ""top_k_churn"": ""lower"", ""v_error_relative_after"": ""lower""}"
robustness,duplicate_aware_robust,legacy_raw,low_confidence_inflate_E,priority_drift_abs_normalized,lower,-0.00223375,0.001203274778,-0.00225,"[-0.00259125, -0.0018624687500000004]",0.00223375,5.214161441e-08,1.564248432e-07,5,40,1,39,0,-1.856392272,-0.987804878,positive means candidate is better,40,4.1.0,test:3000-3039,a7c7a3f7ea63e57f1d98bd42f21c02aa04a69eaa37c824584a2be65f00f2d7e1,"{""numpy"": ""2.0.2"", ""pandas"": ""2.2.2"", ""python-louvain"": ""0.16"", ""scikit-learn"": ""1.6.1"", ""scipy"": ""1.16.3""}",RQ2-v1|oracle-evaluator-grouping|observed-reports-only,"{""false_priority_lift_normalized"": ""lower"", ""mean_rank_drift_normalized"": ""lower"", ""n_error_relative_after"": ""lower"", ""ndcg_at_5"": ""higher"", ""priority_drift_abs_normalized"": ""lower"", ""spearman"": ""higher"", ""top5_overlap"": ""higher"", ""top_k_churn"": ""lower"", ""v_error_relative_after"": ""lower""}"
robustness,duplicate_aware_robust,legacy_raw,low_confidence_inflate_E,mean_rank_drift_normalized,lower,-0.00020833325,0.003524182438,0,"[-0.0012499995, 0.000833333]",0.00020833325,0.7054569861,0.7054569861,12,40,3,4,33,-0.05911534197,-0.1428571429,positive means candidate is better,40,4.1.0,test:3000-3039,a7c7a3f7ea63e57f1d98bd42f21c02aa04a69eaa37c824584a2be65f00f2d7e1,"{""numpy"": ""2.0.2"", ""pandas"": ""2.2.2"", ""python-louvain"": ""0.16"", ""scikit-learn"": ""1.6.1"", ""scipy"": ""1.16.3""}",RQ2-v1|oracle-evaluator-grouping|observed-reports-only,"{""false_priority_lift_normalized"": ""lower"", ""mean_rank_drift_normalized"": ""lower"", ""n_error_relative_after"": ""lower"", ""ndcg_at_5"": ""higher"", ""priority_drift_abs_normalized"": ""lower"", ""spearman"": ""higher"", ""top5_overlap"": ""higher"", ""top_k_churn"": ""lower"", ""v_error_relative_after"": ""lower""}"
robustness,duplicate_aware_robust,legacy_raw,low_confidence_inflate_E,top_k_churn,lower,-0.005,0.0316227766,0,"[-0.015000000000000003, 0.0]",0.005,0.3173105079,0.6346210157,0,40,0,1,39,-0.158113883,-1,positive means candidate is better,40,4.1.0,test:3000-3039,a7c7a3f7ea63e57f1d98bd42f21c02aa04a69eaa37c824584a2be65f00f2d7e1,"{""numpy"": ""2.0.2"", ""pandas"": ""2.2.2"", ""python-louvain"": ""0.16"", ""scikit-learn"": ""1.6.1"", ""scipy"": ""1.16.3""}",RQ2-v1|oracle-evaluator-grouping|observed-reports-only,"{""false_priority_lift_normalized"": ""lower"", ""mean_rank_drift_normalized"": ""lower"", ""n_error_relative_after"": ""lower"", ""ndcg_at_5"": ""higher"", ""priority_drift_abs_normalized"": ""lower"", ""spearman"": ""higher"", ""top5_overlap"": ""higher"", ""top_k_churn"": ""lower"", ""v_error_relative_after"": ""lower""}"
robustness,duplicate_aware_robust,legacy_raw,low_confidence_inflate_E,n_error_relative_after,lower,5.339591072,1.007397323,5.297938185,"[5.0383206435500005, 5.6529330017625]",-5.339591072,1.818989404e-12,9.094947018e-12,0,40,40,0,0,5.300382432,1,positive means candidate is better,40,4.1.0,test:3000-3039,a7c7a3f7ea63e57f1d98bd42f21c02aa04a69eaa37c824584a2be65f00f2d7e1,"{""numpy"": ""2.0.2"", ""pandas"": ""2.2.2"", ""python-louvain"": ""0.16"", ""scikit-learn"": ""1.6.1"", ""scipy"": ""1.16.3""}",RQ2-v1|oracle-evaluator-grouping|observed-reports-only,"{""false_priority_lift_normalized"": ""lower"", ""mean_rank_drift_normalized"": ""lower"", ""n_error_relative_after"": ""lower"", ""ndcg_at_5"": ""higher"", ""priority_drift_abs_normalized"": ""lower"", ""spearman"": ""higher"", ""top5_overlap"": ""higher"", ""top_k_churn"": ""lower"", ""v_error_relative_after"": ""lower""}"
robustness,duplicate_aware_robust,legacy_raw,low_confidence_inflate_E,v_error_relative_after,lower,5.829773805,1.162581638,5.756828335,"[5.4826187358750005, 6.186562923612501]",-5.829773805,1.818989404e-12,9.094947018e-12,0,40,40,0,0,5.014507038,1,positive means candidate is better,40,4.1.0,test:3000-3039,a7c7a3f7ea63e57f1d98bd42f21c02aa04a69eaa37c824584a2be65f00f2d7e1,"{""numpy"": ""2.0.2"", ""pandas"": ""2.2.2"", ""python-louvain"": ""0.16"", ""scikit-learn"": ""1.6.1"", ""scipy"": ""1.16.3""}",RQ2-v1|oracle-evaluator-grouping|observed-reports-only,"{""false_priority_lift_normalized"": ""lower"", ""mean_rank_drift_normalized"": ""lower"", ""n_error_relative_after"": ""lower"", ""ndcg_at_5"": ""higher"", ""priority_drift_abs_normalized"": ""lower"", ""spearman"": ""higher"", ""top5_overlap"": ""higher"", ""top_k_churn"": ""lower"", ""v_error_relative_after"": ""lower""}"
robustness,duplicate_aware_robust,legacy_raw,low_confidence_inflate_F,priority_drift_abs_normalized,lower,0.00453125,0.0006866574091,0.0044,"[0.004325000000000001, 0.0047475]",-0.00453125,3.547989199e-08,1.06439676e-07,0,40,40,0,0,6.598996734,1,positive means candidate is better,40,4.1.0,test:3000-3039,a7c7a3f7ea63e57f1d98bd42f21c02aa04a69eaa37c824584a2be65f00f2d7e1,"{""numpy"": ""2.0.2"", ""pandas"": ""2.2.2"", ""python-louvain"": ""0.16"", ""scikit-learn"": ""1.6.1"", ""scipy"": ""1.16.3""}",RQ2-v1|oracle-evaluator-grouping|observed-reports-only,"{""false_priority_lift_normalized"": ""lower"", ""mean_rank_drift_normalized"": ""lower"", ""n_error_relative_after"": ""lower"", ""ndcg_at_5"": ""higher"", ""priority_drift_abs_normalized"": ""lower"", ""spearman"": ""higher"", ""top5_overlap"": ""higher"", ""top_k_churn"": ""lower"", ""v_error_relative_after"": ""lower""}"
robustness,duplicate_aware_robust,legacy_raw,low_confidence_inflate_F,mean_rank_drift_normalized,lower,0.00395833275,0.005657452328,0,"[0.0022916662500000002, 0.00583333275625]",-0.00395833275,0.0003466193511,0.0006932387023,0,40,15,0,25,0.6996670092,1,positive means candidate is better,40,4.1.0,test:3000-3039,a7c7a3f7ea63e57f1d98bd42f21c02aa04a69eaa37c824584a2be65f00f2d7e1,"{""numpy"": ""2.0.2"", ""pandas"": ""2.2.2"", ""python-louvain"": ""0.16"", ""scikit-learn"": ""1.6.1"", ""scipy"": ""1.16.3""}",RQ2-v1|oracle-evaluator-grouping|observed-reports-only,"{""false_priority_lift_normalized"": ""lower"", ""mean_rank_drift_normalized"": ""lower"", ""n_error_relative_after"": ""lower"", ""ndcg_at_5"": ""higher"", ""priority_drift_abs_normalized"": ""lower"", ""spearman"": ""higher"", ""top5_overlap"": ""higher"", ""top_k_churn"": ""lower"", ""v_error_relative_after"": ""lower""}"
robustness,duplicate_aware_robust,legacy_raw,low_confidence_inflate_F,top_k_churn,lower,0.015,0.05334935657,0,"[0.0, 0.035]",-0.015,0.08326451666,0.08326451666,0,40,3,0,37,0.2811655279,1,positive means candidate is better,40,4.1.0,test:3000-3039,a7c7a3f7ea63e57f1d98bd42f21c02aa04a69eaa37c824584a2be65f00f2d7e1,"{""numpy"": ""2.0.2"", ""pandas"": ""2.2.2"", ""python-louvain"": ""0.16"", ""scikit-learn"": ""1.6.1"", ""scipy"": ""1.16.3""}",RQ2-v1|oracle-evaluator-grouping|observed-reports-only,"{""false_priority_lift_normalized"": ""lower"", ""mean_rank_drift_normalized"": ""lower"", ""n_error_relative_after"": ""lower"", ""ndcg_at_5"": ""higher"", ""priority_drift_abs_normalized"": ""lower"", ""spearman"": ""higher"", ""top5_overlap"": ""higher"", ""top_k_churn"": ""lower"", ""v_error_relative_after"": ""lower""}"
robustness,duplicate_aware_robust,legacy_raw,low_confidence_inflate_F,n_error_relative_after,lower,5.339591072,1.007397323,5.297938185,"[5.0383206435500005, 5.6529330017625]",-5.339591072,1.818989404e-12,9.094947018e-12,0,40,40,0,0,5.300382432,1,positive means candidate is better,40,4.1.0,test:3000-3039,a7c7a3f7ea63e57f1d98bd42f21c02aa04a69eaa37c824584a2be65f00f2d7e1,"{""numpy"": ""2.0.2"", ""pandas"": ""2.2.2"", ""python-louvain"": ""0.16"", ""scikit-learn"": ""1.6.1"", ""scipy"": ""1.16.3""}",RQ2-v1|oracle-evaluator-grouping|observed-reports-only,"{""false_priority_lift_normalized"": ""lower"", ""mean_rank_drift_normalized"": ""lower"", ""n_error_relative_after"": ""lower"", ""ndcg_at_5"": ""higher"", ""priority_drift_abs_normalized"": ""lower"", ""spearman"": ""higher"", ""top5_overlap"": ""higher"", ""top_k_churn"": ""lower"", ""v_error_relative_after"": ""lower""}"
robustness,duplicate_aware_robust,legacy_raw,low_confidence_inflate_F,v_error_relative_after,lower,5.829773805,1.162581638,5.756828335,"[5.4826187358750005, 6.186562923612501]",-5.829773805,1.818989404e-12,9.094947018e-12,0,40,40,0,0,5.014507038,1,positive means candidate is better,40,4.1.0,test:3000-3039,a7c7a3f7ea63e57f1d98bd42f21c02aa04a69eaa37c824584a2be65f00f2d7e1,"{""numpy"": ""2.0.2"", ""pandas"": ""2.2.2"", ""python-louvain"": ""0.16"", ""scikit-learn"": ""1.6.1"", ""scipy"": ""1.16.3""}",RQ2-v1|oracle-evaluator-grouping|observed-reports-only,"{""false_priority_lift_normalized"": ""lower"", ""mean_rank_drift_normalized"": ""lower"", ""n_error_relative_after"": ""lower"", ""ndcg_at_5"": ""higher"", ""priority_drift_abs_normalized"": ""lower"", ""spearman"": ""higher"", ""top5_overlap"": ""higher"", ""top_k_churn"": ""lower"", ""v_error_relative_after"": ""lower""}"
robustness,duplicate_aware_robust,legacy_raw,low_confidence_inflate_N,priority_drift_abs_normalized,lower,-0.0556075,0.01247771115,-0.054825,"[-0.059412718749999996, -0.05180475000000001]",0.0556075,3.568126324e-08,1.070437897e-07,0,40,0,40,0,-4.456546502,-1,positive means candidate is better,40,4.1.0,test:3000-3039,a7c7a3f7ea63e57f1d98bd42f21c02aa04a69eaa37c824584a2be65f00f2d7e1,"{""numpy"": ""2.0.2"", ""pandas"": ""2.2.2"", ""python-louvain"": ""0.16"", ""scikit-learn"": ""1.6.1"", ""scipy"": ""1.16.3""}",RQ2-v1|oracle-evaluator-grouping|observed-reports-only,"{""false_priority_lift_normalized"": ""lower"", ""mean_rank_drift_normalized"": ""lower"", ""n_error_relative_after"": ""lower"", ""ndcg_at_5"": ""higher"", ""priority_drift_abs_normalized"": ""lower"", ""spearman"": ""higher"", ""top5_overlap"": ""higher"", ""top_k_churn"": ""lower"", ""v_error_relative_after"": ""lower""}"
robustness,duplicate_aware_robust,legacy_raw,low_confidence_inflate_N,mean_rank_drift_normalized,lower,-0.016875,0.01392996125,-0.01666667,"[-0.021041667506250004, -0.01270833275]",0.016875,1.452241308e-06,2.904482616e-06,12.5,40,2,31,7,-1.211417584,-0.9554367201,positive means candidate is better,40,4.1.0,test:3000-3039,a7c7a3f7ea63e57f1d98bd42f21c02aa04a69eaa37c824584a2be65f00f2d7e1,"{""numpy"": ""2.0.2"", ""pandas"": ""2.2.2"", ""python-louvain"": ""0.16"", ""scikit-learn"": ""1.6.1"", ""scipy"": ""1.16.3""}",RQ2-v1|oracle-evaluator-grouping|observed-reports-only,"{""false_priority_lift_normalized"": ""lower"", ""mean_rank_drift_normalized"": ""lower"", ""n_error_relative_after"": ""lower"", ""ndcg_at_5"": ""higher"", ""priority_drift_abs_normalized"": ""lower"", ""spearman"": ""higher"", ""top5_overlap"": ""higher"", ""top_k_churn"": ""lower"", ""v_error_relative_after"": ""lower""}"
robustness,duplicate_aware_robust,legacy_raw,low_confidence_inflate_N,top_k_churn,lower,-0.045,0.1060962311,0,"[-0.08, -0.010000000000000002]",0.045,0.0125549186,0.0125549186,14,40,2,11,27,-0.4241432474,-0.6923076923,positive means candidate is better,40,4.1.0,test:3000-3039,a7c7a3f7ea63e57f1d98bd42f21c02aa04a69eaa37c824584a2be65f00f2d7e1,"{""numpy"": ""2.0.2"", ""pandas"": ""2.2.2"", ""python-louvain"": ""0.16"", ""scikit-learn"": ""1.6.1"", ""scipy"": ""1.16.3""}",RQ2-v1|oracle-evaluator-grouping|observed-reports-only,"{""false_priority_lift_normalized"": ""lower"", ""mean_rank_drift_normalized"": ""lower"", ""n_error_relative_after"": ""lower"", ""ndcg_at_5"": ""higher"", ""priority_drift_abs_normalized"": ""lower"", ""spearman"": ""higher"", ""top5_overlap"": ""higher"", ""top_k_churn"": ""lower"", ""v_error_relative_after"": ""lower""}"
robustness,duplicate_aware_robust,legacy_raw,low_confidence_inflate_N,n_error_relative_after,lower,6.589832031,0.967264814,6.53214866,"[6.300117215518751, 6.891495577806249]",-6.589832031,1.818989404e-12,9.094947018e-12,0,40,40,0,0,6.812852008,1,positive means candidate is better,40,4.1.0,test:3000-3039,a7c7a3f7ea63e57f1d98bd42f21c02aa04a69eaa37c824584a2be65f00f2d7e1,"{""numpy"": ""2.0.2"", ""pandas"": ""2.2.2"", ""python-louvain"": ""0.16"", ""scikit-learn"": ""1.6.1"", ""scipy"": ""1.16.3""}",RQ2-v1|oracle-evaluator-grouping|observed-reports-only,"{""false_priority_lift_normalized"": ""lower"", ""mean_rank_drift_normalized"": ""lower"", ""n_error_relative_after"": ""lower"", ""ndcg_at_5"": ""higher"", ""priority_drift_abs_normalized"": ""lower"", ""spearman"": ""higher"", ""top5_overlap"": ""higher"", ""top_k_churn"": ""lower"", ""v_error_relative_after"": ""lower""}"
robustness,duplicate_aware_robust,legacy_raw,low_confidence_inflate_N,v_error_relative_after,lower,5.829773805,1.162581638,5.756828335,"[5.4826187358750005, 6.186562923612501]",-5.829773805,1.818989404e-12,9.094947018e-12,0,40,40,0,0,5.014507038,1,positive means candidate is better,40,4.1.0,test:3000-3039,a7c7a3f7ea63e57f1d98bd42f21c02aa04a69eaa37c824584a2be65f00f2d7e1,"{""numpy"": ""2.0.2"", ""pandas"": ""2.2.2"", ""python-louvain"": ""0.16"", ""scikit-learn"": ""1.6.1"", ""scipy"": ""1.16.3""}",RQ2-v1|oracle-evaluator-grouping|observed-reports-only,"{""false_priority_lift_normalized"": ""lower"", ""mean_rank_drift_normalized"": ""lower"", ""n_error_relative_after"": ""lower"", ""ndcg_at_5"": ""higher"", ""priority_drift_abs_normalized"": ""lower"", ""spearman"": ""higher"", ""top5_overlap"": ""higher"", ""top_k_churn"": ""lower"", ""v_error_relative_after"": ""lower""}"
robustness,duplicate_aware_robust,legacy_raw,low_confidence_inflate_V,priority_drift_abs_normalized,lower,-0.068425,0.06574147307,-0.05805,"[-0.08952940625, -0.04831815625000001]",0.068425,1.036696631e-07,3.110089892e-07,55,40,10,30,0,-1.040819391,-0.8658536585,positive means candidate is better,40,4.1.0,test:3000-3039,a7c7a3f7ea63e57f1d98bd42f21c02aa04a69eaa37c824584a2be65f00f2d7e1,"{""numpy"": ""2.0.2"", ""pandas"": ""2.2.2"", ""python-louvain"": ""0.16"", ""scikit-learn"": ""1.6.1"", ""scipy"": ""1.16.3""}",RQ2-v1|oracle-evaluator-grouping|observed-reports-only,"{""false_priority_lift_normalized"": ""lower"", ""mean_rank_drift_normalized"": ""lower"", ""n_error_relative_after"": ""lower"", ""ndcg_at_5"": ""higher"", ""priority_drift_abs_normalized"": ""lower"", ""spearman"": ""higher"", ""top5_overlap"": ""higher"", ""top_k_churn"": ""lower"", ""v_error_relative_after"": ""lower""}"
robustness,duplicate_aware_robust,legacy_raw,low_confidence_inflate_V,mean_rank_drift_normalized,lower,-0.0222916675,0.0257637955,-0.01666667,"[-0.030416668, -0.0143750017375]",0.0222916675,5.750436517e-06,1.150087303e-05,22,40,4,28,8,-0.8652322792,-0.9166666667,positive means candidate is better,40,4.1.0,test:3000-3039,a7c7a3f7ea63e57f1d98bd42f21c02aa04a69eaa37c824584a2be65f00f2d7e1,"{""numpy"": ""2.0.2"", ""pandas"": ""2.2.2"", ""python-louvain"": ""0.16"", ""scikit-learn"": ""1.6.1"", ""scipy"": ""1.16.3""}",RQ2-v1|oracle-evaluator-grouping|observed-reports-only,"{""false_priority_lift_normalized"": ""lower"", ""mean_rank_drift_normalized"": ""lower"", ""n_error_relative_after"": ""lower"", ""ndcg_at_5"": ""higher"", ""priority_drift_abs_normalized"": ""lower"", ""spearman"": ""higher"", ""top5_overlap"": ""higher"", ""top_k_churn"": ""lower"", ""v_error_relative_after"": ""lower""}"
robustness,duplicate_aware_robust,legacy_raw,low_confidence_inflate_V,top_k_churn,lower,-0.035,0.08929926637,0,"[-0.065, -0.01]",0.035,0.01963065726,0.01963065726,5,40,1,8,31,-0.39194051,-0.7777777778,positive means candidate is better,40,4.1.0,test:3000-3039,a7c7a3f7ea63e57f1d98bd42f21c02aa04a69eaa37c824584a2be65f00f2d7e1,"{""numpy"": ""2.0.2"", ""pandas"": ""2.2.2"", ""python-louvain"": ""0.16"", ""scikit-learn"": ""1.6.1"", ""scipy"": ""1.16.3""}",RQ2-v1|oracle-evaluator-grouping|observed-reports-only,"{""false_priority_lift_normalized"": ""lower"", ""mean_rank_drift_normalized"": ""lower"", ""n_error_relative_after"": ""lower"", ""ndcg_at_5"": ""higher"", ""priority_drift_abs_normalized"": ""lower"", ""spearman"": ""higher"", ""top5_overlap"": ""higher"", ""top_k_churn"": ""lower"", ""v_error_relative_after"": ""lower""}"
robustness,duplicate_aware_robust,legacy_raw,low_confidence_inflate_V,n_error_relative_after,lower,5.339591072,1.007397323,5.297938185,"[5.0383206435500005, 5.6529330017625]",-5.339591072,1.818989404e-12,9.094947018e-12,0,40,40,0,0,5.300382432,1,positive means candidate is better,40,4.1.0,test:3000-3039,a7c7a3f7ea63e57f1d98bd42f21c02aa04a69eaa37c824584a2be65f00f2d7e1,"{""numpy"": ""2.0.2"", ""pandas"": ""2.2.2"", ""python-louvain"": ""0.16"", ""scikit-learn"": ""1.6.1"", ""scipy"": ""1.16.3""}",RQ2-v1|oracle-evaluator-grouping|observed-reports-only,"{""false_priority_lift_normalized"": ""lower"", ""mean_rank_drift_normalized"": ""lower"", ""n_error_relative_after"": ""lower"", ""ndcg_at_5"": ""higher"", ""priority_drift_abs_normalized"": ""lower"", ""spearman"": ""higher"", ""top5_overlap"": ""higher"", ""top_k_churn"": ""lower"", ""v_error_relative_after"": ""lower""}"
robustness,duplicate_aware_robust,legacy_raw,low_confidence_inflate_V,v_error_relative_after,lower,16.01380024,7.69219906,14.24980383,"[13.704249228375003, 18.441240780799998]",-16.01380024,1.818989404e-12,9.094947018e-12,0,40,40,0,0,2.081823431,1,positive means candidate is better,40,4.1.0,test:3000-3039,a7c7a3f7ea63e57f1d98bd42f21c02aa04a69eaa37c824584a2be65f00f2d7e1,"{""numpy"": ""2.0.2"", ""pandas"": ""2.2.2"", ""python-louvain"": ""0.16"", ""scikit-learn"": ""1.6.1"", ""scipy"": ""1.16.3""}",RQ2-v1|oracle-evaluator-grouping|observed-reports-only,"{""false_priority_lift_normalized"": ""lower"", ""mean_rank_drift_normalized"": ""lower"", ""n_error_relative_after"": ""lower"", ""ndcg_at_5"": ""higher"", ""priority_drift_abs_normalized"": ""lower"", ""spearman"": ""higher"", ""top5_overlap"": ""higher"", ""top_k_churn"": ""lower"", ""v_error_relative_after"": ""lower""}"
robustness,duplicate_aware_robust,legacy_raw,near_duplicate,priority_drift_abs_normalized,lower,0.00381609375,0.001452448673,0.003415625,"[0.0033721289062500002, 0.00425501171875]",-0.00381609375,1.818989404e-12,9.094947018e-12,0,40,40,0,0,2.62735188,1,positive means candidate is better,40,4.1.0,test:3000-3039,a7c7a3f7ea63e57f1d98bd42f21c02aa04a69eaa37c824584a2be65f00f2d7e1,"{""numpy"": ""2.0.2"", ""pandas"": ""2.2.2"", ""python-louvain"": ""0.16"", ""scikit-learn"": ""1.6.1"", ""scipy"": ""1.16.3""}",RQ2-v1|oracle-evaluator-grouping|observed-reports-only,"{""false_priority_lift_normalized"": ""lower"", ""mean_rank_drift_normalized"": ""lower"", ""n_error_relative_after"": ""lower"", ""ndcg_at_5"": ""higher"", ""priority_drift_abs_normalized"": ""lower"", ""spearman"": ""higher"", ""top5_overlap"": ""higher"", ""top_k_churn"": ""lower"", ""v_error_relative_after"": ""lower""}"
robustness,duplicate_aware_robust,legacy_raw,near_duplicate,mean_rank_drift_normalized,lower,0.001223958031,0.001352778974,0.00104166625,"[0.0008072914375, 0.0016406246562500001]",-0.001223958031,1.527417441e-05,3.054834881e-05,15,40,25,3,12,0.9047731039,0.9261083744,positive means candidate is better,40,4.1.0,test:3000-3039,a7c7a3f7ea63e57f1d98bd42f21c02aa04a69eaa37c824584a2be65f00f2d7e1,"{""numpy"": ""2.0.2"", ""pandas"": ""2.2.2"", ""python-louvain"": ""0.16"", ""scikit-learn"": ""1.6.1"", ""scipy"": ""1.16.3""}",RQ2-v1|oracle-evaluator-grouping|observed-reports-only,"{""false_priority_lift_normalized"": ""lower"", ""mean_rank_drift_normalized"": ""lower"", ""n_error_relative_after"": ""lower"", ""ndcg_at_5"": ""higher"", ""priority_drift_abs_normalized"": ""lower"", ""spearman"": ""higher"", ""top5_overlap"": ""higher"", ""top_k_churn"": ""lower"", ""v_error_relative_after"": ""lower""}"
robustness,duplicate_aware_robust,legacy_raw,near_duplicate,top_k_churn,lower,0.00125,0.00790569415,0,"[-0.00125, 0.0037500000000000007]",-0.00125,0.3173105079,0.3173105079,2.5,40,3,1,36,0.158113883,0.5,positive means candidate is better,40,4.1.0,test:3000-3039,a7c7a3f7ea63e57f1d98bd42f21c02aa04a69eaa37c824584a2be65f00f2d7e1,"{""numpy"": ""2.0.2"", ""pandas"": ""2.2.2"", ""python-louvain"": ""0.16"", ""scikit-learn"": ""1.6.1"", ""scipy"": ""1.16.3""}",RQ2-v1|oracle-evaluator-grouping|observed-reports-only,"{""false_priority_lift_normalized"": ""lower"", ""mean_rank_drift_normalized"": ""lower"", ""n_error_relative_after"": ""lower"", ""ndcg_at_5"": ""higher"", ""priority_drift_abs_normalized"": ""lower"", ""spearman"": ""higher"", ""top5_overlap"": ""higher"", ""top_k_churn"": ""lower"", ""v_error_relative_after"": ""lower""}"
robustness,duplicate_aware_robust,legacy_raw,near_duplicate,n_error_relative_after,lower,5.011902408,0.6581492185,4.970153822,"[4.813430355697656, 5.20894006386172]",-5.011902408,1.818989404e-12,9.094947018e-12,0,40,40,0,0,7.61514603,1,positive means candidate is better,40,4.1.0,test:3000-3039,a7c7a3f7ea63e57f1d98bd42f21c02aa04a69eaa37c824584a2be65f00f2d7e1,"{""numpy"": ""2.0.2"", ""pandas"": ""2.2.2"", ""python-louvain"": ""0.16"", ""scikit-learn"": ""1.6.1"", ""scipy"": ""1.16.3""}",RQ2-v1|oracle-evaluator-grouping|observed-reports-only,"{""false_priority_lift_normalized"": ""lower"", ""mean_rank_drift_normalized"": ""lower"", ""n_error_relative_after"": ""lower"", ""ndcg_at_5"": ""higher"", ""priority_drift_abs_normalized"": ""lower"", ""spearman"": ""higher"", ""top5_overlap"": ""higher"", ""top_k_churn"": ""lower"", ""v_error_relative_after"": ""lower""}"
robustness,duplicate_aware_robust,legacy_raw,near_duplicate,v_error_relative_after,lower,5.834705208,0.7172641431,5.860637371,"[5.61134686438047, 6.048651135654687]",-5.834705208,1.818989404e-12,9.094947018e-12,0,40,40,0,0,8.134667353,1,positive means candidate is better,40,4.1.0,test:3000-3039,a7c7a3f7ea63e57f1d98bd42f21c02aa04a69eaa37c824584a2be65f00f2d7e1,"{""numpy"": ""2.0.2"", ""pandas"": ""2.2.2"", ""python-louvain"": ""0.16"", ""scikit-learn"": ""1.6.1"", ""scipy"": ""1.16.3""}",RQ2-v1|oracle-evaluator-grouping|observed-reports-only,"{""false_priority_lift_normalized"": ""lower"", ""mean_rank_drift_normalized"": ""lower"", ""n_error_relative_after"": ""lower"", ""ndcg_at_5"": ""higher"", ""priority_drift_abs_normalized"": ""lower"", ""spearman"": ""higher"", ""top5_overlap"": ""higher"", ""top_k_churn"": ""lower"", ""v_error_relative_after"": ""lower""}"
robustness,duplicate_aware_robust,legacy_raw,source_missingness_zero_imputation,priority_drift_abs_normalized,lower,0.001238033482,0.001333832459,0.001284375,"[0.0008216700706845238, 0.0016328639136904757]",-0.001238033482,1.294753266e-05,3.884259799e-05,77.5,40,34,5,1,0.9281776537,0.8012820513,positive means candidate is better,40,4.1.0,test:3000-3039,a7c7a3f7ea63e57f1d98bd42f21c02aa04a69eaa37c824584a2be65f00f2d7e1,"{""numpy"": ""2.0.2"", ""pandas"": ""2.2.2"", ""python-louvain"": ""0.16"", ""scikit-learn"": ""1.6.1"", ""scipy"": ""1.16.3""}",RQ2-v1|oracle-evaluator-grouping|observed-reports-only,"{""false_priority_lift_normalized"": ""lower"", ""mean_rank_drift_normalized"": ""lower"", ""n_error_relative_after"": ""lower"", ""ndcg_at_5"": ""higher"", ""priority_drift_abs_normalized"": ""lower"", ""spearman"": ""higher"", ""top5_overlap"": ""higher"", ""top_k_churn"": ""lower"", ""v_error_relative_after"": ""lower""}"
robustness,duplicate_aware_robust,legacy_raw,source_missingness_zero_imputation,mean_rank_drift_normalized,lower,0.0005767609061,0.001584233359,0.000555555,"[9.982332835193457e-05, 0.001080648622176339]",-0.0005767609061,0.03799425761,0.07598851522,227.5,40,22,16,2,0.3640630989,0.3859649123,positive means candidate is better,40,4.1.0,test:3000-3039,a7c7a3f7ea63e57f1d98bd42f21c02aa04a69eaa37c824584a2be65f00f2d7e1,"{""numpy"": ""2.0.2"", ""pandas"": ""2.2.2"", ""python-louvain"": ""0.16"", ""scikit-learn"": ""1.6.1"", ""scipy"": ""1.16.3""}",RQ2-v1|oracle-evaluator-grouping|observed-reports-only,"{""false_priority_lift_normalized"": ""lower"", ""mean_rank_drift_normalized"": ""lower"", ""n_error_relative_after"": ""lower"", ""ndcg_at_5"": ""higher"", ""priority_drift_abs_normalized"": ""lower"", ""spearman"": ""higher"", ""top5_overlap"": ""higher"", ""top_k_churn"": ""lower"", ""v_error_relative_after"": ""lower""}"
robustness,duplicate_aware_robust,legacy_raw,source_missingness_zero_imputation,top_k_churn,lower,0.00350297619,0.0104783023,0,"[0.00027671130952380997, 0.006818452380952381]",-0.00350297619,0.1015385684,0.1015385684,86,40,16,7,17,0.3343076092,0.3768115942,positive means candidate is better,40,4.1.0,test:3000-3039,a7c7a3f7ea63e57f1d98bd42f21c02aa04a69eaa37c824584a2be65f00f2d7e1,"{""numpy"": ""2.0.2"", ""pandas"": ""2.2.2"", ""python-louvain"": ""0.16"", ""scikit-learn"": ""1.6.1"", ""scipy"": ""1.16.3""}",RQ2-v1|oracle-evaluator-grouping|observed-reports-only,"{""false_priority_lift_normalized"": ""lower"", ""mean_rank_drift_normalized"": ""lower"", ""n_error_relative_after"": ""lower"", ""ndcg_at_5"": ""higher"", ""priority_drift_abs_normalized"": ""lower"", ""spearman"": ""higher"", ""top5_overlap"": ""higher"", ""top_k_churn"": ""lower"", ""v_error_relative_after"": ""lower""}"
robustness,duplicate_aware_robust,legacy_raw,source_missingness_zero_imputation,n_error_relative_after,lower,5.859189228,0.4533530082,5.881962048,"[5.7171267046614656, 5.99580267975975]",-5.859189228,1.818989404e-12,9.094947018e-12,0,40,40,0,0,12.92412121,1,positive means candidate is better,40,4.1.0,test:3000-3039,a7c7a3f7ea63e57f1d98bd42f21c02aa04a69eaa37c824584a2be65f00f2d7e1,"{""numpy"": ""2.0.2"", ""pandas"": ""2.2.2"", ""python-louvain"": ""0.16"", ""scikit-learn"": ""1.6.1"", ""scipy"": ""1.16.3""}",RQ2-v1|oracle-evaluator-grouping|observed-reports-only,"{""false_priority_lift_normalized"": ""lower"", ""mean_rank_drift_normalized"": ""lower"", ""n_error_relative_after"": ""lower"", ""ndcg_at_5"": ""higher"", ""priority_drift_abs_normalized"": ""lower"", ""spearman"": ""higher"", ""top5_overlap"": ""higher"", ""top_k_churn"": ""lower"", ""v_error_relative_after"": ""lower""}"
robustness,duplicate_aware_robust,legacy_raw,source_missingness_zero_imputation,v_error_relative_after,lower,6.831662761,0.5157656288,6.923733834,"[6.667233820408, 6.979124763850532]",-6.831662761,1.818989404e-12,9.094947018e-12,0,40,40,0,0,13.2456728,1,positive means candidate is better,40,4.1.0,test:3000-3039,a7c7a3f7ea63e57f1d98bd42f21c02aa04a69eaa37c824584a2be65f00f2d7e1,"{""numpy"": ""2.0.2"", ""pandas"": ""2.2.2"", ""python-louvain"": ""0.16"", ""scikit-learn"": ""1.6.1"", ""scipy"": ""1.16.3""}",RQ2-v1|oracle-evaluator-grouping|observed-reports-only,"{""false_priority_lift_normalized"": ""lower"", ""mean_rank_drift_normalized"": ""lower"", ""n_error_relative_after"": ""lower"", ""ndcg_at_5"": ""higher"", ""priority_drift_abs_normalized"": ""lower"", ""spearman"": ""higher"", ""top5_overlap"": ""higher"", ""top_k_churn"": ""lower"", ""v_error_relative_after"": ""lower""}"
