image_path,ground_truth,gt_idx,pred_fp32,confidence_fp32,latency_ms_fp32,margin_fp32,probabilities_fp32,pred_int8,confidence_int8,latency_ms_int8,margin_int8,probabilities_int8
E:\RHNA\1Visual\NCKH\nckh2\products\fe\model\Dataset_Flood\low\808137151_1065873222862956_2369990287917085533_n.jpg,low,0,medium,0.6701967716217041,36.956399999326095,0.4640020430088043,"[0.20619472861289978, 0.6701967716217041, 0.036695219576358795, 0.08691322058439255]",non_flood,0.34117648005485535,35.0927999970736,0.0,"[0.2862745225429535, 0.34117648005485535, 0.02352941408753395, 0.34117648005485535]"
E:\RHNA\1Visual\NCKH\nckh2\products\fe\model\Dataset_Flood\low\images - 2025-01-28T154231.729.jpg,low,0,low,0.5600684881210327,25.458099989918992,0.30250558257102966,"[0.5600684881210327, 0.25756290555000305, 0.038890816271305084, 0.1434778869152069]",non_flood,0.4705882668495178,26.095799999893643,0.07843136787414551,"[0.3921568989753723, 0.125490203499794, 0.007843137718737125, 0.4705882668495178]"
E:\RHNA\1Visual\NCKH\nckh2\products\fe\model\Dataset_Flood\low\images (93).jpg,low,0,low,0.7503064274787903,27.44150000216905,0.5270659923553467,"[0.7503064274787903, 0.2232404351234436, 0.007798767648637295, 0.01865442283451557]",medium,0.5647059082984924,26.29920000617858,0.16862744092941284,"[0.3960784673690796, 0.5647059082984924, 0.019607843831181526, 0.01568627543747425]"
E:\RHNA\1Visual\NCKH\nckh2\products\fe\model\Dataset_Flood\low\images (99).jpg,low,0,low,0.438313752412796,28.229000003193505,0.015569299459457397,"[0.438313752412796, 0.4227444529533386, 0.11140532791614532, 0.02753647044301033]",medium,0.6117647290229797,24.64740000141319,0.3490196168422699,"[0.26274511218070984, 0.6117647290229797, 0.10196079313755035, 0.01568627543747425]"
E:\RHNA\1Visual\NCKH\nckh2\products\fe\model\Dataset_Flood\low\화면 캡처 2025-03-05 165853.jpg,low,0,low,0.4571909010410309,27.002000002539717,0.07977688312530518,"[0.4571909010410309, 0.09782324731349945, 0.06757178902626038, 0.3774140179157257]",non_flood,0.6784313917160034,24.48510000249371,0.4745098054409027,"[0.2039215862751007, 0.06666667014360428, 0.0470588281750679, 0.6784313917160034]"
E:\RHNA\1Visual\NCKH\nckh2\products\fe\model\Dataset_Flood\low\images (38).jpg,low,0,medium,0.5172597765922546,27.503500008606352,0.07808557152748108,"[0.43917420506477356, 0.5172597765922546, 0.015665309503674507, 0.02790071815252304]",low,0.4941176772117615,28.195799997774884,0.0627450942993164,"[0.4941176772117615, 0.43137258291244507, 0.02352941408753395, 0.0470588281750679]"
E:\RHNA\1Visual\NCKH\nckh2\products\fe\model\Dataset_Flood\low\images (33).jpg,low,0,medium,0.5204843878746033,28.541599996970035,0.08465033769607544,"[0.43583405017852783, 0.5204843878746033, 0.01257211621850729, 0.03110942430794239]",low,0.458823561668396,29.508000006899238,0.019607841968536377,"[0.458823561668396, 0.4392157196998596, 0.08235294371843338, 0.019607843831181526]"
E:\RHNA\1Visual\NCKH\nckh2\products\fe\model\Dataset_Flood\low\images - 2025-01-28T151759.595.jpg,low,0,low,0.7692956328392029,26.04599999904167,0.6334541440010071,"[0.7692956328392029, 0.048315487802028656, 0.046547405421733856, 0.1358414739370346]",non_flood,0.4549019932746887,26.426500000525266,0.019607841968536377,"[0.43529415130615234, 0.02352941408753395, 0.08235294371843338, 0.4549019932746887]"
E:\RHNA\1Visual\NCKH\nckh2\products\fe\model\Dataset_Flood\low\images - 2025-01-28T151814.128.jpg,low,0,low,0.5324286222457886,29.398300001048483,0.08685305714607239,"[0.5324286222457886, 0.019800670444965363, 0.00219512777402997, 0.4455755650997162]",non_flood,0.4941176772117615,28.147499993792735,0.023529410362243652,"[0.4705882668495178, 0.0313725508749485, 0.003921568859368563, 0.4941176772117615]"
E:\RHNA\1Visual\NCKH\nckh2\products\fe\model\Dataset_Flood\low\img_india_20151202_title-759x500.jpg,low,0,medium,0.5241528153419495,26.574799994705245,0.25059565901756287,"[0.16513754427433014, 0.5241528153419495, 0.2735571563243866, 0.03715244308114052]",high,0.46274513006210327,28.679499999270774,0.07450979948043823,"[0.09803922474384308, 0.38823533058166504, 0.46274513006210327, 0.05098039656877518]"
E:\RHNA\1Visual\NCKH\nckh2\products\fe\model\Dataset_Flood\low\다운로드 (17).jpg,low,0,low,0.46238917112350464,30.594800002290867,0.17806637287139893,"[0.46238917112350464, 0.14829722046852112, 0.10499082505702972, 0.2843227982521057]",non_flood,0.5568627715110779,54.127999988850206,0.29411765933036804,"[0.26274511218070984, 0.09803922474384308, 0.0784313753247261, 0.5568627715110779]"
E:\RHNA\1Visual\NCKH\nckh2\products\fe\model\Dataset_Flood\low\images.jpg,low,0,low,0.47656676173210144,28.15800000098534,0.00879397988319397,"[0.47656676173210144, 0.46777278184890747, 0.0025869670789688826, 0.05307356268167496]",medium,0.5333333611488342,30.42700000514742,0.1254901885986328,"[0.4078431725502014, 0.5333333611488342, 0.011764707043766975, 0.0470588281750679]"
E:\RHNA\1Visual\NCKH\nckh2\products\fe\model\Dataset_Flood\low\images - 2025-01-28T152051.161.jpg,low,0,medium,0.48449811339378357,31.159699996351264,0.18021070957183838,"[0.3042874038219452, 0.48449811339378357, 0.017514070495963097, 0.19370044767856598]",non_flood,0.48235297203063965,34.36290001263842,0.24705883860588074,"[0.2352941334247589, 0.2352941334247589, 0.04313725605607033, 0.48235297203063965]"
E:\RHNA\1Visual\NCKH\nckh2\products\fe\model\Dataset_Flood\low\flood_6194.jpg,low,0,medium,0.4199292063713074,150.7865000021411,0.01693865656852722,"[0.40299054980278015, 0.4199292063713074, 0.1434984803199768, 0.03358179330825806]",low,0.3921568989753723,33.9382999954978,0.04705885052680969,"[0.3921568989753723, 0.3450980484485626, 0.21176472306251526, 0.0470588281750679]"
E:\RHNA\1Visual\NCKH\nckh2\products\fe\model\Dataset_Flood\medium\38.jpg,medium,1,medium,0.6203584671020508,48.55239999596961,0.32980895042419434,"[0.0821615681052208, 0.6203584671020508, 0.29054951667785645, 0.006930442992597818]",low,0.5176470875740051,35.53680000186432,0.20000001788139343,"[0.5176470875740051, 0.3176470696926117, 0.1098039299249649, 0.05098039656877518]"
E:\RHNA\1Visual\NCKH\nckh2\products\fe\model\Dataset_Flood\medium\z5675153483527cd80a92c47aaeb3ab9a8fbe5fd9bdaba-1722134771986321631296.webp,medium,1,medium,0.7103907465934753,30.866200002492405,0.5412207841873169,"[0.16916999220848083, 0.7103907465934753, 0.09461182355880737, 0.0258274357765913]",low,0.5098039507865906,35.53300000203308,0.15294119715690613,"[0.5098039507865906, 0.35686275362968445, 0.05490196496248245, 0.07058823853731155]"
E:\RHNA\1Visual\NCKH\nckh2\products\fe\model\Dataset_Flood\medium\803102985_1065370659579879_8461065299246796518_n.jpg,medium,1,medium,0.5154169201850891,92.73960000427905,0.15118315815925598,"[0.36423376202583313, 0.5154169201850891, 0.04130597785115242, 0.07904336601495743]",low,0.5098039507865906,382.0263999950839,0.15294119715690613,"[0.5098039507865906, 0.35686275362968445, 0.05098039656877518, 0.0784313753247261]"
E:\RHNA\1Visual\NCKH\nckh2\products\fe\model\Dataset_Flood\medium\flood_172.jpg,medium,1,medium,0.484822541475296,38.51369999756571,0.262767493724823,"[0.14614112675189972, 0.484822541475296, 0.22205503284931183, 0.1469813585281372]",high,0.4235294461250305,25.74779999849852,0.10196080803871155,"[0.20000001788139343, 0.32156863808631897, 0.4235294461250305, 0.05098039656877518]"
E:\RHNA\1Visual\NCKH\nckh2\products\fe\model\Dataset_Flood\medium\images (61).jpg,medium,1,low,0.48870113492012024,25.580899993656203,0.1285673975944519,"[0.48870113492012024, 0.36013373732566833, 0.14827369153499603, 0.0028914983849972486]",medium,0.4431372880935669,30.32240000902675,0.09019610285758972,"[0.3529411852359772, 0.4431372880935669, 0.20000001788139343, 0.0]"
E:\RHNA\1Visual\NCKH\nckh2\products\fe\model\Dataset_Flood\medium\807659213_1065873136196298_5615785750511825525_n.jpg,medium,1,medium,0.529599666595459,39.825400002882816,0.13890907168388367,"[0.3906905949115753, 0.529599666595459, 0.014281327836215496, 0.06542845815420151]",low,0.5843137502670288,301.03519999829587,0.2705882489681244,"[0.5843137502670288, 0.3137255012989044, 0.019607843831181526, 0.08235294371843338]"
E:\RHNA\1Visual\NCKH\nckh2\products\fe\model\Dataset_Flood\medium\images - 2025-01-28T152117.659.jpg,medium,1,low,0.43522965908050537,180.56890000298154,0.09737655520439148,"[0.43522965908050537, 0.3378531038761139, 0.20700158178806305, 0.019915573298931122]",medium,0.4078431725502014,274.0457000036258,0.05098041892051697,"[0.20784315466880798, 0.4078431725502014, 0.35686275362968445, 0.02352941408753395]"
E:\RHNA\1Visual\NCKH\nckh2\products\fe\model\Dataset_Flood\medium\image_012.jpg,medium,1,medium,0.7769206166267395,43.245199994998984,0.5895590782165527,"[0.035538025200366974, 0.7769206166267395, 0.18736152350902557, 0.00017981303972192109]",high,0.46666669845581055,228.05560000415426,0.07843136787414551,"[0.12941177189350128, 0.38823533058166504, 0.46666669845581055, 0.011764707043766975]"
E:\RHNA\1Visual\NCKH\nckh2\products\fe\model\Dataset_Flood\medium\images - 2025-01-28T155421.285.jpg,medium,1,medium,0.5538394451141357,47.60940000414848,0.17078560590744019,"[0.38305383920669556, 0.5538394451141357, 0.055254820734262466, 0.007851874455809593]",low,0.43137258291244507,41.57979998853989,0.0156862735748291,"[0.43137258291244507, 0.41568630933761597, 0.09019608050584793, 0.05882353335618973]"
E:\RHNA\1Visual\NCKH\nckh2\products\fe\model\Dataset_Flood\medium\img12.jpg,medium,1,medium,0.5416889190673828,317.66919999790844,0.20256072282791138,"[0.33912819623947144, 0.5416889190673828, 0.11658293008804321, 0.002599867293611169]",low,0.5215686559677124,171.86149999906775,0.12156862020492554,"[0.5215686559677124, 0.40000003576278687, 0.07450980693101883, 0.003921568859368563]"
E:\RHNA\1Visual\NCKH\nckh2\products\fe\model\Dataset_Flood\medium\image_242.jpg,medium,1,medium,0.7599269151687622,271.7402999987826,0.5492687821388245,"[0.028641341254115105, 0.7599269151687622, 0.21065813302993774, 0.0007736405823379755]",high,0.5529412031173706,247.7839000057429,0.14901959896087646,"[0.03529411926865578, 0.40392160415649414, 0.5529412031173706, 0.003921568859368563]"
E:\RHNA\1Visual\NCKH\nckh2\products\fe\model\Dataset_Flood\high\images (22).jpg,high,2,low,0.3496858477592468,27.694100004737265,0.028728187084197998,"[0.3496858477592468, 0.2096538543701172, 0.32095766067504883, 0.11970263719558716]",high,0.41568630933761597,26.138100001844577,0.14901962876319885,"[0.2666666805744171, 0.2549019753932953, 0.41568630933761597, 0.05490196496248245]"
E:\RHNA\1Visual\NCKH\nckh2\products\fe\model\Dataset_Flood\high\Flooded-Home-Car.jpg,high,2,medium,0.5971003770828247,69.87609999487177,0.25684261322021484,"[0.05600006505846977, 0.5971003770828247, 0.34025776386260986, 0.006641810759902]",high,0.5176470875740051,65.59319999360014,0.21176472306251526,"[0.0941176563501358, 0.30588236451148987, 0.5176470875740051, 0.0784313753247261]"
E:\RHNA\1Visual\NCKH\nckh2\products\fe\model\Dataset_Flood\high\OIP (31).webp,high,2,medium,0.5297613739967346,29.09919999365229,0.15543100237846375,"[0.09140085428953171, 0.5297613739967346, 0.3743303716182709, 0.004507454577833414]",high,0.5058823823928833,60.37240001023747,0.16862747073173523,"[0.14509804546833038, 0.33725491166114807, 0.5058823823928833, 0.007843137718737125]"
E:\RHNA\1Visual\NCKH\nckh2\products\fe\model\Dataset_Flood\high\OIP (39).webp,high,2,low,0.4402034282684326,27.70299999974668,0.1706085503101349,"[0.4402034282684326, 0.10359112918376923, 0.26959487795829773, 0.1866106241941452]",high,0.35686275362968445,27.488000006997027,0.10588234663009644,"[0.250980406999588, 0.16078431904315948, 0.35686275362968445, 0.22745099663734436]"
E:\RHNA\1Visual\NCKH\nckh2\products\fe\model\Dataset_Flood\high\1790569740867_6460767276583596373_6460767276583596373_148fba99df2beb60bd9753db9b918adb.jpg,high,2,medium,0.532611072063446,29.55419999489095,0.2761376202106476,"[0.25647345185279846, 0.532611072063446, 0.20158571004867554, 0.009329776279628277]",high,0.364705890417099,30.99800000200048,0.08627450466156006,"[0.2666666805744171, 0.27843138575553894, 0.364705890417099, 0.08627451211214066]"
E:\RHNA\1Visual\NCKH\nckh2\products\fe\model\Dataset_Flood\high\images (5).jpg,high,2,medium,0.47612908482551575,34.610199989401735,0.16783657670021057,"[0.2005433887243271, 0.47612908482551575, 0.3082925081253052, 0.015034953132271767]",non_flood,0.4235294461250305,27.73200000228826,0.21568629145622253,"[0.18039216101169586, 0.20784315466880798, 0.18039216101169586, 0.4235294461250305]"
E:\RHNA\1Visual\NCKH\nckh2\products\fe\model\Dataset_Flood\non_flood\화면 캡처 2025-03-05 172713.jpg,non_flood,3,non_flood,0.751192569732666,34.18040000542533,0.5157358050346375,"[0.23545677959918976, 0.01139749214053154, 0.001953132450580597, 0.751192569732666]",low,0.4705882668495178,32.840700005181134,0.05882352590560913,"[0.4705882668495178, 0.08235294371843338, 0.0313725508749485, 0.4117647409439087]"
E:\RHNA\1Visual\NCKH\nckh2\products\fe\model\Dataset_Flood\non_flood\IMG_5052.jpg,non_flood,3,non_flood,0.4811793863773346,26.850499998545274,0.21521538496017456,"[0.23920242488384247, 0.26596400141716003, 0.013654197566211224, 0.4811793863773346]",low,0.458823561668396,25.857300002826378,0.1882353127002716,"[0.458823561668396, 0.22352942824363708, 0.04313725605607033, 0.2705882489681244]"
E:\RHNA\1Visual\NCKH\nckh2\products\fe\model\Dataset_Flood\non_flood\화면 캡처 2025-03-05 153209.jpg,non_flood,3,non_flood,0.8237307071685791,30.805100002908148,0.6554076075553894,"[0.1683230996131897, 0.007494483143091202, 0.0004517695924732834, 0.8237307071685791]",low,0.6235294342041016,32.31640000012703,0.3176470696926117,"[0.6235294342041016, 0.05882353335618973, 0.007843137718737125, 0.30588236451148987]"
E:\RHNA\1Visual\NCKH\nckh2\products\fe\model\Dataset_Flood\non_flood\화면 캡처 2025-03-05 172439.jpg,non_flood,3,non_flood,0.7007942795753479,28.340100005152635,0.44722703099250793,"[0.25356724858283997, 0.04414370283484459, 0.001494753174483776, 0.7007942795753479]",low,0.5176470875740051,30.992100000730716,0.21176472306251526,"[0.5176470875740051, 0.13725490868091583, 0.03529411926865578, 0.30588236451148987]"
