epoch,train_acc,train_macro_f1,train_balanced_acc,train_critical_error_rate,train_critical_error_count,train_num_samples,train_mean_severity_distance,train_low_precision,train_low_recall,train_low_f1,train_low_support,train_medium_precision,train_medium_recall,train_medium_f1,train_medium_support,train_high_precision,train_high_recall,train_high_f1,train_high_support,train_non_flood_precision,train_non_flood_recall,train_non_flood_f1,train_non_flood_support,train_loss,train_ce_loss,train_severity_loss,train_severity_penalty,val_acc,val_macro_f1,val_balanced_acc,val_critical_error_rate,val_critical_error_count,val_num_samples,val_mean_severity_distance,val_low_precision,val_low_recall,val_low_f1,val_low_support,val_medium_precision,val_medium_recall,val_medium_f1,val_medium_support,val_high_precision,val_high_recall,val_high_f1,val_high_support,val_non_flood_precision,val_non_flood_recall,val_non_flood_f1,val_non_flood_support,val_loss,val_ce_loss,val_severity_loss,val_severity_penalty,lr_backbone,lr_head
1,0.5954583683767872,0.5576200411438896,0.5568084804717354,0.1312026913372582,156,1189,0.5836837678721615,0.6549295774647887,0.3522727272727273,0.458128078817734,264,0.5016393442622951,0.5503597122302158,0.5248713550600344,278,0.6077348066298343,0.4489795918367347,0.5164319248826291,245,0.6274509803921569,0.8756218905472637,0.731048805815161,402,1.1596984348445505,1.064855736077985,0.9484270175431735,0.09484270175431736,0.7276264591439688,0.7006340952204078,0.7051448413652406,0.054474708171206226,14,257,0.33073929961089493,0.640625,0.7192982456140351,0.6776859504132231,57,0.6818181818181818,0.4918032786885246,0.5714285714285714,61,0.631578947368421,0.6792452830188679,0.6545454545454545,53,0.8695652173913043,0.9302325581395349,0.898876404494382,86,0.9241453133204568,0.8536449668472379,0.7050033241858278,0.07050033241858278,1e-05,0.0002
2,0.7560975609756098,0.7347491162571085,0.7340991972572635,0.0496215306980656,59,1189,0.3036164844407065,0.7016129032258065,0.6590909090909091,0.6796875,264,0.6706827309236948,0.6007194244604317,0.6337760910815939,278,0.7298387096774194,0.7387755102040816,0.7342799188640974,245,0.8490990990990991,0.9378109452736318,0.8912529550827423,402,0.822332638542225,0.7622860921241337,0.6004654770142096,0.06004654770142096,0.7315175097276264,0.7066836812599525,0.7096176302040248,0.038910505836575876,10,257,0.3151750972762646,0.6666666666666666,0.6666666666666666,0.6666666666666666,57,0.6274509803921569,0.5245901639344263,0.5714285714285714,61,0.6551724137931034,0.7169811320754716,0.6846846846846847,53,0.8791208791208791,0.9302325581395349,0.903954802259887,86,0.8213180317489089,0.7666059969000315,0.5471201995931246,0.05471201995931246,1e-05,0.0002
3,0.7922624053826746,0.7750375055477072,0.7745204820553604,0.02691337258200168,32,1189,0.23885618166526493,0.7357723577235772,0.6856060606060606,0.7098039215686275,264,0.704119850187266,0.6762589928057554,0.689908256880734,278,0.7768924302788844,0.7959183673469388,0.7862903225806451,245,0.8894117647058823,0.9402985074626866,0.9141475211608222,402,0.7192604103140514,0.6704950590811426,0.487653516514949,0.0487653516514949,0.7392996108949417,0.7156388996205929,0.7178143515155002,0.038910505836575876,10,257,0.30739299610894943,0.6551724137931034,0.6666666666666666,0.6608695652173913,57,0.6415094339622641,0.5573770491803278,0.5964912280701754,61,0.6666666666666666,0.7169811320754716,0.6909090909090909,53,0.898876404494382,0.9302325581395349,0.9142857142857143,86,0.7914830830078644,0.742725025007233,0.4875805245763133,0.04875805245763133,1e-05,0.0002
4,0.6846089150546678,0.6593321030242627,0.6579039204047833,0.0782169890664424,93,1189,0.41379310344827586,0.6150627615062761,0.5568181818181818,0.584493041749503,264,0.6286919831223629,0.5359712230215827,0.5786407766990291,278,0.6652542372881356,0.6408163265306123,0.6528066528066528,245,0.7568134171907757,0.8980099502487562,0.8213879408418657,402,0.9605975146049005,0.8866656143891901,0.7393190184493743,0.07393190184493743,0.7704280155642024,0.750316320393434,0.7487019633691367,0.03501945525291829,9,257,0.26459143968871596,0.6779661016949152,0.7017543859649122,0.6896551724137931,57,0.6567164179104478,0.7213114754098361,0.6875,61,0.7555555555555555,0.6415094339622641,0.6938775510204082,53,0.9302325581395349,0.9302325581395349,0.9302325581395349,86,0.7793354749215716,0.7353857382262263,0.4394974059168003,0.04394974059168003,1e-05,0.0002
5,0.7485281749369218,0.7299743249583872,0.7292030777393979,0.0479394449116905,57,1189,0.3103448275862069,0.688212927756654,0.6856060606060606,0.6869070208728653,264,0.656934306569343,0.6474820143884892,0.6521739130434783,278,0.7088607594936709,0.6857142857142857,0.6970954356846473,245,0.8698795180722891,0.8980099502487562,0.8837209302325582,402,0.8030848888612977,0.7469986671154192,0.5608622513216418,0.056086225132164186,0.7470817120622568,0.7232578192824797,0.725924248900472,0.0311284046692607,8,257,0.2840466926070039,0.6666666666666666,0.7368421052631579,0.7,57,0.6296296296296297,0.5573770491803278,0.591304347826087,61,0.6428571428571429,0.6792452830188679,0.6605504587155964,53,0.9523809523809523,0.9302325581395349,0.9411764705882353,86,0.7786880534446657,0.7362458625888082,0.4244219927472363,0.04244219927472363,1e-05,0.0002
6,0.7788057190916736,0.760693248928632,0.7598983615975993,0.04121110176619008,49,1189,0.2691337258200168,0.6956521739130435,0.7272727272727273,0.7111111111111111,264,0.6900369003690037,0.6726618705035972,0.6812386156648452,278,0.7575757575757576,0.7142857142857143,0.7352941176470589,245,0.9051094890510949,0.9253731343283582,0.915129151291513,402,0.731752835771835,0.6841825983722838,0.4757023319363895,0.047570233193638956,0.7470817120622568,0.7248573029463287,0.7234931789583728,0.0311284046692607,8,257,0.2840466926070039,0.7142857142857143,0.7017543859649122,0.7079646017699115,57,0.5909090909090909,0.639344262295082,0.6141732283464567,61,0.673469387755102,0.6226415094339622,0.6470588235294118,53,0.9302325581395349,0.9302325581395349,0.9302325581395349,86,0.7834546572967263,0.7424080578269662,0.410465949704211,0.0410465949704211,1e-05,0.0002
7,0.8023549201009251,0.7864005819722666,0.7848635990274597,0.031118587047939444,37,1189,0.23717409587888982,0.7216117216117216,0.7462121212121212,0.7337057728119181,264,0.7432950191570882,0.697841726618705,0.7198515769944341,278,0.7974137931034483,0.7551020408163265,0.7756813417190775,245,0.8936170212765957,0.9402985074626866,0.9163636363636364,402,0.6756722568162256,0.6331751330045214,0.42497121971930846,0.04249712197193085,0.7509727626459144,0.728172174622603,0.7312598505088853,0.0311284046692607,8,257,0.2801556420233463,0.7368421052631579,0.7368421052631579,0.7368421052631579,57,0.6226415094339622,0.5409836065573771,0.5789473684210527,61,0.6229508196721312,0.7169811320754716,0.6666666666666666,53,0.9302325581395349,0.9302325581395349,0.9302325581395349,86,0.7889237602165237,0.7481365493763281,0.40787213113057474,0.040787213113057476,1e-05,0.0002
8,0.8174936921783011,0.8019989944091976,0.8011711361672438,0.023549201009251473,28,1189,0.2094196804037006,0.7389705882352942,0.7613636363636364,0.75,264,0.7622641509433963,0.7266187050359713,0.7440147329650092,278,0.7941176470588235,0.7714285714285715,0.782608695652174,245,0.9178743961352657,0.945273631840796,0.9313725490196079,402,0.6400485027728711,0.6016566283668762,0.3839187128790494,0.038391871287904944,0.7354085603112841,0.7093662295129077,0.7142477874095967,0.0311284046692607,8,257,0.29571984435797666,0.6461538461538462,0.7368421052631579,0.6885245901639344,57,0.6,0.4918032786885246,0.5405405405405406,61,0.6491228070175439,0.6981132075471698,0.6727272727272727,53,0.9411764705882353,0.9302325581395349,0.935672514619883,86,0.7795350407811918,0.7396980018467291,0.3983703594263426,0.03983703594263426,5e-06,0.0001
9,0.8502943650126157,0.8368578814630225,0.8367180474046261,0.021867115222876366,26,1189,0.1774600504625736,0.8050541516245487,0.8446969696969697,0.8243992606284658,264,0.8,0.7338129496402878,0.7654784240150094,278,0.8148148148148148,0.8081632653061225,0.8114754098360656,245,0.9323671497584541,0.9601990049751243,0.946078431372549,402,0.5994503317358516,0.5632753447387477,0.36174981752246044,0.036174981752246045,0.7431906614785992,0.7190166655422204,0.7227755249408669,0.023346303501945526,6,257,0.2801556420233463,0.6721311475409836,0.7192982456140351,0.6949152542372882,57,0.6037735849056604,0.5245901639344263,0.5614035087719298,61,0.6440677966101694,0.7169811320754716,0.6785714285714286,53,0.9523809523809523,0.9302325581395349,0.9411764705882353,86,0.7797809656028154,0.7395225524438495,0.40258422482338396,0.0402584224823384,5e-06,0.0001
10,0.8502943650126157,0.8372808598054718,0.8373939550489036,0.018502943650126155,22,1189,0.17157275021026072,0.7852112676056338,0.8446969696969697,0.8138686131386861,264,0.779467680608365,0.737410071942446,0.7578558225508318,278,0.8396624472573839,0.8122448979591836,0.8257261410788381,245,0.9481481481481482,0.9552238805970149,0.9516728624535316,402,0.5871561958170218,0.5529627632553383,0.3419343221578606,0.034193432215786065,0.7392996108949417,0.7160880356036388,0.7178143515155002,0.019455252918287938,5,257,0.2801556420233463,0.6785714285714286,0.6666666666666666,0.672566371681416,57,0.5862068965517241,0.5573770491803278,0.5714285714285714,61,0.6551724137931034,0.7169811320754716,0.6846846846846847,53,0.9411764705882353,0.9302325581395349,0.935672514619883,86,0.7807776475694856,0.7398019746119874,0.4097567040632671,0.040975670406326714,5e-06,0.0001
11,0.8595458368376787,0.8486349251365342,0.8486542205053005,0.015138772077375946,18,1189,0.15727502102607233,0.8202247191011236,0.8295454545454546,0.8248587570621468,264,0.7805755395683454,0.7805755395683454,0.7805755395683454,278,0.8436213991769548,0.8367346938775511,0.8401639344262295,245,0.9501246882793017,0.9477611940298507,0.9489414694894147,402,0.5659386620890503,0.5331654218789206,0.3277323948073728,0.032773239480737286,0.7315175097276264,0.7060308195339998,0.7071890053397977,0.027237354085603113,7,257,0.29571984435797666,0.6551724137931034,0.6666666666666666,0.6608695652173913,57,0.5789473684210527,0.5409836065573771,0.559322033898305,61,0.6666666666666666,0.6792452830188679,0.6728971962616822,53,0.9204545454545454,0.9418604651162791,0.9310344827586207,86,0.7783130482708898,0.7379476183351376,0.403654319303045,0.04036543193030451,5e-06,0.0001
