path,relative_path,label,label_idx,file_name,md5,source_group,dhash,perceptual_group,group_size
/content/flood_dataset_v4/Dataset_Flood/low/images - 2025-01-28T164330.238.jpg,low/images - 2025-01-28T164330.238.jpg,low,0,images - 2025-01-28T164330.238.jpg,604f7467c85f9d986bcdc5ec7d038340,,f690e8c9f0e0f0f4,ph_7e7438a11978315f,2
/content/flood_dataset_v4/Dataset_Flood/low/images - 2025-01-28T151753.297.jpg,low/images - 2025-01-28T151753.297.jpg,low,0,images - 2025-01-28T151753.297.jpg,75b6cb148c258d0c425d5c1ccf1318f7,,d8dc6a48787a6c7c,ph_84502d301339835a,2
/content/flood_dataset_v4/Dataset_Flood/low/2181320_617865_910.jpg,low/2181320_617865_910.jpg,low,0,2181320_617865_910.jpg,0a81fee79136bd9a8552aed9c0277a7d,,f690e8c9f0e0f0f4,ph_7e7438a11978315f,2
/content/flood_dataset_v4/Dataset_Flood/low/images (12) 2.png,low/images (12) 2.png,low,0,images (12) 2.png,d7346b95feac7da35c324a2cd5bc7406,,d8dc6a48787a6c7c,ph_84502d301339835a,2
/content/flood_dataset_v4/Dataset_Flood/medium/bo-doi-dam-minh-trong-dong-nuoc-giai-cuu-nguoi-dan-o-khu-dan-cu-duong-me-suot-phoa-khanh-tpda-nanganh-ngoc-han-1762190471385332925795.webp,medium/bo-doi-dam-minh-trong-dong-nuoc-giai-cuu-nguoi-dan-o-khu-dan-cu-duong-me-suot-phoa-khanh-tpda-nanganh-ngoc-han-1762190471385332925795.webp,medium,1,bo-doi-dam-minh-trong-dong-nuoc-giai-cuu-nguoi-dan-o-khu-dan-cu-duong-me-suot-phoa-khanh-tpda-nanganh-ngoc-han-1762190471385332925795.webp,7213bf998a84674e033acdf694341ae3,,0d85c5cb9e1694ce,ph_a74875275afb83ee,2
/content/flood_dataset_v4/Dataset_Flood/medium/image_0040.jpg,medium/image_0040.jpg,medium,1,image_0040.jpg,efbf24ae00095b3dac0b4b96b0644c12,,6c6ccad6460f8563,ph_060937cdeb34640f,2
/content/flood_dataset_v4/Dataset_Flood/medium/images (45).jpg,medium/images (45).jpg,medium,1,images (45).jpg,7c0f4a0b4399abe45dc6ee961f5aac41,,f8fccca5353131b1,ph_0a93e2c7dbe6fd8c,2
/content/flood_dataset_v4/Dataset_Flood/medium/images (2).jpg,medium/images (2).jpg,medium,1,images (2).jpg,1d45f7b597e8961ac7a66ac5ef24c5c7,,9709231a26a5348c,ph_a54628be8ca6ff3d,2
/content/flood_dataset_v4/Dataset_Flood/medium/images (9).jpg,medium/images (9).jpg,medium,1,images (9).jpg,390231d508789088a551a625e1917617,,5c72597b73b3f3f2,ph_43f257e5dca39795,2
/content/flood_dataset_v4/Dataset_Flood/medium/images (10).jpg,medium/images (10).jpg,medium,1,images (10).jpg,f76f62e779c47ccad6e3ba52667bf156,,9709231a26a5348c,ph_a54628be8ca6ff3d,2
/content/flood_dataset_v4/Dataset_Flood/medium/lam-dong-1764843506279818449019.jpg,medium/lam-dong-1764843506279818449019.jpg,medium,1,lam-dong-1764843506279818449019.jpg,61e372f5b3ddb3bbb39c08c17eedab8f,,86d3436e66d65646,ph_655e2dd79f2a072d,2
/content/flood_dataset_v4/Dataset_Flood/medium/quangbinh-6177.jpeg,medium/quangbinh-6177.jpeg,medium,1,quangbinh-6177.jpeg,bfae111d4018391b0d517bcaf25f6fdc,,f8fccca5353131b1,ph_0a93e2c7dbe6fd8c,2
/content/flood_dataset_v4/Dataset_Flood/medium/ngap-nha-trangtran-minh-13jpg-1763432387289.webp,medium/ngap-nha-trangtran-minh-13jpg-1763432387289.webp,medium,1,ngap-nha-trangtran-minh-13jpg-1763432387289.webp,1cb0c562421297c345979b0d9bacda1a,,8a1c6c2c84c0c0c0,ph_76c697b965fb391d,2
/content/flood_dataset_v4/Dataset_Flood/medium/images (30).jpg,medium/images (30).jpg,medium,1,images (30).jpg,939ce822dbc5ce2205945e80e7796395,,8a1c6c2c8480c0c0,ph_76c697b965fb391d,2
/content/flood_dataset_v4/Dataset_Flood/medium/image_0159.jpg,medium/image_0159.jpg,medium,1,image_0159.jpg,f40bbea9b575d747b7c1131b78df5b04,,2c1d5ab6f2594cd2,ph_6d32ae5d1738bc56,2
/content/flood_dataset_v4/Dataset_Flood/medium/images (18).jpg,medium/images (18).jpg,medium,1,images (18).jpg,b71753acc17b2ad1c32da9dd192a5eed,,0d85c5cb9e1696ce,ph_a74875275afb83ee,2
/content/flood_dataset_v4/Dataset_Flood/medium/images (35).jpg,medium/images (35).jpg,medium,1,images (35).jpg,f4177d189c41cc1325ce1b206c96853e,,8a1c282c80c0c0e0,ph_26d92e503851657a,3
/content/flood_dataset_v4/Dataset_Flood/medium/495506_cb88027be2a04250912bb0314373e489.webp,medium/495506_cb88027be2a04250912bb0314373e489.webp,medium,1,495506_cb88027be2a04250912bb0314373e489.webp,a1c4fac19b9823643e068f9a2d9e1c05,,b958d92d2766e9c9,ph_54045a9e826c67a5,2
/content/flood_dataset_v4/Dataset_Flood/medium/flood_6146.jpg,medium/flood_6146.jpg,medium,1,flood_6146.jpg,06e23f6d9f3008a2106476d91a37ed2c,,6c6ccad6460f8463,ph_060937cdeb34640f,2
/content/flood_dataset_v4/Dataset_Flood/medium/image_0161.jpg,medium/image_0161.jpg,medium,1,image_0161.jpg,756785049364eadee41eae9f96e7c78e,,69e2c14c1272f2f2,ph_b13e2d628682cc91,2
/content/flood_dataset_v4/Dataset_Flood/medium/images (13).jpg,medium/images (13).jpg,medium,1,images (13).jpg,c5ed07ae3c08e5270af28aeb3da83c6b,,c0869f1a52a7c7c0,ph_28bc81c9350346c0,2
/content/flood_dataset_v4/Dataset_Flood/medium/flood_6265.jpg,medium/flood_6265.jpg,medium,1,flood_6265.jpg,72550a284186e3632a92879a07992686,,2c1d5ab6f2594cd2,ph_6d32ae5d1738bc56,2
/content/flood_dataset_v4/Dataset_Flood/medium/14-10-ngap-lut-da-nang-29-16972541757961664384926_a24b8.jpg,medium/14-10-ngap-lut-da-nang-29-16972541757961664384926_a24b8.jpg,medium,1,14-10-ngap-lut-da-nang-29-16972541757961664384926_a24b8.jpg,0178bc48c620cfb9215bb00cae060d44,,5c72497b73b3f3f2,ph_43f257e5dca39795,2
/content/flood_dataset_v4/Dataset_Flood/medium/images (16).jpg,medium/images (16).jpg,medium,1,images (16).jpg,76aab370d92094268e1dede0b60e6b00,,86d3436e66d65646,ph_655e2dd79f2a072d,2
/content/flood_dataset_v4/Dataset_Flood/medium/lu-ky-luc-tren-hai-song-o-mien-trung-ngap-lut-lan-rong-tai-6-tinh-thanh-904.jpg,medium/lu-ky-luc-tren-hai-song-o-mien-trung-ngap-lut-lan-rong-tai-6-tinh-thanh-904.jpg,medium,1,lu-ky-luc-tren-hai-song-o-mien-trung-ngap-lut-lan-rong-tai-6-tinh-thanh-904.jpg,6fb623a6ec5e358cf20cfde7306ab8ad,,c0869f1a52a7c7c0,ph_28bc81c9350346c0,2
/content/flood_dataset_v4/Dataset_Flood/medium/img12.jpg,medium/img12.jpg,medium,1,img12.jpg,51ed7550ae2da0116ec4322c913df2c1,,8a3c282c80e0c0c0,ph_26d92e503851657a,3
/content/flood_dataset_v4/Dataset_Flood/medium/images (14).jpg,medium/images (14).jpg,medium,1,images (14).jpg,8aab639a0f4725a016db2f5321c5b15d,,b958d92d2766e9c9,ph_54045a9e826c67a5,2
/content/flood_dataset_v4/Dataset_Flood/medium/flood_6267.jpg,medium/flood_6267.jpg,medium,1,flood_6267.jpg,ce2ed02f9a5c31b315f4c5d2cc69d36b,,69e2c14c1272f2f2,ph_b13e2d628682cc91,2
/content/flood_dataset_v4/Dataset_Flood/medium/images (5).jpg,medium/images (5).jpg,medium,1,images (5).jpg,65a16a00c351b93c5c6fd6018cbfaba4,,8a3c282c80c0c0e0,ph_26d92e503851657a,3
/content/flood_dataset_v4/Dataset_Flood/high/floods_cambodia_avid_w.jpg,high/floods_cambodia_avid_w.jpg,high,2,floods_cambodia_avid_w.jpg,3d3299a8f618baba12929c82f1f53fd8,,6262e8206ce4c9f1,ph_dcde77e70b5fb0fa,2
/content/flood_dataset_v4/Dataset_Flood/high/OIP (30).webp,high/OIP (30).webp,high,2,OIP (30).webp,56b4cce62bc9a360c2cd875495bed7cc,,cbc3eb68ce0f6b0e,ph_c352ef78bc5317a5,2
/content/flood_dataset_v4/Dataset_Flood/high/OIP (12).webp,high/OIP (12).webp,high,2,OIP (12).webp,d23f15e2630d78c7f97887cbdee392d1,,88688e9c8c9cd0f0,ph_7ea33f1c77b41972,2
"/content/flood_dataset_v4/Dataset_Flood/high/huracán Sandy 26-10-12, Santo Domingo.jpg","high/huracán Sandy 26-10-12, Santo Domingo.jpg",high,2,"huracán Sandy 26-10-12, Santo Domingo.jpg",3ef17bd7a9310d08e3752f63f82e9bd8,,a4c6e953960cc2b1,ph_20f8ffaa1d40967c,2
/content/flood_dataset_v4/Dataset_Flood/high/OIP.webp,high/OIP.webp,high,2,OIP.webp,7e757cb0f4fa159e8b1784d2ba495d7f,,202336bb630517b8,ph_26267a99e614d87b,2
/content/flood_dataset_v4/Dataset_Flood/high/OIP (18).webp,high/OIP (18).webp,high,2,OIP (18).webp,b205159d8ca30dfc9c263a80fa714b2e,,f8ccc2f6fcb127d6,ph_471a9d578a8a0578,2
/content/flood_dataset_v4/Dataset_Flood/high/OIP (23).webp,high/OIP (23).webp,high,2,OIP (23).webp,432a633e23d09e40214b16eeb4ab97a7,,f298d089fff2f2fc,ph_c2fa59bb9df2d3dc,2
/content/flood_dataset_v4/Dataset_Flood/high/Shutterstock_11767669j (1).jpg,high/Shutterstock_11767669j (1).jpg,high,2,Shutterstock_11767669j (1).jpg,fb85cbf4fc2ce88fb3efb29c4e21af6d,,faf3b1f8ccbcdcfc,ph_cddc8c34667f4b38,2
/content/flood_dataset_v4/Dataset_Flood/high/OIP (17).webp,high/OIP (17).webp,high,2,OIP (17).webp,ab989bdaf5feb060af5d3ee13a7922e6,,faf3b1f8ccbcdcfc,ph_cddc8c34667f4b38,2
/content/flood_dataset_v4/Dataset_Flood/high/OIP (4).webp,high/OIP (4).webp,high,2,OIP (4).webp,5f605107325e1a736e7b85e1bc579d9e,,f6989089fff2f2fc,ph_c2fa59bb9df2d3dc,2
/content/flood_dataset_v4/Dataset_Flood/high/flood_1258.jpg,high/flood_1258.jpg,high,2,flood_1258.jpg,6caa7dffa08a24b8251edb232f604a64,,cbc3eb68860e6b0e,ph_c352ef78bc5317a5,2
/content/flood_dataset_v4/Dataset_Flood/high/img57.jpg,high/img57.jpg,high,2,img57.jpg,5677627e22fa2bf954b319020f19da4c,,222336bb630517b8,ph_26267a99e614d87b,2
/content/flood_dataset_v4/Dataset_Flood/high/Shutterstock_1010256c.jpg,high/Shutterstock_1010256c.jpg,high,2,Shutterstock_1010256c.jpg,8722b6541dd54707c3ccda81ee5cd650,,f8dcc2f6fcb127f6,ph_471a9d578a8a0578,2
/content/flood_dataset_v4/Dataset_Flood/high/img44.jpg,high/img44.jpg,high,2,img44.jpg,b1d7946801c8e1070d01398b940449fd,,74900d415ce05158,ph_7787871bada9d463,2
/content/flood_dataset_v4/Dataset_Flood/high/Shutterstock_11767646k.jpg,high/Shutterstock_11767646k.jpg,high,2,Shutterstock_11767646k.jpg,c5729d255c5c98723e0235201d061e9d,,886a8e9c8c9cd0f0,ph_7ea33f1c77b41972,2
/content/flood_dataset_v4/Dataset_Flood/high/Song-Lo-Ngap-Lut.jpg,high/Song-Lo-Ngap-Lut.jpg,high,2,Song-Lo-Ngap-Lut.jpg,1a9a62d6628286b057fcb6bec99308ab,,74900d415ce05158,ph_7787871bada9d463,2
/content/flood_dataset_v4/Dataset_Flood/high/OIP (36).webp,high/OIP (36).webp,high,2,OIP (36).webp,0780f015c2dd13863e7879ec622459a2,,626268206ce4c9f1,ph_dcde77e70b5fb0fa,2
/content/flood_dataset_v4/Dataset_Flood/high/OIP (3).webp,high/OIP (3).webp,high,2,OIP (3).webp,acb96a7108868a1f7138d2e90a9c8341,,a4c6e953960c82b1,ph_20f8ffaa1d40967c,2
/content/flood_dataset_v4/Dataset_Flood/non_flood/images (22)1.jpg,non_flood/images (22)1.jpg,non_flood,3,images (22)1.jpg,ef75b28a4bd4ad65b13e5a57b02a8887,,e9d034c49a8b63e1,ph_cded61b207bcffd1,2
/content/flood_dataset_v4/Dataset_Flood/non_flood/다운로드 (43).jpg,non_flood/다운로드 (43).jpg,non_flood,3,다운로드 (43).jpg,7c5088d19df314254da12643145b38e8,,e9d034c49a8b63e1,ph_cded61b207bcffd1,2
